[ID 3] Error: 0xE2
DATA: dry_enclosure: ✅ PID_P: 0.010343
DATA: dry_enclosure: ✅ PID_I: 169.770859
DATA: dry_enclosure: ✅ PID_D: 0.000000
Loop is running, OTA handle is active...
DATA: dry_enclosure: ✅ PID_P: 0.010343
DATA: dry_enclosure: ✅ PID_I: 169.781204
DATA: dry_enclosure: ✅ PID_D: 0.000000
DATA: dry_enclosure: ✅ Sensor_4: temperature: 26.69 °C | humidity: 26.50 %RH
DATA: dry_enclosure: ✅ PID_P: 0.010238
DATA: dry_enclosure: ✅ PID_I: 169.792847
DATA: dry_enclosure: ✅ PID_D: -0.000092
DATA: dry_enclosure: ✅ PID_P: 0.010238
DATA: dry_enclosure: ✅ PID_I: 169.803085
DATA: dry_enclosure: ✅ PID_D: 0.000000
DATA: dry_enclosure: ✅ PID_P: 0.010238
DATA: dry_enclosure: ✅ PID_I: 169.813324
DATA: dry_enclosure: ✅ PID_D: 0.000000
[ID 5] Error: 0xE2
DATA: dry_enclosure: ✅ PID_P: 0.010238
DATA: dry_enclosure: ✅ PID_I: 169.875977
DATA: dry_enclosure: ✅ PID_D: 0.000000
DATA: dry_enclosure: ✅ Fan_1: 1
DATA: dry_enclosure: ✅ Fan_2: 1
DATA: dry_enclosure: ✅ Fan_3: 1
DATA: dry_enclosure: ✅ Fan_4: 1
DATA: dry_enclosure: ✅ Fan_5: 1
DATA: dry_enclosure: ✅ Fan_6: 1
DATA: dry_enclosure: ✅ Fan_7: 1
DATA: dry_enclosure: ✅ Fan_8: 1
DATA: dry_enclosure: ✅ Fan_9: 1
DATA: dry_enclosure: ✅ Fan_10: 1
DATA: dry_enclosure: ✅ Fan_11: 1
DATA: dry_enclosure: ✅ Fan_12: 1
DATA: dry_enclosure: ✅ Heater_Percent: 0.0 %
DATA: dry_enclosure: ✅ Dehumidifier_Percent: 100.0 %RH
Loop is running, OTA handle is active...
DATA: dry_enclosure: ✅ PID_P: 0.010238
DATA: dry_enclosure: ✅ PID_I: 169.886215
DATA: dry_enclosure: ✅ PID_D: 0.000000
DATA: dry_enclosure: ✅ Sensor_6: temperature: 27.07 °C | humidity: 27.10 %RH
DATA: dry_enclosure: ✅ PID_P: 0.010134
DATA: dry_enclosure: ✅ PID_I: 169.897964
DATA: dry_enclosure: ✅ PID_D: -0.000090
DATA: dry_enclosure: ✅ PID_P: 0.010134
DATA: dry_enclosure: ✅ PID_I: 169.908096
DATA: dry_enclosure: ✅ PID_D: 0.000000
DATA: dry_enclosure: ✅ Sensor_7: temperature: 27.53 °C | humidity: 25.10 %RH
DATA: dry_enclosure: ✅ PID_P: 0.010029
DATA: dry_enclosure: ✅ PID_I: 169.919250
DATA: dry_enclosure: ✅ PID_D: -0.000094
Loop is running, OTA handle is active...
DATA: dry_enclosure: ✅ PID_P: 0.010029
DATA: dry_enclosure: ✅ PID_I: 169.929276
DATA: dry_enclosure: ✅ PID_D: 0.000000
DATA: dry_enclosure: ✅ Sensor_8: temperature: 26.69 °C | humidity: 26.10 %RH
DATA: dry_enclosure: ✅ PID_P: 0.009925
DATA: dry_enclosure: ✅ PID_I: 169.940048
DATA: dry_enclosure: ✅ PID_D: -0.000096
DATA: dry_enclosure: ✅ PID_P: 0.009925
DATA: dry_enclosure: ✅ PID_I: 169.949966
DATA: dry_enclosure: ✅ PID_D: 0.000000
DATA: dry_enclosure: ✅ Sensor_9: temperature: 27.07 °C | humidity: 25.50 %RH
DATA: dry_enclosure: ✅ PID_P: 0.009820
DATA: dry_enclosure: ✅ PID_I: 169.961136
DATA: dry_enclosure: ✅ PID_D: -0.000092
DATA: dry_enclosure: ✅ PID_P: 0.009820
DATA: dry_enclosure: ✅ PID_I: 169.970963
DATA: dry_enclosure: ✅ PID_D: 0.000000
Loop is running, OTA handle is active...
DATA: dry_enclosure: ✅ PID_P: 0.009820
DATA: dry_enclosure: ✅ PID_I: 169.980789
DATA: dry_enclosure: ✅ PID_D: 0.000000
DATA: dry_enclosure: ✅ Sensor_1: temperature: 26.97 °C | humidity: 27.20 %RH
DATA: dry_enclosure: ✅ PID_P: 0.009716
DATA: dry_enclosure: ✅ PID_I: 169.990509
DATA: dry_enclosure: ✅ PID_D: -0.000104
DATA: dry_enclosure: ✅ PID_P: 0.009716
DATA: dry_enclosure: ✅ PID_I: 170.000229
DATA: dry_enclosure: ✅ PID_D: 0.000000
DATA: dry_enclosure: ✅ Sensor_2: temperature: 27.53 °C | humidity: 26.60 %RH
DATA: dry_enclosure: ✅ PID_P: 0.009507
DATA: dry_enclosure: ✅ PID_I: 170.009735
DATA: dry_enclosure: ✅ PID_D: -0.000209
DATA: dry_enclosure: ✅ PID_P: 0.009507
DATA: dry_enclosure: ✅ PID_I: 170.019241
DATA: dry_enclosure: ✅ PID_D: 0.000000
[ID 3] Error: 0xE2
DATA: dry_enclosure: ✅ PID_P: 0.009507
DATA: dry_enclosure: ✅ PID_I: 170.079895
DATA: dry_enclosure: ✅ PID_D: 0.000000
Loop is running, OTA handle is active...
DATA: dry_enclosure: ✅ PID_P: 0.009507
DATA: dry_enclosure: ✅ PID_I: 170.089401
DATA: dry_enclosure: ✅ PID_D: 0.000000
DATA: dry_enclosure: ✅ Sensor_4: temperature: 26.69 °C | humidity: 26.40 %RH
DATA: dry_enclosure: ✅ PID_P: 0.009402
DATA: dry_enclosure: ✅ PID_I: 170.100067
DATA: dry_enclosure: ✅ PID_D: -0.000092
DATA: dry_enclosure: ✅ PID_P: 0.009402
DATA: dry_enclosure: ✅ PID_I: 170.109467
DATA: dry_enclosure: ✅ PID_D: 0.000000
[ID 5] Error: 0xE2
DATA: dry_enclosure: ✅ PID_P: 0.009402
DATA: dry_enclosure: ✅ PID_I: 170.176376
DATA: dry_enclosure: ✅ PID_D: 0.000000
DATA: dry_enclosure: ✅ Fan_1: 1
DATA: dry_enclosure: ✅ Fan_2: 1
DATA: dry_enclosure: ✅ Fan_3: 1
DATA: dry_enclosure: ✅ Fan_4: 1
DATA: dry_enclosure: ✅ Fan_5: 1
DATA: dry_enclosure: ✅ Fan_6: 1
DATA: dry_enclosure: ✅ Fan_7: 1
DATA: dry_enclosure: ✅ Fan_8: 1
DATA: dry_enclosure: ✅ Fan_9: 1
DATA: dry_enclosure: ✅ Fan_10: 1
DATA: dry_enclosure: ✅ Fan_11: 1
DATA: dry_enclosure: ✅ Fan_12: 1
DATA: dry_enclosure: ✅ Heater_Percent: 0.0 %
DATA: dry_enclosure: ✅ Dehumidifier_Percent: 100.0 %RH
Loop is running, OTA handle is active...
DATA: dry_enclosure: ✅ PID_P: 0.009402
DATA: dry_enclosure: ✅ PID_I: 170.185776
DATA: dry_enclosure: ✅ PID_D: 0.000000
DATA: dry_enclosure: ✅ Sensor_6: temperature: 27.07 °C | humidity: 26.90 %RH
DATA: dry_enclosure: ✅ PID_P: 0.009193
DATA: dry_enclosure: ✅ PID_I: 170.196350
DATA: dry_enclosure: ✅ PID_D: -0.000182
DATA: dry_enclosure: ✅ PID_P: 0.009193
DATA: dry_enclosure: ✅ PID_I: 170.205536
DATA: dry_enclosure: ✅ PID_D: 0.000000
DATA: dry_enclosure: ✅ Sensor_7: temperature: 27.53 °C | humidity: 25.00 %RH
DATA: dry_enclosure: ✅ PID_P: 0.009089
DATA: dry_enclosure: ✅ PID_I: 170.215607
DATA: dry_enclosure: ✅ PID_D: -0.000094
Loop is running, OTA handle is active...
DATA: dry_enclosure: ✅ PID_P: 0.009089
DATA: dry_enclosure: ✅ PID_I: 170.224701
DATA: dry_enclosure: ✅ PID_D: 0.000000
DATA: dry_enclosure: ✅ Sensor_8: temperature: 26.69 °C | humidity: 25.90 %RH
DATA: dry_enclosure: ✅ PID_P: 0.008880
DATA: dry_enclosure: ✅ PID_I: 170.234390
DATA: dry_enclosure: ✅ PID_D: -0.000192
DATA: dry_enclosure: ✅ PID_P: 0.008880
DATA: dry_enclosure: ✅ PID_I: 170.243271
DATA: dry_enclosure: ✅ PID_D: 0.000000
DATA: dry_enclosure: ✅ Sensor_9: temperature: 27.07 °C | humidity: 25.40 %RH
DATA: dry_enclosure: ✅ PID_P: 0.008776
DATA: dry_enclosure: ✅ PID_I: 170.253220
DATA: dry_enclosure: ✅ PID_D: -0.000092
DATA: dry_enclosure: ✅ PID_P: 0.008776
DATA: dry_enclosure: ✅ PID_I: 170.261993
DATA: dry_enclosure: ✅ PID_D: 0.000000
Loop is running, OTA handle is active...
DATA: dry_enclosure: ✅ Sensor_1: temperature: 26.97 °C | humidity: 27.10 %RH
DATA: dry_enclosure: ✅ PID_P: 0.008671
DATA: dry_enclosure: ✅ PID_I: 170.271729
DATA: dry_enclosure: ✅ PID_D: -0.000093
DATA: dry_enclosure: ✅ PID_P: 0.008671
DATA: dry_enclosure: ✅ PID_I: 170.280396
DATA: dry_enclosure: ✅ PID_D: 0.000000
DATA: dry_enclosure: ✅ Sensor_2: temperature: 27.53 °C | humidity: 26.50 %RH
DATA: dry_enclosure: ✅ PID_P: 0.008567
DATA: dry_enclosure: ✅ PID_I: 170.289993
DATA: dry_enclosure: ✅ PID_D: -0.000093
DATA: dry_enclosure: ✅ PID_P: 0.008567
DATA: dry_enclosure: ✅ PID_I: 170.298553
DATA: dry_enclosure: ✅ PID_D: 0.000000
DATA: dry_enclosure: ✅ PID_P: 0.008567
DATA: dry_enclosure: ✅ PID_I: 170.307114
DATA: dry_enclosure: ✅ PID_D: 0.000000
[ID 3] Error: 0xE2
DATA: dry_enclosure: ✅ PID_P: 0.008567
DATA: dry_enclosure: ✅ PID_I: 170.359528
DATA: dry_enclosure: ✅ PID_D: 0.000000
Loop is running, OTA handle is active...
DATA: dry_enclosure: ✅ PID_P: 0.008567
DATA: dry_enclosure: ✅ PID_I: 170.368088
DATA: dry_enclosure: ✅ PID_D: 0.000000
DATA: dry_enclosure: ✅ Sensor_4: temperature: 26.60 °C | humidity: 25.80 %RH
DATA: dry_enclosure: ✅ PID_P: 0.007940
DATA: dry_enclosure: ✅ PID_I: 170.377121
DATA: dry_enclosure: ✅ PID_D: -0.000551
DATA: dry_enclosure: ✅ PID_P: 0.007940
DATA: dry_enclosure: ✅ PID_I: 170.385056
DATA: dry_enclosure: ✅ PID_D: 0.000000
[ID 5] Error: 0xE2
DATA: dry_enclosure: ✅ PID_P: 0.007940
DATA: dry_enclosure: ✅ PID_I: 170.441559
DATA: dry_enclosure: ✅ PID_D: 0.000000
DATA: dry_enclosure: ✅ Fan_1: 1
DATA: dry_enclosure: ✅ Fan_2: 1
DATA: dry_enclosure: ✅ Fan_3: 1
DATA: dry_enclosure: ✅ Fan_4: 1
DATA: dry_enclosure: ✅ Fan_5: 1
DATA: dry_enclosure: ✅ Fan_6: 1
DATA: dry_enclosure: ✅ Fan_7: 1
DATA: dry_enclosure: ✅ Fan_8: 1
DATA: dry_enclosure: ✅ Fan_9: 1
DATA: dry_enclosure: ✅ Fan_10: 1
DATA: dry_enclosure: ✅ Fan_11: 1
DATA: dry_enclosure: ✅ Fan_12: 1
DATA: dry_enclosure: ✅ Heater_Percent: 0.0 %
DATA: dry_enclosure: ✅ Dehumidifier_Percent: 100.0 %RH
Loop is running, OTA handle is active...
DATA: dry_enclosure: ✅ PID_P: 0.007940
DATA: dry_enclosure: ✅ PID_I: 170.449493
DATA: dry_enclosure: ✅ PID_D: 0.000000
DATA: dry_enclosure: ✅ Sensor_6: temperature: 27.07 °C | humidity: 26.10 %RH
DATA: dry_enclosure: ✅ PID_P: 0.007104
DATA: dry_enclosure: ✅ PID_I: 170.457001
DATA: dry_enclosure: ✅ PID_D: -0.000791
DATA: dry_enclosure: ✅ PID_P: 0.007104
DATA: dry_enclosure: ✅ PID_I: 170.464111
DATA: dry_enclosure: ✅ PID_D: 0.000000
DATA: dry_enclosure: ✅ PID_P: 0.007104
DATA: dry_enclosure: ✅ PID_I: 170.471222
DATA: dry_enclosure: ✅ PID_D: 0.000000
DATA: dry_enclosure: ✅ Sensor_7: temperature: 27.53 °C | humidity: 24.40 %RH
Loop is running, OTA handle is active...
DATA: dry_enclosure: ✅ PID_P: 0.006477
DATA: dry_enclosure: ✅ PID_I: 170.477707
DATA: dry_enclosure: ✅ PID_D: -0.000627
DATA: dry_enclosure: ✅ PID_P: 0.006477
DATA: dry_enclosure: ✅ PID_I: 170.484192
DATA: dry_enclosure: ✅ PID_D: 0.000000
DATA: dry_enclosure: ✅ Sensor_8: temperature: 26.60 °C | humidity: 24.70 %RH
DATA: dry_enclosure: ✅ PID_P: 0.005224
DATA: dry_enclosure: ✅ PID_I: 170.489410
DATA: dry_enclosure: ✅ PID_D: -0.001253
DATA: dry_enclosure: ✅ PID_P: 0.005224
DATA: dry_enclosure: ✅ PID_I: 170.494629
DATA: dry_enclosure: ✅ PID_D: 0.000000
DATA: dry_enclosure: ✅ Sensor_9: temperature: 27.07 °C | humidity: 24.50 %RH
DATA: dry_enclosure: ✅ PID_P: 0.004284
DATA: dry_enclosure: ✅ PID_I: 170.498917
DATA: dry_enclosure: ✅ PID_D: -0.000940
Loop is running, OTA handle is active...
DATA: dry_enclosure: ✅ PID_P: 0.004284
DATA: dry_enclosure: ✅ PID_I: 170.503204
DATA: dry_enclosure: ✅ PID_D: 0.000000
DATA: dry_enclosure: ✅ Sensor_1: temperature: 26.88 °C | humidity: 25.50 %RH
DATA: dry_enclosure: ✅ PID_P: 0.002612
DATA: dry_enclosure: ✅ PID_I: 170.505814
DATA: dry_enclosure: ✅ PID_D: -0.001672
DATA: dry_enclosure: ✅ PID_P: 0.002612
DATA: dry_enclosure: ✅ PID_I: 170.508423
DATA: dry_enclosure: ✅ PID_D: 0.000000
DATA: dry_enclosure: ✅ Sensor_2: temperature: 27.44 °C | humidity: 25.30 %RH
DATA: dry_enclosure: ✅ PID_P: 0.001358
DATA: dry_enclosure: ✅ PID_I: 170.509781
DATA: dry_enclosure: ✅ PID_D: -0.001254
DATA: dry_enclosure: ✅ PID_P: 0.001358
DATA: dry_enclosure: ✅ PID_I: 170.511139
DATA: dry_enclosure: ✅ PID_D: 0.000000
[ID 3] Error: 0xE2
DATA: dry_enclosure: ✅ PID_P: 0.001358
DATA: dry_enclosure: ✅ PID_I: 170.519852
DATA: dry_enclosure: ✅ PID_D: 0.000000
Loop is running, OTA handle is active...
DATA: dry_enclosure: ✅ PID_P: 0.001358
DATA: dry_enclosure: ✅ PID_I: 170.521210
DATA: dry_enclosure: ✅ PID_D: 0.000000
DATA: dry_enclosure: ✅ Sensor_4: temperature: 26.13 °C | humidity: 23.50 %RH
DATA: dry_enclosure: ✅ PID_P: -0.001045
DATA: dry_enclosure: ✅ PID_I: 170.519989
DATA: dry_enclosure: ✅ PID_D: -0.002065
DATA: dry_enclosure: ✅ PID_P: -0.001045
DATA: dry_enclosure: ✅ PID_I: 170.518951
DATA: dry_enclosure: ✅ PID_D: 0.000000
DATA: dry_enclosure: ✅ PID_P: -0.001045
DATA: dry_enclosure: ✅ PID_I: 170.517914
DATA: dry_enclosure: ✅ PID_D: 0.000000
[ID 5] Error: 0xE2
DATA: dry_enclosure: ✅ PID_P: -0.001045
DATA: dry_enclosure: ✅ PID_I: 170.511520
DATA: dry_enclosure: ✅ PID_D: 0.000000
DATA: dry_enclosure: ✅ Fan_1: 1
DATA: dry_enclosure: ✅ Fan_2: 1
DATA: dry_enclosure: ✅ Fan_3: 1
DATA: dry_enclosure: ✅ Fan_4: 1
DATA: dry_enclosure: ✅ Fan_5: 1
DATA: dry_enclosure: ✅ Fan_6: 1
DATA: dry_enclosure: ✅ Fan_7: 1
DATA: dry_enclosure: ✅ Fan_8: 1
DATA: dry_enclosure: ✅ Fan_9: 1
DATA: dry_enclosure: ✅ Fan_10: 1
DATA: dry_enclosure: ✅ Fan_11: 1
DATA: dry_enclosure: ✅ Fan_12: 1
DATA: dry_enclosure: ✅ Heater_Percent: 0.0 %
DATA: dry_enclosure: ✅ Dehumidifier_Percent: 100.0 %RH
Loop is running, OTA handle is active...
DATA: dry_enclosure: ✅ PID_P: -0.001045
DATA: dry_enclosure: ✅ PID_I: 170.510483
DATA: dry_enclosure: ✅ PID_D: 0.000000
DATA: dry_enclosure: ✅ Sensor_6: temperature: 26.88 °C | humidity: 24.30 %RH
DATA: dry_enclosure: ✅ PID_P: -0.002927
DATA: dry_enclosure: ✅ PID_I: 170.507126
DATA: dry_enclosure: ✅ PID_D: -0.001643
DATA: dry_enclosure: ✅ PID_P: -0.002927
DATA: dry_enclosure: ✅ PID_I: 170.504196
DATA: dry_enclosure: ✅ PID_D: 0.000000
DATA: dry_enclosure: ✅ Sensor_7: temperature: 27.53 °C | humidity: 22.50 %RH
DATA: dry_enclosure: ✅ PID_P: -0.004913
DATA: dry_enclosure: ✅ PID_I: 170.498566
DATA: dry_enclosure: ✅ PID_D: -0.001734
Loop is running, OTA handle is active...
DATA: dry_enclosure: ✅ PID_P: -0.004913
DATA: dry_enclosure: ✅ PID_I: 170.493652
DATA: dry_enclosure: ✅ PID_D: 0.000000
DATA: dry_enclosure: ✅ Sensor_8: temperature: 26.13 °C | humidity: 23.30 %RH
DATA: dry_enclosure: ✅ PID_P: -0.006377
DATA: dry_enclosure: ✅ PID_I: 170.486908
DATA: dry_enclosure: ✅ PID_D: -0.001384
DATA: dry_enclosure: ✅ PID_P: -0.006377
DATA: dry_enclosure: ✅ PID_I: 170.480530
DATA: dry_enclosure: ✅ PID_D: 0.000000
DATA: dry_enclosure: ✅ PID_P: -0.006377
DATA: dry_enclosure: ✅ PID_I: 170.474152
DATA: dry_enclosure: ✅ PID_D: 0.000000
DATA: dry_enclosure: ✅ Sensor_9: temperature: 26.88 °C | humidity: 22.60 %RH
DATA: dry_enclosure: ✅ PID_P: -0.008364
DATA: dry_enclosure: ✅ PID_I: 170.465790
DATA: dry_enclosure: ✅ PID_D: -0.001987
Loop is running, OTA handle is active...
DATA: dry_enclosure: ✅ PID_P: -0.008364
DATA: dry_enclosure: ✅ PID_I: 170.457428
DATA: dry_enclosure: ✅ PID_D: 0.000000
DATA: dry_enclosure: ✅ Sensor_1: temperature: 26.51 °C | humidity: 24.30 %RH
DATA: dry_enclosure: ✅ PID_P: -0.009621
DATA: dry_enclosure: ✅ PID_I: 170.447800
DATA: dry_enclosure: ✅ PID_D: -0.001256
DATA: dry_enclosure: ✅ PID_P: -0.009621
DATA: dry_enclosure: ✅ PID_I: 170.438171
DATA: dry_enclosure: ✅ PID_D: 0.000000
DATA: dry_enclosure: ✅ Sensor_2: temperature: 27.16 °C | humidity: 23.90 %RH
DATA: dry_enclosure: ✅ PID_P: -0.011086
DATA: dry_enclosure: ✅ PID_I: 170.427078
DATA: dry_enclosure: ✅ PID_D: -0.001465
DATA: dry_enclosure: ✅ PID_P: -0.011086
DATA: dry_enclosure: ✅ PID_I: 170.415985
DATA: dry_enclosure: ✅ PID_D: 0.000000
[ID 3] Error: 0xE2
DATA: dry_enclosure: ✅ PID_P: -0.011086
DATA: dry_enclosure: ✅ PID_I: 170.344513
DATA: dry_enclosure: ✅ PID_D: 0.000000
Loop is running, OTA handle is active...
DATA: dry_enclosure: ✅ PID_P: -0.011086
DATA: dry_enclosure: ✅ PID_I: 170.333420
DATA: dry_enclosure: ✅ PID_D: 0.000000
DATA: dry_enclosure: ✅ Sensor_4: temperature: 25.29 °C | humidity: 23.10 %RH
DATA: dry_enclosure: ✅ PID_P: -0.011509
DATA: dry_enclosure: ✅ PID_I: 170.320221
DATA: dry_enclosure: ✅ PID_D: -0.000369
DATA: dry_enclosure: ✅ PID_P: -0.011509
DATA: dry_enclosure: ✅ PID_I: 170.308716
DATA: dry_enclosure: ✅ PID_D: 0.000000
[ID 5] Error: 0xE2
DATA: dry_enclosure: ✅ PID_P: -0.011509
DATA: dry_enclosure: ✅ PID_I: 170.226807
DATA: dry_enclosure: ✅ PID_D: 0.000000
DATA: dry_enclosure: ✅ Fan_1: 1
DATA: dry_enclosure: ✅ Fan_2: 1
DATA: dry_enclosure: ✅ Fan_3: 1
DATA: dry_enclosure: ✅ Fan_4: 1
DATA: dry_enclosure: ✅ Fan_5: 1
DATA: dry_enclosure: ✅ Fan_6: 1
DATA: dry_enclosure: ✅ Fan_7: 1
DATA: dry_enclosure: ✅ Fan_8: 1
DATA: dry_enclosure: ✅ Fan_9: 1
DATA: dry_enclosure: ✅ Fan_10: 1
DATA: dry_enclosure: ✅ Fan_11: 1
DATA: dry_enclosure: ✅ Fan_12: 1
DATA: dry_enclosure: ✅ Heater_Percent: 0.0 %
DATA: dry_enclosure: ✅ Dehumidifier_Percent: 100.0 %RH
Loop is running, OTA handle is active...
DATA: dry_enclosure: ✅ PID_P: -0.011509
DATA: dry_enclosure: ✅ PID_I: 170.215302
DATA: dry_enclosure: ✅ PID_D: 0.000000
DATA: dry_enclosure: ✅ Sensor_6: temperature: 26.51 °C | humidity: 23.20 %RH
DATA: dry_enclosure: ✅ PID_P: -0.012662
DATA: dry_enclosure: ✅ PID_I: 170.201187
DATA: dry_enclosure: ✅ PID_D: -0.001034
DATA: dry_enclosure: ✅ PID_P: -0.012662
DATA: dry_enclosure: ✅ PID_I: 170.188522
DATA: dry_enclosure: ✅ PID_D: 0.000000
DATA: dry_enclosure: ✅ Sensor_7: temperature: 27.35 °C | humidity: 21.40 %RH
DATA: dry_enclosure: ✅ PID_P: -0.013815
DATA: dry_enclosure: ✅ PID_I: 170.173157
DATA: dry_enclosure: ✅ PID_D: -0.001036
Loop is running, OTA handle is active...
DATA: dry_enclosure: ✅ PID_P: -0.013815
DATA: dry_enclosure: ✅ PID_I: 170.159348
DATA: dry_enclosure: ✅ PID_D: 0.000000
DATA: dry_enclosure: ✅ Sensor_8: temperature: 25.57 °C | humidity: 22.60 %RH
DATA: dry_enclosure: ✅ PID_P: -0.014551
DATA: dry_enclosure: ✅ PID_I: 170.143143
DATA: dry_enclosure: ✅ PID_D: -0.000661
DATA: dry_enclosure: ✅ PID_P: -0.014551
DATA: dry_enclosure: ✅ PID_I: 170.128586
DATA: dry_enclosure: ✅ PID_D: 0.000000
DATA: dry_enclosure: ✅ Sensor_9: temperature: 26.69 °C | humidity: 21.70 %RH
DATA: dry_enclosure: ✅ PID_P: -0.015495
DATA: dry_enclosure: ✅ PID_I: 170.111343
DATA: dry_enclosure: ✅ PID_D: -0.000848
DATA: dry_enclosure: ✅ PID_P: -0.015495
DATA: dry_enclosure: ✅ PID_I: 170.095856
DATA: dry_enclosure: ✅ PID_D: 0.000000
Loop is running, OTA handle is active...
DATA: dry_enclosure: ✅ Sensor_1: temperature: 26.04 °C | humidity: 23.50 %RH
DATA: dry_enclosure: ✅ PID_P: -0.016336
DATA: dry_enclosure: ✅ PID_I: 170.077042
DATA: dry_enclosure: ✅ PID_D: -0.000730
DATA: dry_enclosure: ✅ PID_P: -0.016336
DATA: dry_enclosure: ✅ PID_I: 170.060699
DATA: dry_enclosure: ✅ PID_D: 0.000000
DATA: dry_enclosure: ✅ PID_P: -0.016336
DATA: dry_enclosure: ✅ PID_I: 170.044357
DATA: dry_enclosure: ✅ PID_D: 0.000000
DATA: dry_enclosure: ✅ Sensor_2: temperature: 26.79 °C | humidity: 23.00 %RH
DATA: dry_enclosure: ✅ PID_P: -0.017281
DATA: dry_enclosure: ✅ PID_I: 170.027069
DATA: dry_enclosure: ✅ PID_D: -0.000946
DATA: dry_enclosure: ✅ PID_P: -0.017281
DATA: dry_enclosure: ✅ PID_I: 170.009781
DATA: dry_enclosure: ✅ PID_D: 0.000000
DATA: dry_enclosure: ✅ Fan_1: 1
DATA: dry_enclosure: ✅ Fan_2: 1
DATA: dry_enclosure: ✅ Fan_3: 1
DATA: dry_enclosure: ✅ Fan_4: 1
DATA: dry_enclosure: ✅ Fan_5: 1
DATA: dry_enclosure: ✅ Fan_6: 1
DATA: dry_enclosure: ✅ Fan_7: 1
DATA: dry_enclosure: ✅ Fan_8: 1
DATA: dry_enclosure: ✅ Fan_9: 1
DATA: dry_enclosure: ✅ Fan_10: 1
DATA: dry_enclosure: ✅ Fan_11: 1
DATA: dry_enclosure: ✅ Fan_12: 1
DATA: dry_enclosure: ✅ Heater_Percent: 0.0 %
DATA: dry_enclosure: ✅ Dehumidifier_Percent: 100.0 %RH
DATA: dry_enclosure: ✅ Fan_1: 1
DATA: dry_enclosure: ✅ Fan_2: 1
DATA: dry_enclosure: ✅ Fan_3: 1
DATA: dry_enclosure: ✅ Fan_4: 1
DATA: dry_enclosure: ✅ Fan_5: 1
DATA: dry_enclosure: ✅ Fan_6: 1
DATA: dry_enclosure: ✅ Fan_7: 1
DATA: dry_enclosure: ✅ Fan_8: 1
DATA: dry_enclosure: ✅ Fan_9: 1
DATA: dry_enclosure: ✅ Fan_10: 1
DATA: dry_enclosure: ✅ Fan_11: 1
DATA: dry_enclosure: ✅ Fan_12: 1
DATA: dry_enclosure: ✅ Heater_Percent: 0.0 %
DATA: dry_enclosure: ✅ Dehumidifier_Percent: 100.0 %RH
[ID 3] Error: 0xE2
DATA: dry_enclosure: ✅ PID_P: -0.017281
DATA: dry_enclosure: ✅ PID_I: 169.902191
DATA: dry_enclosure: ✅ PID_D: 0.000000
Loop is running, OTA handle is active...
DATA: dry_enclosure: ✅ PID_P: -0.017281
DATA: dry_enclosure: ✅ PID_I: 169.884903
DATA: dry_enclosure: ✅ PID_D: 0.000000
DATA: dry_enclosure: ✅ PID_P: -0.017281
DATA: dry_enclosure: ✅ PID_I: 169.867615
DATA: dry_enclosure: ✅ PID_D: 0.000000
DATA: dry_enclosure: ✅ Sensor_4: temperature: 24.36 °C | humidity: 23.70 %RH
DATA: dry_enclosure: ✅ PID_P: -0.016660
DATA: dry_enclosure: ✅ PID_I: 169.850952
DATA: dry_enclosure: ✅ PID_D: 0.000621
DATA: dry_enclosure: ✅ PID_P: -0.016660
DATA: dry_enclosure: ✅ PID_I: 169.834290
DATA: dry_enclosure: ✅ PID_D: 0.000000
[ID 5] Error: 0xE2
DATA: dry_enclosure: ✅ PID_P: -0.016660
DATA: dry_enclosure: ✅ PID_I: 169.730011
DATA: dry_enclosure: ✅ PID_D: 0.000000
DATA: dry_enclosure: ✅ Fan_1: 1
DATA: dry_enclosure: ✅ Fan_2: 1
DATA: dry_enclosure: ✅ Fan_3: 1
DATA: dry_enclosure: ✅ Fan_4: 1
DATA: dry_enclosure: ✅ Fan_5: 1
DATA: dry_enclosure: ✅ Fan_6: 1
DATA: dry_enclosure: ✅ Fan_7: 1
DATA: dry_enclosure: ✅ Fan_8: 1
DATA: dry_enclosure: ✅ Fan_9: 1
DATA: dry_enclosure: ✅ Fan_10: 1
DATA: dry_enclosure: ✅ Fan_11: 1
DATA: dry_enclosure: ✅ Fan_12: 1
DATA: dry_enclosure: ✅ Heater_Percent: 0.0 %
DATA: dry_enclosure: ✅ Dehumidifier_Percent: 100.0 %RH
Loop is running, OTA handle is active...
DATA: dry_enclosure: ✅ PID_P: -0.016660
DATA: dry_enclosure: ✅ PID_I: 169.713348
DATA: dry_enclosure: ✅ PID_D: 0.000000
DATA: dry_enclosure: ✅ Sensor_6: temperature: 26.04 °C | humidity: 23.00 %RH
DATA: dry_enclosure: ✅ PID_P: -0.016874
DATA: dry_enclosure: ✅ PID_I: 169.694092
DATA: dry_enclosure: ✅ PID_D: -0.000187
DATA: dry_enclosure: ✅ PID_P: -0.016874
DATA: dry_enclosure: ✅ PID_I: 169.677216
DATA: dry_enclosure: ✅ PID_D: 0.000000
DATA: dry_enclosure: ✅ PID_P: -0.016874
DATA: dry_enclosure: ✅ PID_I: 169.660339
DATA: dry_enclosure: ✅ PID_D: 0.000000
DATA: dry_enclosure: ✅ Sensor_7: temperature: 27.07 °C | humidity: 21.00 %RH
Loop is running, OTA handle is active...
DATA: dry_enclosure: ✅ PID_P: -0.017295
DATA: dry_enclosure: ✅ PID_I: 169.643051
DATA: dry_enclosure: ✅ PID_D: -0.000422
DATA: dry_enclosure: ✅ PID_P: -0.017295
DATA: dry_enclosure: ✅ PID_I: 169.625763
DATA: dry_enclosure: ✅ PID_D: 0.000000
DATA: dry_enclosure: ✅ Sensor_8: temperature: 24.92 °C | humidity: 22.70 %RH
DATA: dry_enclosure: ✅ PID_P: -0.017196
DATA: dry_enclosure: ✅ PID_I: 169.608566
DATA: dry_enclosure: ✅ PID_D: 0.000099
DATA: dry_enclosure: ✅ PID_P: -0.017196
DATA: dry_enclosure: ✅ PID_I: 169.591370
DATA: dry_enclosure: ✅ PID_D: 0.000000
DATA: dry_enclosure: ✅ Sensor_9: temperature: 26.32 °C | humidity: 21.30 %RH
DATA: dry_enclosure: ✅ PID_P: -0.017618
DATA: dry_enclosure: ✅ PID_I: 169.573746
DATA: dry_enclosure: ✅ PID_D: -0.000423
Loop is running, OTA handle is active...
DATA: dry_enclosure: ✅ PID_P: -0.017618
DATA: dry_enclosure: ✅ PID_I: 169.556122
DATA: dry_enclosure: ✅ PID_D: 0.000000
DATA: dry_enclosure: ✅ Sensor_1: temperature: 25.48 °C | humidity: 23.50 %RH
DATA: dry_enclosure: ✅ PID_P: -0.017623
DATA: dry_enclosure: ✅ PID_I: 169.538498
DATA: dry_enclosure: ✅ PID_D: -0.000005
DATA: dry_enclosure: ✅ PID_P: -0.017623
DATA: dry_enclosure: ✅ PID_I: 169.520874
DATA: dry_enclosure: ✅ PID_D: 0.000000
DATA: dry_enclosure: ✅ Sensor_2: temperature: 26.23 °C | humidity: 22.90 %RH
DATA: dry_enclosure: ✅ PID_P: -0.017733
DATA: dry_enclosure: ✅ PID_I: 169.503143
DATA: dry_enclosure: ✅ PID_D: -0.000110
DATA: dry_enclosure: ✅ PID_P: -0.017733
DATA: dry_enclosure: ✅ PID_I: 169.485413
DATA: dry_enclosure: ✅ PID_D: 0.000000
[ID 3] Error: 0xE2
DATA: dry_enclosure: ✅ PID_P: -0.017733
DATA: dry_enclosure: ✅ PID_I: 169.366074
DATA: dry_enclosure: ✅ PID_D: 0.000000
Loop is running, OTA handle is active...
DATA: dry_enclosure: ✅ PID_P: -0.017733
DATA: dry_enclosure: ✅ PID_I: 169.348343
DATA: dry_enclosure: ✅ PID_D: 0.000000
DATA: dry_enclosure: ✅ Sensor_4: temperature: 23.43 °C | humidity: 24.10 %RH
DATA: dry_enclosure: ✅ PID_P: -0.017321
DATA: dry_enclosure: ✅ PID_I: 169.328690
DATA: dry_enclosure: ✅ PID_D: 0.000363
DATA: dry_enclosure: ✅ PID_P: -0.017321
DATA: dry_enclosure: ✅ PID_I: 169.311371
DATA: dry_enclosure: ✅ PID_D: 0.000000
[ID 5] Error: 0xE2
DATA: dry_enclosure: ✅ PID_P: -0.017321
DATA: dry_enclosure: ✅ PID_I: 169.188095
DATA: dry_enclosure: ✅ PID_D: 0.000000
DATA: dry_enclosure: ✅ Fan_1: 1
DATA: dry_enclosure: ✅ Fan_2: 1
DATA: dry_enclosure: ✅ Fan_3: 1
DATA: dry_enclosure: ✅ Fan_4: 1
DATA: dry_enclosure: ✅ Fan_5: 1
DATA: dry_enclosure: ✅ Fan_6: 1
DATA: dry_enclosure: ✅ Fan_7: 1
DATA: dry_enclosure: ✅ Fan_8: 1
DATA: dry_enclosure: ✅ Fan_9: 1
DATA: dry_enclosure: ✅ Fan_10: 1
DATA: dry_enclosure: ✅ Fan_11: 1
DATA: dry_enclosure: ✅ Fan_12: 1
DATA: dry_enclosure: ✅ Heater_Percent: 0.0 %
DATA: dry_enclosure: ✅ Dehumidifier_Percent: 100.0 %RH
Loop is running, OTA handle is active...
DATA: dry_enclosure: ✅ PID_P: -0.017321
DATA: dry_enclosure: ✅ PID_I: 169.170776
DATA: dry_enclosure: ✅ PID_D: 0.000000
DATA: dry_enclosure: ✅ Sensor_6: temperature: 25.48 °C | humidity: 23.00 %RH
DATA: dry_enclosure: ✅ PID_P: -0.017325
DATA: dry_enclosure: ✅ PID_I: 169.150558
DATA: dry_enclosure: ✅ PID_D: -0.000004
DATA: dry_enclosure: ✅ PID_P: -0.017325
DATA: dry_enclosure: ✅ PID_I: 169.133240
DATA: dry_enclosure: ✅ PID_D: 0.000000
DATA: dry_enclosure: ✅ Sensor_7: temperature: 26.79 °C | humidity: 20.60 %RH
DATA: dry_enclosure: ✅ PID_P: -0.017748
DATA: dry_enclosure: ✅ PID_I: 169.113525
DATA: dry_enclosure: ✅ PID_D: -0.000380
Loop is running, OTA handle is active...
DATA: dry_enclosure: ✅ PID_P: -0.017748
DATA: dry_enclosure: ✅ PID_I: 169.095779
DATA: dry_enclosure: ✅ PID_D: 0.000000
DATA: dry_enclosure: ✅ PID_P: -0.017748
DATA: dry_enclosure: ✅ PID_I: 169.078033
DATA: dry_enclosure: ✅ PID_D: 0.000000
DATA: dry_enclosure: ✅ Sensor_8: temperature: 24.27 °C | humidity: 22.90 %RH
DATA: dry_enclosure: ✅ PID_P: -0.017543
DATA: dry_enclosure: ✅ PID_I: 169.060486
DATA: dry_enclosure: ✅ PID_D: 0.000205
DATA: dry_enclosure: ✅ PID_P: -0.017543
DATA: dry_enclosure: ✅ PID_I: 169.042938
DATA: dry_enclosure: ✅ PID_D: 0.000000
DATA: dry_enclosure: ✅ Sensor_9: temperature: 25.95 °C | humidity: 21.10 %RH
DATA: dry_enclosure: ✅ PID_P: -0.017756
DATA: dry_enclosure: ✅ PID_I: 169.025177
DATA: dry_enclosure: ✅ PID_D: -0.000213
Loop is running, OTA handle is active...
DATA: dry_enclosure: ✅ PID_P: -0.017756
DATA: dry_enclosure: ✅ PID_I: 169.007416
DATA: dry_enclosure: ✅ PID_D: 0.000000
DATA: dry_enclosure: ✅ Sensor_1: temperature: 24.83 °C | humidity: 23.60 %RH
DATA: dry_enclosure: ✅ PID_P: -0.017657
DATA: dry_enclosure: ✅ PID_I: 168.989761
DATA: dry_enclosure: ✅ PID_D: 0.000100
DATA: dry_enclosure: ✅ PID_P: -0.017657
DATA: dry_enclosure: ✅ PID_I: 168.972107
DATA: dry_enclosure: ✅ PID_D: 0.000000
DATA: dry_enclosure: ✅ Sensor_2: temperature: 25.76 °C | humidity: 22.80 %RH
DATA: dry_enclosure: ✅ PID_P: -0.017766
DATA: dry_enclosure: ✅ PID_I: 168.954346
DATA: dry_enclosure: ✅ PID_D: -0.000109
DATA: dry_enclosure: ✅ PID_P: -0.017766
DATA: dry_enclosure: ✅ PID_I: 168.936584
DATA: dry_enclosure: ✅ PID_D: 0.000000
[ID 3] Error: 0xE2
DATA: dry_enclosure: ✅ PID_P: -0.017766
DATA: dry_enclosure: ✅ PID_I: 168.819244
DATA: dry_enclosure: ✅ PID_D: 0.000000
Loop is running, OTA handle is active...
DATA: dry_enclosure: ✅ PID_P: -0.017766
DATA: dry_enclosure: ✅ PID_I: 168.801483
DATA: dry_enclosure: ✅ PID_D: 0.000000
DATA: dry_enclosure: ✅ Sensor_4: temperature: 22.59 °C | humidity: 25.00 %RH
DATA: dry_enclosure: ✅ PID_P: -0.016827
DATA: dry_enclosure: ✅ PID_I: 168.782608
DATA: dry_enclosure: ✅ PID_D: 0.000837
DATA: dry_enclosure: ✅ PID_P: -0.016827
DATA: dry_enclosure: ✅ PID_I: 168.765778
DATA: dry_enclosure: ✅ PID_D: 0.000000
[ID 5] Error: 0xE2
DATA: dry_enclosure: ✅ PID_P: -0.016827
DATA: dry_enclosure: ✅ PID_I: 168.646027
DATA: dry_enclosure: ✅ PID_D: 0.000000
DATA: dry_enclosure: ✅ Fan_1: 1
DATA: dry_enclosure: ✅ Fan_2: 1
DATA: dry_enclosure: ✅ Fan_3: 1
DATA: dry_enclosure: ✅ Fan_4: 1
DATA: dry_enclosure: ✅ Fan_5: 1
DATA: dry_enclosure: ✅ Fan_6: 1
DATA: dry_enclosure: ✅ Fan_7: 1
DATA: dry_enclosure: ✅ Fan_8: 1
DATA: dry_enclosure: ✅ Fan_9: 1
DATA: dry_enclosure: ✅ Fan_10: 1
DATA: dry_enclosure: ✅ Fan_11: 1
DATA: dry_enclosure: ✅ Fan_12: 1
DATA: dry_enclosure: ✅ Heater_Percent: 0.0 %
DATA: dry_enclosure: ✅ Dehumidifier_Percent: 100.0 %RH
Loop is running, OTA handle is active...
DATA: dry_enclosure: ✅ PID_P: -0.016827
DATA: dry_enclosure: ✅ PID_I: 168.629196
DATA: dry_enclosure: ✅ PID_D: 0.000000
DATA: dry_enclosure: ✅ Sensor_6: temperature: 25.01 °C | humidity: 23.30 %RH
DATA: dry_enclosure: ✅ PID_P: -0.016515
DATA: dry_enclosure: ✅ PID_I: 168.610046
DATA: dry_enclosure: ✅ PID_D: 0.000269
DATA: dry_enclosure: ✅ PID_P: -0.016515
DATA: dry_enclosure: ✅ PID_I: 168.593536
DATA: dry_enclosure: ✅ PID_D: 0.000000
DATA: dry_enclosure: ✅ Sensor_7: temperature: 26.51 °C | humidity: 20.70 %RH
DATA: dry_enclosure: ✅ PID_P: -0.016412
DATA: dry_enclosure: ✅ PID_I: 168.575256
DATA: dry_enclosure: ✅ PID_D: 0.000092
Loop is running, OTA handle is active...
DATA: dry_enclosure: ✅ PID_P: -0.016412
DATA: dry_enclosure: ✅ PID_I: 168.558838
DATA: dry_enclosure: ✅ PID_D: 0.000000
DATA: dry_enclosure: ✅ Sensor_8: temperature: 23.71 °C | humidity: 23.50 %RH
DATA: dry_enclosure: ✅ PID_P: -0.015785
DATA: dry_enclosure: ✅ PID_I: 168.541763
DATA: dry_enclosure: ✅ PID_D: 0.000579
DATA: dry_enclosure: ✅ PID_P: -0.015785
DATA: dry_enclosure: ✅ PID_I: 168.525986
DATA: dry_enclosure: ✅ PID_D: 0.000000
DATA: dry_enclosure: ✅ PID_P: -0.015785
DATA: dry_enclosure: ✅ PID_I: 168.510208
DATA: dry_enclosure: ✅ PID_D: 0.000000
DATA: dry_enclosure: ✅ Sensor_9: temperature: 25.57 °C | humidity: 21.30 %RH
DATA: dry_enclosure: ✅ PID_P: -0.015577
DATA: dry_enclosure: ✅ PID_I: 168.494629
DATA: dry_enclosure: ✅ PID_D: 0.000208
Loop is running, OTA handle is active...
DATA: dry_enclosure: ✅ PID_P: -0.015577
DATA: dry_enclosure: ✅ PID_I: 168.479050
DATA: dry_enclosure: ✅ PID_D: 0.000000
DATA: dry_enclosure: ✅ Sensor_1: temperature: 24.27 °C | humidity: 24.20 %RH
DATA: dry_enclosure: ✅ PID_P: -0.014950
DATA: dry_enclosure: ✅ PID_I: 168.464096
DATA: dry_enclosure: ✅ PID_D: 0.000628
DATA: dry_enclosure: ✅ PID_P: -0.014950
DATA: dry_enclosure: ✅ PID_I: 168.449142
DATA: dry_enclosure: ✅ PID_D: 0.000000
DATA: dry_enclosure: ✅ Sensor_2: temperature: 25.20 °C | humidity: 23.20 %RH
DATA: dry_enclosure: ✅ PID_P: -0.014532
DATA: dry_enclosure: ✅ PID_I: 168.434616
DATA: dry_enclosure: ✅ PID_D: 0.000417
DATA: dry_enclosure: ✅ PID_P: -0.014532
DATA: dry_enclosure: ✅ PID_I: 168.420090
DATA: dry_enclosure: ✅ PID_D: 0.000000
[ID 3] Error: 0xE2
DATA: dry_enclosure: ✅ PID_P: -0.014532
DATA: dry_enclosure: ✅ PID_I: 168.325592
DATA: dry_enclosure: ✅ PID_D: 0.000000
Loop is running, OTA handle is active...
DATA: dry_enclosure: ✅ PID_P: -0.014532
DATA: dry_enclosure: ✅ PID_I: 168.311066
DATA: dry_enclosure: ✅ PID_D: 0.000000
DATA: dry_enclosure: ✅ Sensor_4: temperature: 21.84 °C | humidity: 25.90 %RH
DATA: dry_enclosure: ✅ PID_P: -0.013590
DATA: dry_enclosure: ✅ PID_I: 168.295486
DATA: dry_enclosure: ✅ PID_D: 0.000823
DATA: dry_enclosure: ✅ PID_P: -0.013590
DATA: dry_enclosure: ✅ PID_I: 168.281891
DATA: dry_enclosure: ✅ PID_D: 0.000000
[ID 5] Error: 0xE2
DATA: dry_enclosure: ✅ PID_P: -0.013590
DATA: dry_enclosure: ✅ PID_I: 168.185181
DATA: dry_enclosure: ✅ PID_D: 0.000000
DATA: dry_enclosure: ✅ Fan_1: 1
DATA: dry_enclosure: ✅ Fan_2: 1
DATA: dry_enclosure: ✅ Fan_3: 1
DATA: dry_enclosure: ✅ Fan_4: 1
DATA: dry_enclosure: ✅ Fan_5: 1
DATA: dry_enclosure: ✅ Fan_6: 1
DATA: dry_enclosure: ✅ Fan_7: 1
DATA: dry_enclosure: ✅ Fan_8: 1
DATA: dry_enclosure: ✅ Fan_9: 1
DATA: dry_enclosure: ✅ Fan_10: 1
DATA: dry_enclosure: ✅ Fan_11: 1
DATA: dry_enclosure: ✅ Fan_12: 1
DATA: dry_enclosure: ✅ Heater_Percent: 0.0 %
DATA: dry_enclosure: ✅ Dehumidifier_Percent: 100.0 %RH
Loop is running, OTA handle is active...
DATA: dry_enclosure: ✅ PID_P: -0.013590
DATA: dry_enclosure: ✅ PID_I: 168.171585
DATA: dry_enclosure: ✅ PID_D: 0.000000
DATA: dry_enclosure: ✅ Sensor_6: temperature: 24.45 °C | humidity: 23.70 %RH
DATA: dry_enclosure: ✅ PID_P: -0.013172
DATA: dry_enclosure: ✅ PID_I: 168.156418
DATA: dry_enclosure: ✅ PID_D: 0.000363
DATA: dry_enclosure: ✅ PID_P: -0.013172
DATA: dry_enclosure: ✅ PID_I: 168.143250
DATA: dry_enclosure: ✅ PID_D: 0.000000
DATA: dry_enclosure: ✅ Sensor_7: temperature: 26.13 °C | humidity: 20.90 %RH
DATA: dry_enclosure: ✅ PID_P: -0.012963
DATA: dry_enclosure: ✅ PID_I: 168.128784
DATA: dry_enclosure: ✅ PID_D: 0.000187
Loop is running, OTA handle is active...
DATA: dry_enclosure: ✅ PID_P: -0.012963
DATA: dry_enclosure: ✅ PID_I: 168.115814
DATA: dry_enclosure: ✅ PID_D: 0.000000
DATA: dry_enclosure: ✅ PID_P: -0.012963
DATA: dry_enclosure: ✅ PID_I: 168.102844
DATA: dry_enclosure: ✅ PID_D: 0.000000
DATA: dry_enclosure: ✅ Sensor_8: temperature: 23.15 °C | humidity: 23.90 %RH
DATA: dry_enclosure: ✅ PID_P: -0.012545
DATA: dry_enclosure: ✅ PID_I: 168.090302
DATA: dry_enclosure: ✅ PID_D: 0.000418
DATA: dry_enclosure: ✅ PID_P: -0.012545
DATA: dry_enclosure: ✅ PID_I: 168.077759
DATA: dry_enclosure: ✅ PID_D: 0.000000
DATA: dry_enclosure: ✅ Sensor_9: temperature: 25.20 °C | humidity: 21.50 %RH
DATA: dry_enclosure: ✅ PID_P: -0.012336
DATA: dry_enclosure: ✅ PID_I: 168.065430
DATA: dry_enclosure: ✅ PID_D: 0.000209
Loop is running, OTA handle is active...
DATA: dry_enclosure: ✅ PID_P: -0.012336
DATA: dry_enclosure: ✅ PID_I: 168.053101
DATA: dry_enclosure: ✅ PID_D: 0.000000
DATA: dry_enclosure: ✅ Sensor_1: temperature: 23.71 °C | humidity: 24.80 %RH
DATA: dry_enclosure: ✅ PID_P: -0.011707
DATA: dry_enclosure: ✅ PID_I: 168.041397
DATA: dry_enclosure: ✅ PID_D: 0.000630
DATA: dry_enclosure: ✅ PID_P: -0.011707
DATA: dry_enclosure: ✅ PID_I: 168.029694
DATA: dry_enclosure: ✅ PID_D: 0.000000
DATA: dry_enclosure: ✅ Sensor_2: temperature: 24.73 °C | humidity: 23.60 %RH
DATA: dry_enclosure: ✅ PID_P: -0.011288
DATA: dry_enclosure: ✅ PID_I: 168.018402
DATA: dry_enclosure: ✅ PID_D: 0.000419
DATA: dry_enclosure: ✅ PID_P: -0.011288
DATA: dry_enclosure: ✅ PID_I: 168.007111
DATA: dry_enclosure: ✅ PID_D: 0.000000
[ID 3] Error: 0xE2
DATA: dry_enclosure: ✅ PID_P: -0.011288
DATA: dry_enclosure: ✅ PID_I: 167.932480
DATA: dry_enclosure: ✅ PID_D: 0.000000
Loop is running, OTA handle is active...
DATA: dry_enclosure: ✅ PID_P: -0.011288
DATA: dry_enclosure: ✅ PID_I: 167.921188
DATA: dry_enclosure: ✅ PID_D: 0.000000
DATA: dry_enclosure: ✅ Sensor_4: temperature: 21.19 °C | humidity: 27.10 %RH
DATA: dry_enclosure: ✅ PID_P: -0.010025
DATA: dry_enclosure: ✅ PID_I: 167.910294
DATA: dry_enclosure: ✅ PID_D: 0.001162
DATA: dry_enclosure: ✅ PID_P: -0.010025
DATA: dry_enclosure: ✅ PID_I: 167.900269
DATA: dry_enclosure: ✅ PID_D: 0.000000
DATA: dry_enclosure: ✅ Fan_1: 1
DATA: dry_enclosure: ✅ Fan_2: 1
DATA: dry_enclosure: ✅ Fan_3: 1
DATA: dry_enclosure: ✅ Fan_4: 1
DATA: dry_enclosure: ✅ Fan_5: 1
DATA: dry_enclosure: ✅ Fan_6: 1
DATA: dry_enclosure: ✅ Fan_7: 1
DATA: dry_enclosure: ✅ Fan_8: 1
DATA: dry_enclosure: ✅ Fan_9: 1
DATA: dry_enclosure: ✅ Fan_10: 1
DATA: dry_enclosure: ✅ Fan_11: 1
DATA: dry_enclosure: ✅ Fan_12: 1
DATA: dry_enclosure: ✅ Heater_Percent: 0.0 %
DATA: dry_enclosure: ✅ Dehumidifier_Percent: 100.0 %RH
DATA: dry_enclosure: ✅ Fan_1: 1
DATA: dry_enclosure: ✅ Fan_2: 1
DATA: dry_enclosure: ✅ Fan_3: 1
DATA: dry_enclosure: ✅ Fan_4: 1
DATA: dry_enclosure: ✅ Fan_5: 1
DATA: dry_enclosure: ✅ Fan_6: 1
DATA: dry_enclosure: ✅ Fan_7: 1
DATA: dry_enclosure: ✅ Fan_8: 1
DATA: dry_enclosure: ✅ Fan_9: 1
DATA: dry_enclosure: ✅ Fan_10: 1
DATA: dry_enclosure: ✅ Fan_11: 1
DATA: dry_enclosure: ✅ Fan_12: 1
DATA: dry_enclosure: ✅ Heater_Percent: 0.0 %
DATA: dry_enclosure: ✅ Dehumidifier_Percent: 100.0 %RH
[ID 5] Error: 0xE2
DATA: dry_enclosure: ✅ PID_P: -0.010025
DATA: dry_enclosure: ✅ PID_I: 167.828918
DATA: dry_enclosure: ✅ PID_D: 0.000000
DATA: dry_enclosure: ✅ Fan_1: 1
DATA: dry_enclosure: ✅ Fan_2: 1
DATA: dry_enclosure: ✅ Fan_3: 1
DATA: dry_enclosure: ✅ Fan_4: 1
DATA: dry_enclosure: ✅ Fan_5: 1
DATA: dry_enclosure: ✅ Fan_6: 1
DATA: dry_enclosure: ✅ Fan_7: 1
DATA: dry_enclosure: ✅ Fan_8: 1
DATA: dry_enclosure: ✅ Fan_9: 1
DATA: dry_enclosure: ✅ Fan_10: 1
DATA: dry_enclosure: ✅ Fan_11: 1
DATA: dry_enclosure: ✅ Fan_12: 1
DATA: dry_enclosure: ✅ Heater_Percent: 0.0 %
DATA: dry_enclosure: ✅ Dehumidifier_Percent: 100.0 %RH
Loop is running, OTA handle is active...
DATA: dry_enclosure: ✅ PID_P: -0.010025
DATA: dry_enclosure: ✅ PID_I: 167.818893
DATA: dry_enclosure: ✅ PID_D: 0.000000
DATA: dry_enclosure: ✅ Sensor_6: temperature: 23.99 °C | humidity: 24.50 %RH
DATA: dry_enclosure: ✅ PID_P: -0.009183
DATA: dry_enclosure: ✅ PID_I: 167.809143
DATA: dry_enclosure: ✅ PID_D: 0.000794
DATA: dry_enclosure: ✅ PID_P: -0.009183
DATA: dry_enclosure: ✅ PID_I: 167.799957
DATA: dry_enclosure: ✅ PID_D: 0.000000
DATA: dry_enclosure: ✅ Sensor_7: temperature: 25.76 °C | humidity: 21.30 %RH
DATA: dry_enclosure: ✅ PID_P: -0.008762
DATA: dry_enclosure: ✅ PID_I: 167.789734
DATA: dry_enclosure: ✅ PID_D: 0.000361
Loop is running, OTA handle is active...
DATA: dry_enclosure: ✅ PID_P: -0.008762
DATA: dry_enclosure: ✅ PID_I: 167.780975
DATA: dry_enclosure: ✅ PID_D: 0.000000
DATA: dry_enclosure: ✅ PID_P: -0.008762
DATA: dry_enclosure: ✅ PID_I: 167.772217
DATA: dry_enclosure: ✅ PID_D: 0.000000
DATA: dry_enclosure: ✅ Sensor_8: temperature: 22.68 °C | humidity: 24.90 %RH
DATA: dry_enclosure: ✅ PID_P: -0.007708
DATA: dry_enclosure: ✅ PID_I: 167.764511
DATA: dry_enclosure: ✅ PID_D: 0.001054
DATA: dry_enclosure: ✅ PID_P: -0.007708
DATA: dry_enclosure: ✅ PID_I: 167.756805
DATA: dry_enclosure: ✅ PID_D: 0.000000
DATA: dry_enclosure: ✅ Sensor_9: temperature: 24.92 °C | humidity: 22.10 %RH
DATA: dry_enclosure: ✅ PID_P: -0.007076
DATA: dry_enclosure: ✅ PID_I: 167.749725
DATA: dry_enclosure: ✅ PID_D: 0.000633
Loop is running, OTA handle is active...
DATA: dry_enclosure: ✅ PID_P: -0.007076
DATA: dry_enclosure: ✅ PID_I: 167.742645
DATA: dry_enclosure: ✅ PID_D: 0.000000
DATA: dry_enclosure: ✅ Sensor_1: temperature: 23.15 °C | humidity: 25.70 %RH
DATA: dry_enclosure: ✅ PID_P: -0.006127
DATA: dry_enclosure: ✅ PID_I: 167.736511
DATA: dry_enclosure: ✅ PID_D: 0.000949
DATA: dry_enclosure: ✅ PID_P: -0.006127
DATA: dry_enclosure: ✅ PID_I: 167.730377
DATA: dry_enclosure: ✅ PID_D: 0.000000
DATA: dry_enclosure: ✅ Sensor_2: temperature: 24.27 °C | humidity: 24.30 %RH
DATA: dry_enclosure: ✅ PID_P: -0.005389
DATA: dry_enclosure: ✅ PID_I: 167.724991
DATA: dry_enclosure: ✅ PID_D: 0.000738
DATA: dry_enclosure: ✅ PID_P: -0.005389
DATA: dry_enclosure: ✅ PID_I: 167.719604
DATA: dry_enclosure: ✅ PID_D: 0.000000
[ID 3] Error: 0xE2
DATA: dry_enclosure: ✅ PID_P: -0.005389
DATA: dry_enclosure: ✅ PID_I: 167.683899
DATA: dry_enclosure: ✅ PID_D: 0.000000
Loop is running, OTA handle is active...
DATA: dry_enclosure: ✅ PID_P: -0.005389
DATA: dry_enclosure: ✅ PID_I: 167.678513
DATA: dry_enclosure: ✅ PID_D: 0.000000
DATA: dry_enclosure: ✅ PID_P: -0.005389
DATA: dry_enclosure: ✅ PID_I: 167.673126
DATA: dry_enclosure: ✅ PID_D: 0.000000
DATA: dry_enclosure: ✅ Sensor_4: temperature: 20.63 °C | humidity: 28.10 %RH
DATA: dry_enclosure: ✅ PID_P: -0.004333
DATA: dry_enclosure: ✅ PID_I: 167.668793
DATA: dry_enclosure: ✅ PID_D: 0.001055
DATA: dry_enclosure: ✅ PID_P: -0.004333
DATA: dry_enclosure: ✅ PID_I: 167.664459
DATA: dry_enclosure: ✅ PID_D: 0.000000
[ID 5] Error: 0xE2
DATA: dry_enclosure: ✅ PID_P: -0.004333
DATA: dry_enclosure: ✅ PID_I: 167.637466
DATA: dry_enclosure: ✅ PID_D: 0.000000
DATA: dry_enclosure: ✅ Fan_1: 1
DATA: dry_enclosure: ✅ Fan_2: 1
DATA: dry_enclosure: ✅ Fan_3: 1
DATA: dry_enclosure: ✅ Fan_4: 1
DATA: dry_enclosure: ✅ Fan_5: 1
DATA: dry_enclosure: ✅ Fan_6: 1
DATA: dry_enclosure: ✅ Fan_7: 1
DATA: dry_enclosure: ✅ Fan_8: 1
DATA: dry_enclosure: ✅ Fan_9: 1
DATA: dry_enclosure: ✅ Fan_10: 1
DATA: dry_enclosure: ✅ Fan_11: 1
DATA: dry_enclosure: ✅ Fan_12: 1
DATA: dry_enclosure: ✅ Heater_Percent: 0.0 %
DATA: dry_enclosure: ✅ Dehumidifier_Percent: 100.0 %RH
Loop is running, OTA handle is active...
DATA: dry_enclosure: ✅ PID_P: -0.004333
DATA: dry_enclosure: ✅ PID_I: 167.633133
DATA: dry_enclosure: ✅ PID_D: 0.000000
DATA: dry_enclosure: ✅ Sensor_6: temperature: 23.61 °C | humidity: 25.20 %RH
DATA: dry_enclosure: ✅ PID_P: -0.003594
DATA: dry_enclosure: ✅ PID_I: 167.628967
DATA: dry_enclosure: ✅ PID_D: 0.000637
DATA: dry_enclosure: ✅ PID_P: -0.003594
DATA: dry_enclosure: ✅ PID_I: 167.625366
DATA: dry_enclosure: ✅ PID_D: 0.000000
DATA: dry_enclosure: ✅ Sensor_7: temperature: 25.48 °C | humidity: 21.80 %RH
DATA: dry_enclosure: ✅ PID_P: -0.003066
DATA: dry_enclosure: ✅ PID_I: 167.621994
DATA: dry_enclosure: ✅ PID_D: 0.000480
Loop is running, OTA handle is active...
DATA: dry_enclosure: ✅ PID_P: -0.003066
DATA: dry_enclosure: ✅ PID_I: 167.618927
DATA: dry_enclosure: ✅ PID_D: 0.000000
DATA: dry_enclosure: ✅ Sensor_8: temperature: 22.40 °C | humidity: 25.40 %RH
DATA: dry_enclosure: ✅ PID_P: -0.002538
DATA: dry_enclosure: ✅ PID_I: 167.616180
DATA: dry_enclosure: ✅ PID_D: 0.000487
DATA: dry_enclosure: ✅ PID_P: -0.002538
DATA: dry_enclosure: ✅ PID_I: 167.613647
DATA: dry_enclosure: ✅ PID_D: 0.000000
DATA: dry_enclosure: ✅ Sensor_9: temperature: 24.55 °C | humidity: 22.60 %RH
DATA: dry_enclosure: ✅ PID_P: -0.002009
DATA: dry_enclosure: ✅ PID_I: 167.611374
DATA: dry_enclosure: ✅ PID_D: 0.000468
DATA: dry_enclosure: ✅ PID_P: -0.002009
DATA: dry_enclosure: ✅ PID_I: 167.609360
DATA: dry_enclosure: ✅ PID_D: 0.000000
Loop is running, OTA handle is active...
DATA: dry_enclosure: ✅ Sensor_1: temperature: 22.68 °C | humidity: 26.60 %RH
DATA: dry_enclosure: ✅ PID_P: -0.001058
DATA: dry_enclosure: ✅ PID_I: 167.608154
DATA: dry_enclosure: ✅ PID_D: 0.000833
DATA: dry_enclosure: ✅ PID_P: -0.001058
DATA: dry_enclosure: ✅ PID_I: 167.607101
DATA: dry_enclosure: ✅ PID_D: 0.000000
DATA: dry_enclosure: ✅ Sensor_2: temperature: 23.89 °C | humidity: 25.00 %RH
DATA: dry_enclosure: ✅ PID_P: -0.000317
DATA: dry_enclosure: ✅ PID_I: 167.606735
DATA: dry_enclosure: ✅ PID_D: 0.000653
DATA: dry_enclosure: ✅ PID_P: -0.000317
DATA: dry_enclosure: ✅ PID_I: 167.606415
DATA: dry_enclosure: ✅ PID_D: 0.000000
[ID 3] Error: 0xE2
DATA: dry_enclosure: ✅ PID_P: -0.000317
DATA: dry_enclosure: ✅ PID_I: 167.604156
DATA: dry_enclosure: ✅ PID_D: 0.000000
Loop is running, OTA handle is active...
DATA: dry_enclosure: ✅ PID_P: -0.000317
DATA: dry_enclosure: ✅ PID_I: 167.603836
DATA: dry_enclosure: ✅ PID_D: 0.000000
DATA: dry_enclosure: ✅ Sensor_4: temperature: 20.25 °C | humidity: 33.70 %RH
DATA: dry_enclosure: ✅ PID_P: 0.005608
DATA: dry_enclosure: ✅ PID_I: 167.610184
DATA: dry_enclosure: ✅ PID_D: 0.005239
DATA: dry_enclosure: ✅ PID_P: 0.005608
DATA: dry_enclosure: ✅ PID_I: 167.615799
DATA: dry_enclosure: ✅ PID_D: 0.000000
[ID 5] Error: 0xE2
DATA: dry_enclosure: ✅ PID_P: 0.005608
DATA: dry_enclosure: ✅ PID_I: 167.655716
DATA: dry_enclosure: ✅ PID_D: 0.000000
DATA: dry_enclosure: ✅ Fan_1: 1
DATA: dry_enclosure: ✅ Fan_2: 1
DATA: dry_enclosure: ✅ Fan_3: 1
DATA: dry_enclosure: ✅ Fan_4: 1
DATA: dry_enclosure: ✅ Fan_5: 1
DATA: dry_enclosure: ✅ Fan_6: 1
DATA: dry_enclosure: ✅ Fan_7: 1
DATA: dry_enclosure: ✅ Fan_8: 1
DATA: dry_enclosure: ✅ Fan_9: 1
DATA: dry_enclosure: ✅ Fan_10: 1
DATA: dry_enclosure: ✅ Fan_11: 1
DATA: dry_enclosure: ✅ Fan_12: 1
DATA: dry_enclosure: ✅ Heater_Percent: 0.0 %
DATA: dry_enclosure: ✅ Dehumidifier_Percent: 100.0 %RH
Loop is running, OTA handle is active...
DATA: dry_enclosure: ✅ PID_P: 0.005608
DATA: dry_enclosure: ✅ PID_I: 167.661331
DATA: dry_enclosure: ✅ PID_D: 0.000000
DATA: dry_enclosure: ✅ Sensor_6: temperature: 23.24 °C | humidity: 29.90 %RH
DATA: dry_enclosure: ✅ PID_P: 0.010583
DATA: dry_enclosure: ✅ PID_I: 167.673615
DATA: dry_enclosure: ✅ PID_D: 0.004289
DATA: dry_enclosure: ✅ PID_P: 0.010583
DATA: dry_enclosure: ✅ PID_I: 167.684204
DATA: dry_enclosure: ✅ PID_D: 0.000000
DATA: dry_enclosure: ✅ Sensor_7: temperature: 25.11 °C | humidity: 25.30 %RH
DATA: dry_enclosure: ✅ PID_P: 0.014290
DATA: dry_enclosure: ✅ PID_I: 167.699890
DATA: dry_enclosure: ✅ PID_D: 0.003376
Loop is running, OTA handle is active...
DATA: dry_enclosure: ✅ PID_P: 0.014290
DATA: dry_enclosure: ✅ PID_I: 167.714188
DATA: dry_enclosure: ✅ PID_D: 0.000000
DATA: dry_enclosure: ✅ Sensor_8: temperature: 22.12 °C | humidity: 32.20 %RH
DATA: dry_enclosure: ✅ PID_P: 0.021491
DATA: dry_enclosure: ✅ PID_I: 167.737488
DATA: dry_enclosure: ✅ PID_D: 0.006643
DATA: dry_enclosure: ✅ PID_P: 0.021491
DATA: dry_enclosure: ✅ PID_I: 167.758972
DATA: dry_enclosure: ✅ PID_D: 0.000000
DATA: dry_enclosure: ✅ Sensor_9: temperature: 24.36 °C | humidity: 27.20 %RH
DATA: dry_enclosure: ✅ PID_P: 0.026363
DATA: dry_enclosure: ✅ PID_I: 167.788940
DATA: dry_enclosure: ✅ PID_D: 0.004285
DATA: dry_enclosure: ✅ PID_P: 0.026363
DATA: dry_enclosure: ✅ PID_I: 167.815308
DATA: dry_enclosure: ✅ PID_D: 0.000000
Loop is running, OTA handle is active...
DATA: dry_enclosure: ✅ Sensor_1: temperature: 22.31 °C | humidity: 33.80 %RH
DATA: dry_enclosure: ✅ PID_P: 0.033992
DATA: dry_enclosure: ✅ PID_I: 167.853104
DATA: dry_enclosure: ✅ PID_D: 0.006861
DATA: dry_enclosure: ✅ PID_P: 0.033992
DATA: dry_enclosure: ✅ PID_I: 167.887100
DATA: dry_enclosure: ✅ PID_D: 0.000000
DATA: dry_enclosure: ✅ Sensor_2: temperature: 23.52 °C | humidity: 30.40 %RH
DATA: dry_enclosure: ✅ PID_P: 0.039718
DATA: dry_enclosure: ✅ PID_I: 167.930267
DATA: dry_enclosure: ✅ PID_D: 0.005267
DATA: dry_enclosure: ✅ PID_P: 0.039718
DATA: dry_enclosure: ✅ PID_I: 167.969986
DATA: dry_enclosure: ✅ PID_D: 0.000000
[ID 3] Error: 0xE2
DATA: dry_enclosure: ✅ PID_P: 0.039718
DATA: dry_enclosure: ✅ PID_I: 168.252655
DATA: dry_enclosure: ✅ PID_D: 0.000000
Loop is running, OTA handle is active...
DATA: dry_enclosure: ✅ PID_P: 0.039718
DATA: dry_enclosure: ✅ PID_I: 168.292374
DATA: dry_enclosure: ✅ PID_D: 0.000000
DATA: dry_enclosure: ✅ Sensor_4: temperature: 20.16 °C | humidity: 39.30 %RH
DATA: dry_enclosure: ✅ PID_P: 0.045651
DATA: dry_enclosure: ✅ PID_I: 168.344147
DATA: dry_enclosure: ✅ PID_D: 0.005232
DATA: dry_enclosure: ✅ PID_P: 0.045651
DATA: dry_enclosure: ✅ PID_I: 168.389801
DATA: dry_enclosure: ✅ PID_D: 0.000000
[ID 5] Error: 0xE2
DATA: dry_enclosure: ✅ PID_P: 0.045651
DATA: dry_enclosure: ✅ PID_I: 168.714706
DATA: dry_enclosure: ✅ PID_D: 0.000000
DATA: dry_enclosure: ✅ Fan_1: 1
DATA: dry_enclosure: ✅ Fan_2: 1
DATA: dry_enclosure: ✅ Fan_3: 1
DATA: dry_enclosure: ✅ Fan_4: 1
DATA: dry_enclosure: ✅ Fan_5: 1
DATA: dry_enclosure: ✅ Fan_6: 1
DATA: dry_enclosure: ✅ Fan_7: 1
DATA: dry_enclosure: ✅ Fan_8: 1
DATA: dry_enclosure: ✅ Fan_9: 1
DATA: dry_enclosure: ✅ Fan_10: 1
DATA: dry_enclosure: ✅ Fan_11: 1
DATA: dry_enclosure: ✅ Fan_12: 1
DATA: dry_enclosure: ✅ Heater_Percent: 0.0 %
DATA: dry_enclosure: ✅ Dehumidifier_Percent: 100.0 %RH
Loop is running, OTA handle is active...
DATA: dry_enclosure: ✅ PID_P: 0.045651
DATA: dry_enclosure: ✅ PID_I: 168.760361
DATA: dry_enclosure: ✅ PID_D: 0.000000
DATA: dry_enclosure: ✅ PID_P: 0.045651
DATA: dry_enclosure: ✅ PID_I: 168.806015
DATA: dry_enclosure: ✅ PID_D: 0.000000
DATA: dry_enclosure: ✅ Sensor_6: temperature: 22.96 °C | humidity: 34.10 %RH
DATA: dry_enclosure: ✅ PID_P: 0.050107
DATA: dry_enclosure: ✅ PID_I: 168.856125
DATA: dry_enclosure: ✅ PID_D: 0.004455
DATA: dry_enclosure: ✅ PID_P: 0.050107
DATA: dry_enclosure: ✅ PID_I: 168.906235
DATA: dry_enclosure: ✅ PID_D: 0.000000
DATA: dry_enclosure: ✅ Sensor_7: temperature: 24.92 °C | humidity: 28.90 %RH
DATA: dry_enclosure: ✅ PID_P: 0.053925
DATA: dry_enclosure: ✅ PID_I: 168.960159
DATA: dry_enclosure: ✅ PID_D: 0.003818
Loop is running, OTA handle is active...
DATA: dry_enclosure: ✅ PID_P: 0.053925
DATA: dry_enclosure: ✅ PID_I: 169.014084
DATA: dry_enclosure: ✅ PID_D: 0.000000
DATA: dry_enclosure: ✅ Sensor_8: temperature: 22.03 °C | humidity: 34.60 %RH
DATA: dry_enclosure: ✅ PID_P: 0.056470
DATA: dry_enclosure: ✅ PID_I: 169.070557
DATA: dry_enclosure: ✅ PID_D: 0.002545
DATA: dry_enclosure: ✅ PID_P: 0.056470
DATA: dry_enclosure: ✅ PID_I: 169.127029
DATA: dry_enclosure: ✅ PID_D: 0.000000
DATA: dry_enclosure: ✅ Sensor_9: temperature: 24.08 °C | humidity: 30.40 %RH
DATA: dry_enclosure: ✅ PID_P: 0.059869
DATA: dry_enclosure: ✅ PID_I: 169.186905
DATA: dry_enclosure: ✅ PID_D: 0.003398
DATA: dry_enclosure: ✅ PID_P: 0.059869
DATA: dry_enclosure: ✅ PID_I: 169.246780
DATA: dry_enclosure: ✅ PID_D: 0.000000
Loop is running, OTA handle is active...
DATA: dry_enclosure: ✅ Sensor_1: temperature: 22.21 °C | humidity: 35.60 %RH
DATA: dry_enclosure: ✅ PID_P: 0.061779
DATA: dry_enclosure: ✅ PID_I: 169.308563
DATA: dry_enclosure: ✅ PID_D: 0.001910
DATA: dry_enclosure: ✅ PID_P: 0.061779
DATA: dry_enclosure: ✅ PID_I: 169.370346
DATA: dry_enclosure: ✅ PID_D: 0.000000
DATA: dry_enclosure: ✅ Sensor_2: temperature: 23.33 °C | humidity: 33.00 %RH
DATA: dry_enclosure: ✅ PID_P: 0.064540
DATA: dry_enclosure: ✅ PID_I: 169.434891
DATA: dry_enclosure: ✅ PID_D: 0.002761
DATA: dry_enclosure: ✅ PID_P: 0.064540
DATA: dry_enclosure: ✅ PID_I: 169.499435
DATA: dry_enclosure: ✅ PID_D: 0.000000
[ID 3] Error: 0xE2
DATA: dry_enclosure: ✅ PID_P: 0.064540
DATA: dry_enclosure: ✅ PID_I: 169.941589
DATA: dry_enclosure: ✅ PID_D: 0.000000
Loop is running, OTA handle is active...
DATA: dry_enclosure: ✅ PID_P: 0.064540
DATA: dry_enclosure: ✅ PID_I: 170.006134
DATA: dry_enclosure: ✅ PID_D: 0.000000
DATA: dry_enclosure: ✅ PID_P: 0.064540
DATA: dry_enclosure: ✅ PID_I: 170.070679
DATA: dry_enclosure: ✅ PID_D: 0.000000
DATA: dry_enclosure: ✅ Sensor_4: temperature: 20.35 °C | humidity: 37.90 %RH
DATA: dry_enclosure: ✅ PID_P: 0.063050
DATA: dry_enclosure: ✅ PID_I: 170.133728
DATA: dry_enclosure: ✅ PID_D: -0.001489
DATA: dry_enclosure: ✅ PID_P: 0.063050
DATA: dry_enclosure: ✅ PID_I: 170.196777
DATA: dry_enclosure: ✅ PID_D: 0.000000
[ID 5] Error: 0xE2
DATA: dry_enclosure: ✅ PID_P: 0.063050
DATA: dry_enclosure: ✅ PID_I: 170.589462
DATA: dry_enclosure: ✅ PID_D: 0.000000
DATA: dry_enclosure: ✅ Fan_1: 1
DATA: dry_enclosure: ✅ Fan_2: 1
DATA: dry_enclosure: ✅ Fan_3: 1
DATA: dry_enclosure: ✅ Fan_4: 1
DATA: dry_enclosure: ✅ Fan_5: 1
DATA: dry_enclosure: ✅ Fan_6: 1
DATA: dry_enclosure: ✅ Fan_7: 1
DATA: dry_enclosure: ✅ Fan_8: 1
DATA: dry_enclosure: ✅ Fan_9: 1
DATA: dry_enclosure: ✅ Fan_10: 1
DATA: dry_enclosure: ✅ Fan_11: 1
DATA: dry_enclosure: ✅ Fan_12: 1
DATA: dry_enclosure: ✅ Heater_Percent: 0.0 %
DATA: dry_enclosure: ✅ Dehumidifier_Percent: 100.0 %RH
Loop is running, OTA handle is active...
DATA: dry_enclosure: ✅ PID_P: 0.063050
DATA: dry_enclosure: ✅ PID_I: 170.652512
DATA: dry_enclosure: ✅ PID_D: 0.000000
DATA: dry_enclosure: ✅ Sensor_6: temperature: 22.96 °C | humidity: 33.80 %RH
DATA: dry_enclosure: ✅ PID_P: 0.062732
DATA: dry_enclosure: ✅ PID_I: 170.725464
DATA: dry_enclosure: ✅ PID_D: -0.000273
DATA: dry_enclosure: ✅ PID_P: 0.062732
DATA: dry_enclosure: ✅ PID_I: 170.788193
DATA: dry_enclosure: ✅ PID_D: 0.000000
DATA: dry_enclosure: ✅ Sensor_7: temperature: 24.64 °C | humidity: 29.10 %RH
DATA: dry_enclosure: ✅ PID_P: 0.062953
DATA: dry_enclosure: ✅ PID_I: 170.858582
DATA: dry_enclosure: ✅ PID_D: 0.000197
Loop is running, OTA handle is active...
DATA: dry_enclosure: ✅ PID_P: 0.062953
DATA: dry_enclosure: ✅ PID_I: 170.921539
DATA: dry_enclosure: ✅ PID_D: 0.000000
DATA: dry_enclosure: ✅ Sensor_8: temperature: 22.21 °C | humidity: 33.70 %RH
DATA: dry_enclosure: ✅ PID_P: 0.061993
DATA: dry_enclosure: ✅ PID_I: 170.988800
DATA: dry_enclosure: ✅ PID_D: -0.000884
DATA: dry_enclosure: ✅ PID_P: 0.061993
DATA: dry_enclosure: ✅ PID_I: 171.050797
DATA: dry_enclosure: ✅ PID_D: 0.000000
DATA: dry_enclosure: ✅ Sensor_9: temperature: 23.89 °C | humidity: 30.10 %RH
DATA: dry_enclosure: ✅ PID_P: 0.061681
DATA: dry_enclosure: ✅ PID_I: 171.120193
DATA: dry_enclosure: ✅ PID_D: -0.000278
DATA: dry_enclosure: ✅ PID_P: 0.061681
DATA: dry_enclosure: ✅ PID_I: 171.181870
DATA: dry_enclosure: ✅ PID_D: 0.000000
Loop is running, OTA handle is active...
DATA: dry_enclosure: ✅ Sensor_1: temperature: 22.21 °C | humidity: 35.00 %RH
DATA: dry_enclosure: ✅ PID_P: 0.061045
DATA: dry_enclosure: ✅ PID_I: 171.250793
DATA: dry_enclosure: ✅ PID_D: -0.000563
DATA: dry_enclosure: ✅ PID_P: 0.061045
DATA: dry_enclosure: ✅ PID_I: 171.311844
DATA: dry_enclosure: ✅ PID_D: 0.000000
DATA: dry_enclosure: ✅ Sensor_2: temperature: 23.24 °C | humidity: 32.80 %RH
DATA: dry_enclosure: ✅ PID_P: 0.060836
DATA: dry_enclosure: ✅ PID_I: 171.380585
DATA: dry_enclosure: ✅ PID_D: -0.000185
DATA: dry_enclosure: ✅ PID_P: 0.060836
DATA: dry_enclosure: ✅ PID_I: 171.441422
DATA: dry_enclosure: ✅ PID_D: 0.000000
[ID 3] Error: 0xE2
DATA: dry_enclosure: ✅ PID_P: 0.060836
DATA: dry_enclosure: ✅ PID_I: 171.874390
DATA: dry_enclosure: ✅ PID_D: 0.000000
Loop is running, OTA handle is active...
DATA: dry_enclosure: ✅ PID_P: 0.060836
DATA: dry_enclosure: ✅ PID_I: 171.935226
DATA: dry_enclosure: ✅ PID_D: 0.000000
DATA: dry_enclosure: ✅ Sensor_4: temperature: 20.81 °C | humidity: 36.30 %RH
DATA: dry_enclosure: ✅ PID_P: 0.059127
DATA: dry_enclosure: ✅ PID_I: 172.002335
DATA: dry_enclosure: ✅ PID_D: -0.001506
DATA: dry_enclosure: ✅ PID_P: 0.059127
DATA: dry_enclosure: ✅ PID_I: 172.061462
DATA: dry_enclosure: ✅ PID_D: 0.000000
DATA: dry_enclosure: ✅ PID_P: 0.059127
DATA: dry_enclosure: ✅ PID_I: 172.120590
DATA: dry_enclosure: ✅ PID_D: 0.000000
[ID 5] Error: 0xE2
DATA: dry_enclosure: ✅ PID_P: 0.059127
DATA: dry_enclosure: ✅ PID_I: 172.482391
DATA: dry_enclosure: ✅ PID_D: 0.000000
DATA: dry_enclosure: ✅ Fan_1: 1
DATA: dry_enclosure: ✅ Fan_2: 1
DATA: dry_enclosure: ✅ Fan_3: 1
DATA: dry_enclosure: ✅ Fan_4: 1
DATA: dry_enclosure: ✅ Fan_5: 1
DATA: dry_enclosure: ✅ Fan_6: 1
DATA: dry_enclosure: ✅ Fan_7: 1
DATA: dry_enclosure: ✅ Fan_8: 1
DATA: dry_enclosure: ✅ Fan_9: 1
DATA: dry_enclosure: ✅ Fan_10: 1
DATA: dry_enclosure: ✅ Fan_11: 1
DATA: dry_enclosure: ✅ Fan_12: 1
DATA: dry_enclosure: ✅ Heater_Percent: 0.0 %
DATA: dry_enclosure: ✅ Dehumidifier_Percent: 100.0 %RH
Loop is running, OTA handle is active...
DATA: dry_enclosure: ✅ PID_P: 0.059127
DATA: dry_enclosure: ✅ PID_I: 172.541519
DATA: dry_enclosure: ✅ PID_D: 0.000000
DATA: dry_enclosure: ✅ Sensor_6: temperature: 22.96 °C | humidity: 33.30 %RH
DATA: dry_enclosure: ✅ PID_P: 0.058597
DATA: dry_enclosure: ✅ PID_I: 172.604446
DATA: dry_enclosure: ✅ PID_D: -0.000493
DATA: dry_enclosure: ✅ PID_P: 0.058597
DATA: dry_enclosure: ✅ PID_I: 172.663040
DATA: dry_enclosure: ✅ PID_D: 0.000000
DATA: dry_enclosure: ✅ Sensor_7: temperature: 24.64 °C | humidity: 28.70 %RH
DATA: dry_enclosure: ✅ PID_P: 0.058173
DATA: dry_enclosure: ✅ PID_I: 172.730469
DATA: dry_enclosure: ✅ PID_D: -0.000366
Loop is running, OTA handle is active...
DATA: dry_enclosure: ✅ PID_P: 0.058173
DATA: dry_enclosure: ✅ PID_I: 172.788635
DATA: dry_enclosure: ✅ PID_D: 0.000000
DATA: dry_enclosure: ✅ Sensor_8: temperature: 22.49 °C | humidity: 32.60 %RH
DATA: dry_enclosure: ✅ PID_P: 0.057000
DATA: dry_enclosure: ✅ PID_I: 172.850418
DATA: dry_enclosure: ✅ PID_D: -0.001082
DATA: dry_enclosure: ✅ PID_P: 0.057000
DATA: dry_enclosure: ✅ PID_I: 172.907425
DATA: dry_enclosure: ✅ PID_D: 0.000000
DATA: dry_enclosure: ✅ PID_P: 0.057000
DATA: dry_enclosure: ✅ PID_I: 172.964432
DATA: dry_enclosure: ✅ PID_D: 0.000000
DATA: dry_enclosure: ✅ Sensor_9: temperature: 23.89 °C | humidity: 29.60 %RH
DATA: dry_enclosure: ✅ PID_P: 0.056470
DATA: dry_enclosure: ✅ PID_I: 173.020905
DATA: dry_enclosure: ✅ PID_D: -0.000530
Loop is running, OTA handle is active...
DATA: dry_enclosure: ✅ PID_P: 0.056470
DATA: dry_enclosure: ✅ PID_I: 173.077377
DATA: dry_enclosure: ✅ PID_D: 0.000000
DATA: dry_enclosure: ✅ Sensor_1: temperature: 22.31 °C | humidity: 34.30 %RH
DATA: dry_enclosure: ✅ PID_P: 0.055726
DATA: dry_enclosure: ✅ PID_I: 173.133102
DATA: dry_enclosure: ✅ PID_D: -0.000744
DATA: dry_enclosure: ✅ PID_P: 0.055726
DATA: dry_enclosure: ✅ PID_I: 173.188828
DATA: dry_enclosure: ✅ PID_D: 0.000000
DATA: dry_enclosure: ✅ Sensor_2: temperature: 23.33 °C | humidity: 32.30 %RH
DATA: dry_enclosure: ✅ PID_P: 0.055194
DATA: dry_enclosure: ✅ PID_I: 173.244019
DATA: dry_enclosure: ✅ PID_D: -0.000532
DATA: dry_enclosure: ✅ PID_P: 0.055194
DATA: dry_enclosure: ✅ PID_I: 173.299210
DATA: dry_enclosure: ✅ PID_D: 0.000000
[ID 3] Error: 0xE2
DATA: dry_enclosure: ✅ PID_P: 0.055194
DATA: dry_enclosure: ✅ PID_I: 173.658417
DATA: dry_enclosure: ✅ PID_D: 0.000000
Loop is running, OTA handle is active...
DATA: dry_enclosure: ✅ PID_P: 0.055194
DATA: dry_enclosure: ✅ PID_I: 173.713608
DATA: dry_enclosure: ✅ PID_D: 0.000000
DATA: dry_enclosure: ✅ Sensor_4: temperature: 21.28 °C | humidity: 34.90 %RH
DATA: dry_enclosure: ✅ PID_P: 0.053699
DATA: dry_enclosure: ✅ PID_I: 173.774338
DATA: dry_enclosure: ✅ PID_D: -0.001322
DATA: dry_enclosure: ✅ PID_P: 0.053699
DATA: dry_enclosure: ✅ PID_I: 173.828033
DATA: dry_enclosure: ✅ PID_D: 0.000000
[ID 5] Error: 0xE2
DATA: dry_enclosure: ✅ PID_P: 0.053699
DATA: dry_enclosure: ✅ PID_I: 174.210159
DATA: dry_enclosure: ✅ PID_D: 0.000000
DATA: dry_enclosure: ✅ Fan_1: 1
DATA: dry_enclosure: ✅ Fan_2: 1
DATA: dry_enclosure: ✅ Fan_3: 1
DATA: dry_enclosure: ✅ Fan_4: 1
DATA: dry_enclosure: ✅ Fan_5: 1
DATA: dry_enclosure: ✅ Fan_6: 1
DATA: dry_enclosure: ✅ Fan_7: 1
DATA: dry_enclosure: ✅ Fan_8: 1
DATA: dry_enclosure: ✅ Fan_9: 1
DATA: dry_enclosure: ✅ Fan_10: 1
DATA: dry_enclosure: ✅ Fan_11: 1
DATA: dry_enclosure: ✅ Fan_12: 1
DATA: dry_enclosure: ✅ Heater_Percent: 0.0 %
DATA: dry_enclosure: ✅ Dehumidifier_Percent: 100.0 %RH
Loop is running, OTA handle is active...
DATA: dry_enclosure: ✅ PID_P: 0.053699
DATA: dry_enclosure: ✅ PID_I: 174.263855
DATA: dry_enclosure: ✅ PID_D: 0.000000
DATA: dry_enclosure: ✅ Sensor_6: temperature: 23.05 °C | humidity: 32.60 %RH
DATA: dry_enclosure: ✅ PID_P: 0.052955
DATA: dry_enclosure: ✅ PID_I: 174.324753
DATA: dry_enclosure: ✅ PID_D: -0.000647
DATA: dry_enclosure: ✅ PID_P: 0.052955
DATA: dry_enclosure: ✅ PID_I: 174.377701
DATA: dry_enclosure: ✅ PID_D: 0.000000
DATA: dry_enclosure: ✅ Sensor_7: temperature: 24.55 °C | humidity: 28.40 %RH
DATA: dry_enclosure: ✅ PID_P: 0.052639
DATA: dry_enclosure: ✅ PID_I: 174.437027
DATA: dry_enclosure: ✅ PID_D: -0.000280
Loop is running, OTA handle is active...
DATA: dry_enclosure: ✅ PID_P: 0.052639
DATA: dry_enclosure: ✅ PID_I: 174.489670
DATA: dry_enclosure: ✅ PID_D: 0.000000
DATA: dry_enclosure: ✅ Sensor_8: temperature: 22.77 °C | humidity: 31.50 %RH
DATA: dry_enclosure: ✅ PID_P: 0.051467
DATA: dry_enclosure: ✅ PID_I: 174.545151
DATA: dry_enclosure: ✅ PID_D: -0.001087
DATA: dry_enclosure: ✅ PID_P: 0.051467
DATA: dry_enclosure: ✅ PID_I: 174.596619
DATA: dry_enclosure: ✅ PID_D: 0.000000
DATA: dry_enclosure: ✅ Sensor_9: temperature: 23.89 °C | humidity: 29.20 %RH
DATA: dry_enclosure: ✅ PID_P: 0.051044
DATA: dry_enclosure: ✅ PID_I: 174.653381
DATA: dry_enclosure: ✅ PID_D: -0.000381
DATA: dry_enclosure: ✅ PID_P: 0.051044
DATA: dry_enclosure: ✅ PID_I: 174.704422
DATA: dry_enclosure: ✅ PID_D: 0.000000
Loop is running, OTA handle is active...
DATA: dry_enclosure: ✅ Sensor_1: temperature: 22.49 °C | humidity: 33.40 %RH
DATA: dry_enclosure: ✅ PID_P: 0.050086
DATA: dry_enclosure: ✅ PID_I: 174.761414
DATA: dry_enclosure: ✅ PID_D: -0.000841
DATA: dry_enclosure: ✅ PID_P: 0.050086
DATA: dry_enclosure: ✅ PID_I: 174.811493
DATA: dry_enclosure: ✅ PID_D: 0.000000
DATA: dry_enclosure: ✅ Sensor_2: temperature: 23.43 °C | humidity: 31.70 %RH
DATA: dry_enclosure: ✅ PID_P: 0.049449
DATA: dry_enclosure: ✅ PID_I: 174.866821
DATA: dry_enclosure: ✅ PID_D: -0.000570
DATA: dry_enclosure: ✅ PID_P: 0.049449
DATA: dry_enclosure: ✅ PID_I: 174.916275
DATA: dry_enclosure: ✅ PID_D: 0.000000
[ID 3] Error: 0xE2
DATA: dry_enclosure: ✅ PID_P: 0.049449
DATA: dry_enclosure: ✅ PID_I: 175.268204
DATA: dry_enclosure: ✅ PID_D: 0.000000
Loop is running, OTA handle is active...
DATA: dry_enclosure: ✅ PID_P: 0.049449
DATA: dry_enclosure: ✅ PID_I: 175.317657
DATA: dry_enclosure: ✅ PID_D: 0.000000
DATA: dry_enclosure: ✅ PID_P: 0.049449
DATA: dry_enclosure: ✅ PID_I: 175.367111
DATA: dry_enclosure: ✅ PID_D: 0.000000
DATA: dry_enclosure: ✅ Sensor_4: temperature: 21.84 °C | humidity: 33.50 %RH
DATA: dry_enclosure: ✅ PID_P: 0.047953
DATA: dry_enclosure: ✅ PID_I: 175.415070
DATA: dry_enclosure: ✅ PID_D: -0.001495
DATA: dry_enclosure: ✅ PID_P: 0.047953
DATA: dry_enclosure: ✅ PID_I: 175.463028
DATA: dry_enclosure: ✅ PID_D: 0.000000
[ID 5] Error: 0xE2
DATA: dry_enclosure: ✅ PID_P: 0.047953
DATA: dry_enclosure: ✅ PID_I: 175.762024
DATA: dry_enclosure: ✅ PID_D: 0.000000
DATA: dry_enclosure: ✅ Fan_1: 1
DATA: dry_enclosure: ✅ Fan_2: 1
DATA: dry_enclosure: ✅ Fan_3: 1
DATA: dry_enclosure: ✅ Fan_4: 1
DATA: dry_enclosure: ✅ Fan_5: 1
DATA: dry_enclosure: ✅ Fan_6: 1
DATA: dry_enclosure: ✅ Fan_7: 1
DATA: dry_enclosure: ✅ Fan_8: 1
DATA: dry_enclosure: ✅ Fan_9: 1
DATA: dry_enclosure: ✅ Fan_10: 1
DATA: dry_enclosure: ✅ Fan_11: 1
DATA: dry_enclosure: ✅ Fan_12: 1
DATA: dry_enclosure: ✅ Heater_Percent: 0.0 %
DATA: dry_enclosure: ✅ Dehumidifier_Percent: 100.0 %RH
Loop is running, OTA handle is active...
DATA: dry_enclosure: ✅ PID_P: 0.047953
DATA: dry_enclosure: ✅ PID_I: 175.809982
DATA: dry_enclosure: ✅ PID_D: 0.000000
DATA: dry_enclosure: ✅ Sensor_6: temperature: 23.24 °C | humidity: 31.90 %RH
DATA: dry_enclosure: ✅ PID_P: 0.047208
DATA: dry_enclosure: ✅ PID_I: 175.864273
DATA: dry_enclosure: ✅ PID_D: -0.000648
DATA: dry_enclosure: ✅ PID_P: 0.047208
DATA: dry_enclosure: ✅ PID_I: 175.911484
DATA: dry_enclosure: ✅ PID_D: 0.000000
DATA: dry_enclosure: ✅ Sensor_7: temperature: 24.55 °C | humidity: 28.10 %RH
DATA: dry_enclosure: ✅ PID_P: 0.046891
DATA: dry_enclosure: ✅ PID_I: 175.964325
DATA: dry_enclosure: ✅ PID_D: -0.000282
Loop is running, OTA handle is active...
DATA: dry_enclosure: ✅ PID_P: 0.046891
DATA: dry_enclosure: ✅ PID_I: 176.011215
DATA: dry_enclosure: ✅ PID_D: 0.000000
DATA: dry_enclosure: ✅ Sensor_8: temperature: 23.05 °C | humidity: 30.50 %RH
DATA: dry_enclosure: ✅ PID_P: 0.045826
DATA: dry_enclosure: ✅ PID_I: 176.062225
DATA: dry_enclosure: ✅ PID_D: -0.000957
DATA: dry_enclosure: ✅ PID_P: 0.045826
DATA: dry_enclosure: ✅ PID_I: 176.108047
DATA: dry_enclosure: ✅ PID_D: 0.000000
DATA: dry_enclosure: ✅ Sensor_9: temperature: 23.99 °C | humidity: 28.80 %RH
DATA: dry_enclosure: ✅ PID_P: 0.045401
DATA: dry_enclosure: ✅ PID_I: 176.158844
DATA: dry_enclosure: ✅ PID_D: -0.000380
DATA: dry_enclosure: ✅ PID_P: 0.045401
DATA: dry_enclosure: ✅ PID_I: 176.204239
DATA: dry_enclosure: ✅ PID_D: 0.000000
Loop is running, OTA handle is active...
DATA: dry_enclosure: ✅ PID_P: 0.045401
DATA: dry_enclosure: ✅ PID_I: 176.249634
DATA: dry_enclosure: ✅ PID_D: 0.000000
DATA: dry_enclosure: ✅ Sensor_1: temperature: 22.77 °C | humidity: 32.60 %RH
DATA: dry_enclosure: ✅ PID_P: 0.044548
DATA: dry_enclosure: ✅ PID_I: 176.294174
DATA: dry_enclosure: ✅ PID_D: -0.000853
DATA: dry_enclosure: ✅ PID_P: 0.044548
DATA: dry_enclosure: ✅ PID_I: 176.338715
DATA: dry_enclosure: ✅ PID_D: 0.000000
DATA: dry_enclosure: ✅ Sensor_2: temperature: 23.61 °C | humidity: 31.10 %RH
DATA: dry_enclosure: ✅ PID_P: 0.043909
DATA: dry_enclosure: ✅ PID_I: 176.382629
DATA: dry_enclosure: ✅ PID_D: -0.000639
DATA: dry_enclosure: ✅ PID_P: 0.043909
DATA: dry_enclosure: ✅ PID_I: 176.426544
DATA: dry_enclosure: ✅ PID_D: 0.000000
[ID 3] Error: 0xE2
DATA: dry_enclosure: ✅ PID_P: 0.043909
DATA: dry_enclosure: ✅ PID_I: 176.706863
DATA: dry_enclosure: ✅ PID_D: 0.000000
Loop is running, OTA handle is active...
DATA: dry_enclosure: ✅ PID_P: 0.043909
DATA: dry_enclosure: ✅ PID_I: 176.750778
DATA: dry_enclosure: ✅ PID_D: 0.000000
DATA: dry_enclosure: ✅ Sensor_4: temperature: 22.21 °C | humidity: 32.20 %RH
DATA: dry_enclosure: ✅ PID_P: 0.042526
DATA: dry_enclosure: ✅ PID_I: 176.799179
DATA: dry_enclosure: ✅ PID_D: -0.001215
DATA: dry_enclosure: ✅ PID_P: 0.042526
DATA: dry_enclosure: ✅ PID_I: 176.841705
DATA: dry_enclosure: ✅ PID_D: 0.000000
[ID 5] Error: 0xE2
DATA: dry_enclosure: ✅ PID_P: 0.042526
DATA: dry_enclosure: ✅ PID_I: 177.144363
DATA: dry_enclosure: ✅ PID_D: 0.000000
DATA: dry_enclosure: ✅ Fan_1: 1
DATA: dry_enclosure: ✅ Fan_2: 1
DATA: dry_enclosure: ✅ Fan_3: 1
DATA: dry_enclosure: ✅ Fan_4: 1
DATA: dry_enclosure: ✅ Fan_5: 1
DATA: dry_enclosure: ✅ Fan_6: 1
DATA: dry_enclosure: ✅ Fan_7: 1
DATA: dry_enclosure: ✅ Fan_8: 1
DATA: dry_enclosure: ✅ Fan_9: 1
DATA: dry_enclosure: ✅ Fan_10: 1
DATA: dry_enclosure: ✅ Fan_11: 1
DATA: dry_enclosure: ✅ Fan_12: 1
DATA: dry_enclosure: ✅ Heater_Percent: 0.0 %
DATA: dry_enclosure: ✅ Dehumidifier_Percent: 100.0 %RH
Loop is running, OTA handle is active...
DATA: dry_enclosure: ✅ PID_P: 0.042526
DATA: dry_enclosure: ✅ PID_I: 177.186890
DATA: dry_enclosure: ✅ PID_D: 0.000000
DATA: dry_enclosure: ✅ Sensor_6: temperature: 23.43 °C | humidity: 31.20 %RH
DATA: dry_enclosure: ✅ PID_P: 0.041782
DATA: dry_enclosure: ✅ PID_I: 177.234726
DATA: dry_enclosure: ✅ PID_D: -0.000650
DATA: dry_enclosure: ✅ PID_P: 0.041782
DATA: dry_enclosure: ✅ PID_I: 177.276505
DATA: dry_enclosure: ✅ PID_D: 0.000000
DATA: dry_enclosure: ✅ PID_P: 0.041782
DATA: dry_enclosure: ✅ PID_I: 177.318283
DATA: dry_enclosure: ✅ PID_D: 0.000000
DATA: dry_enclosure: ✅ Sensor_7: temperature: 24.55 °C | humidity: 27.80 %RH
Loop is running, OTA handle is active...
DATA: dry_enclosure: ✅ PID_P: 0.041464
DATA: dry_enclosure: ✅ PID_I: 177.359741
DATA: dry_enclosure: ✅ PID_D: -0.000317
DATA: dry_enclosure: ✅ PID_P: 0.041464
DATA: dry_enclosure: ✅ PID_I: 177.401199
DATA: dry_enclosure: ✅ PID_D: 0.000000
DATA: dry_enclosure: ✅ Sensor_8: temperature: 23.33 °C | humidity: 29.70 %RH
DATA: dry_enclosure: ✅ PID_P: 0.040613
DATA: dry_enclosure: ✅ PID_I: 177.441818
DATA: dry_enclosure: ✅ PID_D: -0.000852
DATA: dry_enclosure: ✅ PID_P: 0.040613
DATA: dry_enclosure: ✅ PID_I: 177.482437
DATA: dry_enclosure: ✅ PID_D: 0.000000
DATA: dry_enclosure: ✅ Sensor_9: temperature: 23.99 °C | humidity: 28.30 %RH
DATA: dry_enclosure: ✅ PID_P: 0.040084
DATA: dry_enclosure: ✅ PID_I: 177.522522
DATA: dry_enclosure: ✅ PID_D: -0.000529
Loop is running, OTA handle is active...
DATA: dry_enclosure: ✅ PID_P: 0.040084
DATA: dry_enclosure: ✅ PID_I: 177.562607
DATA: dry_enclosure: ✅ PID_D: 0.000000
DATA: dry_enclosure: ✅ Sensor_1: temperature: 22.96 °C | humidity: 31.90 %RH
DATA: dry_enclosure: ✅ PID_P: 0.039340
DATA: dry_enclosure: ✅ PID_I: 177.601944
DATA: dry_enclosure: ✅ PID_D: -0.000744
DATA: dry_enclosure: ✅ PID_P: 0.039340
DATA: dry_enclosure: ✅ PID_I: 177.641281
DATA: dry_enclosure: ✅ PID_D: 0.000000
DATA: dry_enclosure: ✅ Sensor_2: temperature: 23.80 °C | humidity: 30.60 %RH
DATA: dry_enclosure: ✅ PID_P: 0.038808
DATA: dry_enclosure: ✅ PID_I: 177.680084
DATA: dry_enclosure: ✅ PID_D: -0.000532
DATA: dry_enclosure: ✅ PID_P: 0.038808
DATA: dry_enclosure: ✅ PID_I: 177.718887
DATA: dry_enclosure: ✅ PID_D: 0.000000
[ID 3] Error: 0xE2
DATA: dry_enclosure: ✅ PID_P: 0.038808
DATA: dry_enclosure: ✅ PID_I: 177.979950
DATA: dry_enclosure: ✅ PID_D: 0.000000
Loop is running, OTA handle is active...
DATA: dry_enclosure: ✅ PID_P: 0.038808
DATA: dry_enclosure: ✅ PID_I: 178.018753
DATA: dry_enclosure: ✅ PID_D: 0.000000
DATA: dry_enclosure: ✅ Sensor_4: temperature: 22.68 °C | humidity: 31.20 %RH
DATA: dry_enclosure: ✅ PID_P: 0.037742
DATA: dry_enclosure: ✅ PID_I: 178.061325
DATA: dry_enclosure: ✅ PID_D: -0.000945
DATA: dry_enclosure: ✅ PID_P: 0.037742
DATA: dry_enclosure: ✅ PID_I: 178.099060
DATA: dry_enclosure: ✅ PID_D: 0.000000
[ID 5] Error: 0xE2
DATA: dry_enclosure: ✅ PID_P: 0.037742
DATA: dry_enclosure: ✅ PID_I: 178.367676
DATA: dry_enclosure: ✅ PID_D: 0.000000
DATA: dry_enclosure: ✅ Fan_1: 1
DATA: dry_enclosure: ✅ Fan_2: 1
DATA: dry_enclosure: ✅ Fan_3: 1
DATA: dry_enclosure: ✅ Fan_4: 1
DATA: dry_enclosure: ✅ Fan_5: 1
DATA: dry_enclosure: ✅ Fan_6: 1
DATA: dry_enclosure: ✅ Fan_7: 1
DATA: dry_enclosure: ✅ Fan_8: 1
DATA: dry_enclosure: ✅ Fan_9: 1
DATA: dry_enclosure: ✅ Fan_10: 1
DATA: dry_enclosure: ✅ Fan_11: 1
DATA: dry_enclosure: ✅ Fan_12: 1
DATA: dry_enclosure: ✅ Heater_Percent: 0.0 %
DATA: dry_enclosure: ✅ Dehumidifier_Percent: 100.0 %RH
Loop is running, OTA handle is active...
DATA: dry_enclosure: ✅ PID_P: 0.037742
DATA: dry_enclosure: ✅ PID_I: 178.405411
DATA: dry_enclosure: ✅ PID_D: 0.000000
DATA: dry_enclosure: ✅ Sensor_6: temperature: 23.52 °C | humidity: 30.70 %RH
DATA: dry_enclosure: ✅ PID_P: 0.037212
DATA: dry_enclosure: ✅ PID_I: 178.447800
DATA: dry_enclosure: ✅ PID_D: -0.000466
DATA: dry_enclosure: ✅ PID_P: 0.037212
DATA: dry_enclosure: ✅ PID_I: 178.485016
DATA: dry_enclosure: ✅ PID_D: 0.000000
DATA: dry_enclosure: ✅ PID_P: 0.037212
DATA: dry_enclosure: ✅ PID_I: 178.522232
DATA: dry_enclosure: ✅ PID_D: 0.000000
DATA: dry_enclosure: ✅ Sensor_7: temperature: 24.64 °C | humidity: 27.50 %RH
Loop is running, OTA handle is active...
DATA: dry_enclosure: ✅ PID_P: 0.036893
DATA: dry_enclosure: ✅ PID_I: 178.559128
DATA: dry_enclosure: ✅ PID_D: -0.000319
DATA: dry_enclosure: ✅ PID_P: 0.036893
DATA: dry_enclosure: ✅ PID_I: 178.596024
DATA: dry_enclosure: ✅ PID_D: 0.000000
DATA: dry_enclosure: ✅ Sensor_8: temperature: 23.61 °C | humidity: 29.10 %RH
DATA: dry_enclosure: ✅ PID_P: 0.036254
DATA: dry_enclosure: ✅ PID_I: 178.632278
DATA: dry_enclosure: ✅ PID_D: -0.000639
DATA: dry_enclosure: ✅ PID_P: 0.036254
DATA: dry_enclosure: ✅ PID_I: 178.668533
DATA: dry_enclosure: ✅ PID_D: 0.000000
DATA: dry_enclosure: ✅ Sensor_9: temperature: 24.17 °C | humidity: 28.00 %RH
DATA: dry_enclosure: ✅ PID_P: 0.035933
DATA: dry_enclosure: ✅ PID_I: 178.704468
DATA: dry_enclosure: ✅ PID_D: -0.000320
Loop is running, OTA handle is active...
DATA: dry_enclosure: ✅ PID_P: 0.035933
DATA: dry_enclosure: ✅ PID_I: 178.740402
DATA: dry_enclosure: ✅ PID_D: 0.000000
DATA: dry_enclosure: ✅ Sensor_1: temperature: 23.24 °C | humidity: 31.20 %RH
DATA: dry_enclosure: ✅ PID_P: 0.035189
DATA: dry_enclosure: ✅ PID_I: 178.775589
DATA: dry_enclosure: ✅ PID_D: -0.000745
DATA: dry_enclosure: ✅ PID_P: 0.035189
DATA: dry_enclosure: ✅ PID_I: 178.810776
DATA: dry_enclosure: ✅ PID_D: 0.000000
DATA: dry_enclosure: ✅ Sensor_2: temperature: 23.99 °C | humidity: 30.10 %RH
DATA: dry_enclosure: ✅ PID_P: 0.034657
DATA: dry_enclosure: ✅ PID_I: 178.845428
DATA: dry_enclosure: ✅ PID_D: -0.000531
DATA: dry_enclosure: ✅ PID_P: 0.034657
DATA: dry_enclosure: ✅ PID_I: 178.880081
DATA: dry_enclosure: ✅ PID_D: 0.000000
[ID 3] Error: 0xE2
DATA: dry_enclosure: ✅ PID_P: 0.034657
DATA: dry_enclosure: ✅ PID_I: 179.112076
DATA: dry_enclosure: ✅ PID_D: 0.000000
Loop is running, OTA handle is active...
DATA: dry_enclosure: ✅ PID_P: 0.034657
DATA: dry_enclosure: ✅ PID_I: 179.146729
DATA: dry_enclosure: ✅ PID_D: 0.000000
DATA: dry_enclosure: ✅ Sensor_4: temperature: 22.96 °C | humidity: 30.40 %RH
DATA: dry_enclosure: ✅ PID_P: 0.033807
DATA: dry_enclosure: ✅ PID_I: 179.185059
DATA: dry_enclosure: ✅ PID_D: -0.000749
DATA: dry_enclosure: ✅ PID_P: 0.033807
DATA: dry_enclosure: ✅ PID_I: 179.218872
DATA: dry_enclosure: ✅ PID_D: 0.000000
DATA: dry_enclosure: ✅ PID_P: 0.033807
DATA: dry_enclosure: ✅ PID_I: 179.252686
DATA: dry_enclosure: ✅ PID_D: 0.000000
[ID 5] Error: 0xE2
DATA: dry_enclosure: ✅ PID_P: 0.033807
DATA: dry_enclosure: ✅ PID_I: 179.459549
DATA: dry_enclosure: ✅ PID_D: 0.000000
DATA: dry_enclosure: ✅ Fan_1: 1
DATA: dry_enclosure: ✅ Fan_2: 1
DATA: dry_enclosure: ✅ Fan_3: 1
DATA: dry_enclosure: ✅ Fan_4: 1
DATA: dry_enclosure: ✅ Fan_5: 1
DATA: dry_enclosure: ✅ Fan_6: 1
DATA: dry_enclosure: ✅ Fan_7: 1
DATA: dry_enclosure: ✅ Fan_8: 1
DATA: dry_enclosure: ✅ Fan_9: 1
DATA: dry_enclosure: ✅ Fan_10: 1
DATA: dry_enclosure: ✅ Fan_11: 1
DATA: dry_enclosure: ✅ Fan_12: 1
DATA: dry_enclosure: ✅ Heater_Percent: 0.0 %
DATA: dry_enclosure: ✅ Dehumidifier_Percent: 100.0 %RH
Loop is running, OTA handle is active...
DATA: dry_enclosure: ✅ PID_P: 0.033807
DATA: dry_enclosure: ✅ PID_I: 179.493362
DATA: dry_enclosure: ✅ PID_D: 0.000000
DATA: dry_enclosure: ✅ Sensor_6: temperature: 23.71 °C | humidity: 30.30 %RH
DATA: dry_enclosure: ✅ PID_P: 0.033382
DATA: dry_enclosure: ✅ PID_I: 179.528473
DATA: dry_enclosure: ✅ PID_D: -0.000405
DATA: dry_enclosure: ✅ PID_P: 0.033382
DATA: dry_enclosure: ✅ PID_I: 179.561859
DATA: dry_enclosure: ✅ PID_D: 0.000000
DATA: dry_enclosure: ✅ Sensor_7: temperature: 24.64 °C | humidity: 27.20 %RH
DATA: dry_enclosure: ✅ PID_P: 0.033065
DATA: dry_enclosure: ✅ PID_I: 179.597397
DATA: dry_enclosure: ✅ PID_D: -0.000295
Loop is running, OTA handle is active...
DATA: dry_enclosure: ✅ PID_P: 0.033065
DATA: dry_enclosure: ✅ PID_I: 179.630463
DATA: dry_enclosure: ✅ PID_D: 0.000000
DATA: dry_enclosure: ✅ PID_P: 0.033065
DATA: dry_enclosure: ✅ PID_I: 179.663528
DATA: dry_enclosure: ✅ PID_D: 0.000000
DATA: dry_enclosure: ✅ Sensor_8: temperature: 23.80 °C | humidity: 28.60 %RH
DATA: dry_enclosure: ✅ PID_P: 0.032534
DATA: dry_enclosure: ✅ PID_I: 179.696060
DATA: dry_enclosure: ✅ PID_D: -0.000531
DATA: dry_enclosure: ✅ PID_P: 0.032534
DATA: dry_enclosure: ✅ PID_I: 179.728592
DATA: dry_enclosure: ✅ PID_D: 0.000000
DATA: dry_enclosure: ✅ Sensor_9: temperature: 24.27 °C | humidity: 27.70 %RH
DATA: dry_enclosure: ✅ PID_P: 0.032215
DATA: dry_enclosure: ✅ PID_I: 179.760803
DATA: dry_enclosure: ✅ PID_D: -0.000318
Loop is running, OTA handle is active...
DATA: dry_enclosure: ✅ PID_P: 0.032215
DATA: dry_enclosure: ✅ PID_I: 179.793015
DATA: dry_enclosure: ✅ PID_D: 0.000000
DATA: dry_enclosure: ✅ Sensor_1: temperature: 23.43 °C | humidity: 30.70 %RH
DATA: dry_enclosure: ✅ PID_P: 0.031684
DATA: dry_enclosure: ✅ PID_I: 179.824692
DATA: dry_enclosure: ✅ PID_D: -0.000531
DATA: dry_enclosure: ✅ PID_P: 0.031684
DATA: dry_enclosure: ✅ PID_I: 179.856369
DATA: dry_enclosure: ✅ PID_D: 0.000000
DATA: dry_enclosure: ✅ Sensor_2: temperature: 24.17 °C | humidity: 29.60 %RH
DATA: dry_enclosure: ✅ PID_P: 0.031154
DATA: dry_enclosure: ✅ PID_I: 179.887527
DATA: dry_enclosure: ✅ PID_D: -0.000531
DATA: dry_enclosure: ✅ PID_P: 0.031154
DATA: dry_enclosure: ✅ PID_I: 179.918686
DATA: dry_enclosure: ✅ PID_D: 0.000000
[ID 3] Error: 0xE2
DATA: dry_enclosure: ✅ PID_P: 0.031154
DATA: dry_enclosure: ✅ PID_I: 180.125198
DATA: dry_enclosure: ✅ PID_D: 0.000000
Loop is running, OTA handle is active...
DATA: dry_enclosure: ✅ PID_P: 0.031154
DATA: dry_enclosure: ✅ PID_I: 180.156357
DATA: dry_enclosure: ✅ PID_D: 0.000000
DATA: dry_enclosure: ✅ Sensor_4: temperature: 23.24 °C | humidity: 29.70 %RH
DATA: dry_enclosure: ✅ PID_P: 0.030410
DATA: dry_enclosure: ✅ PID_I: 180.191849
DATA: dry_enclosure: ✅ PID_D: -0.000637
DATA: dry_enclosure: ✅ PID_P: 0.030410
DATA: dry_enclosure: ✅ PID_I: 180.222260
DATA: dry_enclosure: ✅ PID_D: 0.000000
[ID 5] Error: 0xE2
DATA: dry_enclosure: ✅ PID_P: 0.030410
DATA: dry_enclosure: ✅ PID_I: 180.438660
DATA: dry_enclosure: ✅ PID_D: 0.000000
DATA: dry_enclosure: ✅ Fan_1: 1
DATA: dry_enclosure: ✅ Fan_2: 1
DATA: dry_enclosure: ✅ Fan_3: 1
DATA: dry_enclosure: ✅ Fan_4: 1
DATA: dry_enclosure: ✅ Fan_5: 1
DATA: dry_enclosure: ✅ Fan_6: 1
DATA: dry_enclosure: ✅ Fan_7: 1
DATA: dry_enclosure: ✅ Fan_8: 1
DATA: dry_enclosure: ✅ Fan_9: 1
DATA: dry_enclosure: ✅ Fan_10: 1
DATA: dry_enclosure: ✅ Fan_11: 1
DATA: dry_enclosure: ✅ Fan_12: 1
DATA: dry_enclosure: ✅ Heater_Percent: 0.0 %
DATA: dry_enclosure: ✅ Dehumidifier_Percent: 100.0 %RH
Loop is running, OTA handle is active...
DATA: dry_enclosure: ✅ PID_P: 0.030410
DATA: dry_enclosure: ✅ PID_I: 180.469070
DATA: dry_enclosure: ✅ PID_D: 0.000000
DATA: dry_enclosure: ✅ Sensor_6: temperature: 23.89 °C | humidity: 29.80 %RH
DATA: dry_enclosure: ✅ PID_P: 0.029880
DATA: dry_enclosure: ✅ PID_I: 180.503708
DATA: dry_enclosure: ✅ PID_D: -0.000458
DATA: dry_enclosure: ✅ PID_P: 0.029880
DATA: dry_enclosure: ✅ PID_I: 180.533585
DATA: dry_enclosure: ✅ PID_D: 0.000000
DATA: dry_enclosure: ✅ PID_P: 0.029880
DATA: dry_enclosure: ✅ PID_I: 180.563461
DATA: dry_enclosure: ✅ PID_D: 0.000000
DATA: dry_enclosure: ✅ Sensor_7: temperature: 24.73 °C | humidity: 27.00 %RH
Loop is running, OTA handle is active...
DATA: dry_enclosure: ✅ PID_P: 0.029667
DATA: dry_enclosure: ✅ PID_I: 180.593124
DATA: dry_enclosure: ✅ PID_D: -0.000212
DATA: dry_enclosure: ✅ PID_P: 0.029667
DATA: dry_enclosure: ✅ PID_I: 180.622787
DATA: dry_enclosure: ✅ PID_D: 0.000000
DATA: dry_enclosure: ✅ Sensor_8: temperature: 23.99 °C | humidity: 28.10 %RH
DATA: dry_enclosure: ✅ PID_P: 0.029137
DATA: dry_enclosure: ✅ PID_I: 180.651917
DATA: dry_enclosure: ✅ PID_D: -0.000530
DATA: dry_enclosure: ✅ PID_P: 0.029137
DATA: dry_enclosure: ✅ PID_I: 180.681046
DATA: dry_enclosure: ✅ PID_D: 0.000000
DATA: dry_enclosure: ✅ Sensor_9: temperature: 24.45 °C | humidity: 27.40 %RH
DATA: dry_enclosure: ✅ PID_P: 0.028817
DATA: dry_enclosure: ✅ PID_I: 180.709869
DATA: dry_enclosure: ✅ PID_D: -0.000319
Loop is running, OTA handle is active...
DATA: dry_enclosure: ✅ PID_P: 0.028817
DATA: dry_enclosure: ✅ PID_I: 180.738693
DATA: dry_enclosure: ✅ PID_D: 0.000000
DATA: dry_enclosure: ✅ Sensor_1: temperature: 23.61 °C | humidity: 30.20 %RH
DATA: dry_enclosure: ✅ PID_P: 0.028287
DATA: dry_enclosure: ✅ PID_I: 180.766983
DATA: dry_enclosure: ✅ PID_D: -0.000530
DATA: dry_enclosure: ✅ PID_P: 0.028287
DATA: dry_enclosure: ✅ PID_I: 180.795273
DATA: dry_enclosure: ✅ PID_D: 0.000000
DATA: dry_enclosure: ✅ Sensor_2: temperature: 24.36 °C | humidity: 29.20 %RH
DATA: dry_enclosure: ✅ PID_P: 0.027862
DATA: dry_enclosure: ✅ PID_I: 180.823135
DATA: dry_enclosure: ✅ PID_D: -0.000425
DATA: dry_enclosure: ✅ PID_P: 0.027862
DATA: dry_enclosure: ✅ PID_I: 180.850998
DATA: dry_enclosure: ✅ PID_D: 0.000000
[ID 3] Error: 0xE2
DATA: dry_enclosure: ✅ PID_P: 0.027862
DATA: dry_enclosure: ✅ PID_I: 181.029602
DATA: dry_enclosure: ✅ PID_D: 0.000000
Loop is running, OTA handle is active...
DATA: dry_enclosure: ✅ PID_P: 0.027862
DATA: dry_enclosure: ✅ PID_I: 181.057465
DATA: dry_enclosure: ✅ PID_D: 0.000000
DATA: dry_enclosure: ✅ Sensor_4: temperature: 23.52 °C | humidity: 29.20 %RH
DATA: dry_enclosure: ✅ PID_P: 0.027331
DATA: dry_enclosure: ✅ PID_I: 181.089325
DATA: dry_enclosure: ✅ PID_D: -0.000456
DATA: dry_enclosure: ✅ PID_P: 0.027331
DATA: dry_enclosure: ✅ PID_I: 181.116653
DATA: dry_enclosure: ✅ PID_D: 0.000000
[ID 5] Error: 0xE2
DATA: dry_enclosure: ✅ PID_P: 0.027331
DATA: dry_enclosure: ✅ PID_I: 181.311172
DATA: dry_enclosure: ✅ PID_D: 0.000000
DATA: dry_enclosure: ✅ Fan_1: 1
DATA: dry_enclosure: ✅ Fan_2: 1
DATA: dry_enclosure: ✅ Fan_3: 1
DATA: dry_enclosure: ✅ Fan_4: 1
DATA: dry_enclosure: ✅ Fan_5: 1
DATA: dry_enclosure: ✅ Fan_6: 1
DATA: dry_enclosure: ✅ Fan_7: 1
DATA: dry_enclosure: ✅ Fan_8: 1
DATA: dry_enclosure: ✅ Fan_9: 1
DATA: dry_enclosure: ✅ Fan_10: 1
DATA: dry_enclosure: ✅ Fan_11: 1
DATA: dry_enclosure: ✅ Fan_12: 1
DATA: dry_enclosure: ✅ Heater_Percent: 0.0 %
DATA: dry_enclosure: ✅ Dehumidifier_Percent: 100.0 %RH
Loop is running, OTA handle is active...
DATA: dry_enclosure: ✅ PID_P: 0.027331
DATA: dry_enclosure: ✅ PID_I: 181.338501
DATA: dry_enclosure: ✅ PID_D: 0.000000
DATA: dry_enclosure: ✅ Sensor_6: temperature: 23.99 °C | humidity: 29.50 %RH
DATA: dry_enclosure: ✅ PID_P: 0.027013
DATA: dry_enclosure: ✅ PID_I: 181.368301
DATA: dry_enclosure: ✅ PID_D: -0.000288
DATA: dry_enclosure: ✅ PID_P: 0.027013
DATA: dry_enclosure: ✅ PID_I: 181.395309
DATA: dry_enclosure: ✅ PID_D: 0.000000
DATA: dry_enclosure: ✅ PID_P: 0.027013
DATA: dry_enclosure: ✅ PID_I: 181.422318
DATA: dry_enclosure: ✅ PID_D: 0.000000
DATA: dry_enclosure: ✅ Sensor_7: temperature: 24.83 °C | humidity: 26.80 %RH
Loop is running, OTA handle is active...
DATA: dry_enclosure: ✅ PID_P: 0.026801
DATA: dry_enclosure: ✅ PID_I: 181.449112
DATA: dry_enclosure: ✅ PID_D: -0.000212
DATA: dry_enclosure: ✅ PID_P: 0.026801
DATA: dry_enclosure: ✅ PID_I: 181.475906
DATA: dry_enclosure: ✅ PID_D: 0.000000
DATA: dry_enclosure: ✅ Sensor_8: temperature: 24.17 °C | humidity: 27.80 %RH
DATA: dry_enclosure: ✅ PID_P: 0.026482
DATA: dry_enclosure: ✅ PID_I: 181.502396
DATA: dry_enclosure: ✅ PID_D: -0.000319
DATA: dry_enclosure: ✅ PID_P: 0.026482
DATA: dry_enclosure: ✅ PID_I: 181.528885
DATA: dry_enclosure: ✅ PID_D: 0.000000
DATA: dry_enclosure: ✅ Sensor_9: temperature: 24.45 °C | humidity: 27.20 %RH
DATA: dry_enclosure: ✅ PID_P: 0.026271
DATA: dry_enclosure: ✅ PID_I: 181.555161
DATA: dry_enclosure: ✅ PID_D: -0.000211
Loop is running, OTA handle is active...
DATA: dry_enclosure: ✅ PID_P: 0.026271
DATA: dry_enclosure: ✅ PID_I: 181.581436
DATA: dry_enclosure: ✅ PID_D: 0.000000
DATA: dry_enclosure: ✅ Sensor_1: temperature: 23.80 °C | humidity: 29.70 %RH
DATA: dry_enclosure: ✅ PID_P: 0.025741
DATA: dry_enclosure: ✅ PID_I: 181.607178
DATA: dry_enclosure: ✅ PID_D: -0.000530
DATA: dry_enclosure: ✅ PID_P: 0.025741
DATA: dry_enclosure: ✅ PID_I: 181.632919
DATA: dry_enclosure: ✅ PID_D: 0.000000
DATA: dry_enclosure: ✅ Sensor_2: temperature: 24.45 °C | humidity: 28.90 %RH
DATA: dry_enclosure: ✅ PID_P: 0.025424
DATA: dry_enclosure: ✅ PID_I: 181.658340
DATA: dry_enclosure: ✅ PID_D: -0.000318
DATA: dry_enclosure: ✅ PID_P: 0.025424
DATA: dry_enclosure: ✅ PID_I: 181.683762
DATA: dry_enclosure: ✅ PID_D: 0.000000
[ID 3] Error: 0xE2
DATA: dry_enclosure: ✅ PID_P: 0.025424
DATA: dry_enclosure: ✅ PID_I: 181.855194
DATA: dry_enclosure: ✅ PID_D: 0.000000
Loop is running, OTA handle is active...
DATA: dry_enclosure: ✅ PID_P: 0.025424
DATA: dry_enclosure: ✅ PID_I: 181.880615
DATA: dry_enclosure: ✅ PID_D: 0.000000
DATA: dry_enclosure: ✅ Sensor_4: temperature: 23.71 °C | humidity: 28.70 %RH
DATA: dry_enclosure: ✅ PID_P: 0.024894
DATA: dry_enclosure: ✅ PID_I: 181.908691
DATA: dry_enclosure: ✅ PID_D: -0.000470
DATA: dry_enclosure: ✅ PID_P: 0.024894
DATA: dry_enclosure: ✅ PID_I: 181.933578
DATA: dry_enclosure: ✅ PID_D: 0.000000
DATA: dry_enclosure: ✅ PID_P: 0.024894
DATA: dry_enclosure: ✅ PID_I: 181.958466
DATA: dry_enclosure: ✅ PID_D: 0.000000
[ID 5] Error: 0xE2
DATA: dry_enclosure: ✅ PID_P: 0.024894
DATA: dry_enclosure: ✅ PID_I: 182.110794
DATA: dry_enclosure: ✅ PID_D: 0.000000
DATA: dry_enclosure: ✅ Fan_1: 1
DATA: dry_enclosure: ✅ Fan_2: 1
DATA: dry_enclosure: ✅ Fan_3: 1
DATA: dry_enclosure: ✅ Fan_4: 1
DATA: dry_enclosure: ✅ Fan_5: 1
DATA: dry_enclosure: ✅ Fan_6: 1
DATA: dry_enclosure: ✅ Fan_7: 1
DATA: dry_enclosure: ✅ Fan_8: 1
DATA: dry_enclosure: ✅ Fan_9: 1
DATA: dry_enclosure: ✅ Fan_10: 1
DATA: dry_enclosure: ✅ Fan_11: 1
DATA: dry_enclosure: ✅ Fan_12: 1
DATA: dry_enclosure: ✅ Heater_Percent: 0.0 %
DATA: dry_enclosure: ✅ Dehumidifier_Percent: 100.0 %RH
Loop is running, OTA handle is active...
DATA: dry_enclosure: ✅ PID_P: 0.024894
DATA: dry_enclosure: ✅ PID_I: 182.135681
DATA: dry_enclosure: ✅ PID_D: 0.000000
DATA: dry_enclosure: ✅ Sensor_6: temperature: 24.17 °C | humidity: 29.10 %RH
DATA: dry_enclosure: ✅ PID_P: 0.024470
DATA: dry_enclosure: ✅ PID_I: 182.163925
DATA: dry_enclosure: ✅ PID_D: -0.000368
DATA: dry_enclosure: ✅ PID_P: 0.024470
DATA: dry_enclosure: ✅ PID_I: 182.188400
DATA: dry_enclosure: ✅ PID_D: 0.000000
DATA: dry_enclosure: ✅ Sensor_7: temperature: 24.92 °C | humidity: 26.50 %RH
DATA: dry_enclosure: ✅ PID_P: 0.024152
DATA: dry_enclosure: ✅ PID_I: 182.215744
DATA: dry_enclosure: ✅ PID_D: -0.000280
Loop is running, OTA handle is active...
DATA: dry_enclosure: ✅ PID_P: 0.024152
DATA: dry_enclosure: ✅ PID_I: 182.239899
DATA: dry_enclosure: ✅ PID_D: 0.000000
DATA: dry_enclosure: ✅ Sensor_8: temperature: 24.27 °C | humidity: 27.50 %RH
DATA: dry_enclosure: ✅ PID_P: 0.023835
DATA: dry_enclosure: ✅ PID_I: 182.265045
DATA: dry_enclosure: ✅ PID_D: -0.000301
DATA: dry_enclosure: ✅ PID_P: 0.023835
DATA: dry_enclosure: ✅ PID_I: 182.288879
DATA: dry_enclosure: ✅ PID_D: 0.000000
DATA: dry_enclosure: ✅ Sensor_9: temperature: 24.45 °C | humidity: 26.90 %RH
DATA: dry_enclosure: ✅ PID_P: 0.023518
DATA: dry_enclosure: ✅ PID_I: 182.315338
DATA: dry_enclosure: ✅ PID_D: -0.000281
DATA: dry_enclosure: ✅ PID_P: 0.023518
DATA: dry_enclosure: ✅ PID_I: 182.338852
DATA: dry_enclosure: ✅ PID_D: 0.000000
Loop is running, OTA handle is active...
DATA: dry_enclosure: ✅ Sensor_1: temperature: 23.99 °C | humidity: 29.40 %RH
DATA: dry_enclosure: ✅ PID_P: 0.023200
DATA: dry_enclosure: ✅ PID_I: 182.364929
DATA: dry_enclosure: ✅ PID_D: -0.000283
DATA: dry_enclosure: ✅ PID_P: 0.023200
DATA: dry_enclosure: ✅ PID_I: 182.388123
DATA: dry_enclosure: ✅ PID_D: 0.000000
DATA: dry_enclosure: ✅ Sensor_2: temperature: 24.64 °C | humidity: 28.60 %RH
DATA: dry_enclosure: ✅ PID_P: 0.022881
DATA: dry_enclosure: ✅ PID_I: 182.413071
DATA: dry_enclosure: ✅ PID_D: -0.000292
DATA: dry_enclosure: ✅ PID_P: 0.022881
DATA: dry_enclosure: ✅ PID_I: 182.435959
DATA: dry_enclosure: ✅ PID_D: 0.000000
[ID 3] Error: 0xE2
DATA: dry_enclosure: ✅ PID_P: 0.022881
DATA: dry_enclosure: ✅ PID_I: 182.598801
DATA: dry_enclosure: ✅ PID_D: 0.000000
Loop is running, OTA handle is active...
DATA: dry_enclosure: ✅ PID_P: 0.022881
DATA: dry_enclosure: ✅ PID_I: 182.621689
DATA: dry_enclosure: ✅ PID_D: 0.000000
DATA: dry_enclosure: ✅ Sensor_4: temperature: 23.99 °C | humidity: 28.30 %RH
DATA: dry_enclosure: ✅ PID_P: 0.022457
DATA: dry_enclosure: ✅ PID_I: 182.647003
DATA: dry_enclosure: ✅ PID_D: -0.000377
DATA: dry_enclosure: ✅ PID_P: 0.022457
DATA: dry_enclosure: ✅ PID_I: 182.669464
DATA: dry_enclosure: ✅ PID_D: 0.000000
[ID 5] Error: 0xE2
DATA: dry_enclosure: ✅ PID_P: 0.022457
DATA: dry_enclosure: ✅ PID_I: 182.829285
DATA: dry_enclosure: ✅ PID_D: 0.000000
DATA: dry_enclosure: ✅ Fan_1: 1
DATA: dry_enclosure: ✅ Fan_2: 1
DATA: dry_enclosure: ✅ Fan_3: 1
DATA: dry_enclosure: ✅ Fan_4: 1
DATA: dry_enclosure: ✅ Fan_5: 1
DATA: dry_enclosure: ✅ Fan_6: 1
DATA: dry_enclosure: ✅ Fan_7: 1
DATA: dry_enclosure: ✅ Fan_8: 1
DATA: dry_enclosure: ✅ Fan_9: 1
DATA: dry_enclosure: ✅ Fan_10: 1
DATA: dry_enclosure: ✅ Fan_11: 1
DATA: dry_enclosure: ✅ Fan_12: 1
DATA: dry_enclosure: ✅ Heater_Percent: 0.0 %
DATA: dry_enclosure: ✅ Dehumidifier_Percent: 100.0 %RH
Loop is running, OTA handle is active...
DATA: dry_enclosure: ✅ PID_P: 0.022457
DATA: dry_enclosure: ✅ PID_I: 182.851746
DATA: dry_enclosure: ✅ PID_D: 0.000000
DATA: dry_enclosure: ✅ PID_P: 0.022457
DATA: dry_enclosure: ✅ PID_I: 182.874207
DATA: dry_enclosure: ✅ PID_D: 0.000000
DATA: dry_enclosure: ✅ Sensor_6: temperature: 24.27 °C | humidity: 28.80 %RH
DATA: dry_enclosure: ✅ PID_P: 0.022139
DATA: dry_enclosure: ✅ PID_I: 182.896347
DATA: dry_enclosure: ✅ PID_D: -0.000317
DATA: dry_enclosure: ✅ PID_P: 0.022139
DATA: dry_enclosure: ✅ PID_I: 182.918488
DATA: dry_enclosure: ✅ PID_D: 0.000000
DATA: dry_enclosure: ✅ Sensor_7: temperature: 25.01 °C | humidity: 26.30 %RH
DATA: dry_enclosure: ✅ PID_P: 0.021928
DATA: dry_enclosure: ✅ PID_I: 182.940414
DATA: dry_enclosure: ✅ PID_D: -0.000212
Loop is running, OTA handle is active...
DATA: dry_enclosure: ✅ PID_P: 0.021928
DATA: dry_enclosure: ✅ PID_I: 182.962341
DATA: dry_enclosure: ✅ PID_D: 0.000000
DATA: dry_enclosure: ✅ Sensor_8: temperature: 24.45 °C | humidity: 27.10 %RH
DATA: dry_enclosure: ✅ PID_P: 0.021504
DATA: dry_enclosure: ✅ PID_I: 182.983841
DATA: dry_enclosure: ✅ PID_D: -0.000424
DATA: dry_enclosure: ✅ PID_P: 0.021504
DATA: dry_enclosure: ✅ PID_I: 183.005341
DATA: dry_enclosure: ✅ PID_D: 0.000000
DATA: dry_enclosure: ✅ Sensor_9: temperature: 24.55 °C | humidity: 26.60 %RH
DATA: dry_enclosure: ✅ PID_P: 0.021187
DATA: dry_enclosure: ✅ PID_I: 183.026520
DATA: dry_enclosure: ✅ PID_D: -0.000317
DATA: dry_enclosure: ✅ PID_P: 0.021187
DATA: dry_enclosure: ✅ PID_I: 183.047699
DATA: dry_enclosure: ✅ PID_D: 0.000000
Loop is running, OTA handle is active...
DATA: dry_enclosure: ✅ Sensor_1: temperature: 24.17 °C | humidity: 29.00 %RH
DATA: dry_enclosure: ✅ PID_P: 0.020763
DATA: dry_enclosure: ✅ PID_I: 183.068466
DATA: dry_enclosure: ✅ PID_D: -0.000423
DATA: dry_enclosure: ✅ PID_P: 0.020763
DATA: dry_enclosure: ✅ PID_I: 183.089233
DATA: dry_enclosure: ✅ PID_D: 0.000000
DATA: dry_enclosure: ✅ Sensor_2: temperature: 24.83 °C | humidity: 28.20 %RH
DATA: dry_enclosure: ✅ PID_P: 0.020340
DATA: dry_enclosure: ✅ PID_I: 183.109573
DATA: dry_enclosure: ✅ PID_D: -0.000423
DATA: dry_enclosure: ✅ PID_P: 0.020340
DATA: dry_enclosure: ✅ PID_I: 183.129913
DATA: dry_enclosure: ✅ PID_D: 0.000000
[ID 3] Error: 0xE2
DATA: dry_enclosure: ✅ PID_P: 0.020340
DATA: dry_enclosure: ✅ PID_I: 183.270050
DATA: dry_enclosure: ✅ PID_D: 0.000000
Loop is running, OTA handle is active...
DATA: dry_enclosure: ✅ PID_P: 0.020340
DATA: dry_enclosure: ✅ PID_I: 183.290390
DATA: dry_enclosure: ✅ PID_D: 0.000000
DATA: dry_enclosure: ✅ Sensor_4: temperature: 24.08 °C | humidity: 27.80 %RH
DATA: dry_enclosure: ✅ PID_P: 0.019812
DATA: dry_enclosure: ✅ PID_I: 183.312454
DATA: dry_enclosure: ✅ PID_D: -0.000474
DATA: dry_enclosure: ✅ PID_P: 0.019812
DATA: dry_enclosure: ✅ PID_I: 183.332260
DATA: dry_enclosure: ✅ PID_D: 0.000000
[ID 5] Error: 0xE2
DATA: dry_enclosure: ✅ PID_P: 0.019812
DATA: dry_enclosure: ✅ PID_I: 183.473267
DATA: dry_enclosure: ✅ PID_D: 0.000000
DATA: dry_enclosure: ✅ Fan_1: 1
DATA: dry_enclosure: ✅ Fan_2: 1
DATA: dry_enclosure: ✅ Fan_3: 1
DATA: dry_enclosure: ✅ Fan_4: 1
DATA: dry_enclosure: ✅ Fan_5: 1
DATA: dry_enclosure: ✅ Fan_6: 1
DATA: dry_enclosure: ✅ Fan_7: 1
DATA: dry_enclosure: ✅ Fan_8: 1
DATA: dry_enclosure: ✅ Fan_9: 1
DATA: dry_enclosure: ✅ Fan_10: 1
DATA: dry_enclosure: ✅ Fan_11: 1
DATA: dry_enclosure: ✅ Fan_12: 1
DATA: dry_enclosure: ✅ Heater_Percent: 0.0 %
DATA: dry_enclosure: ✅ Dehumidifier_Percent: 100.0 %RH
Loop is running, OTA handle is active...
DATA: dry_enclosure: ✅ PID_P: 0.019812
DATA: dry_enclosure: ✅ PID_I: 183.493073
DATA: dry_enclosure: ✅ PID_D: 0.000000
DATA: dry_enclosure: ✅ Sensor_6: temperature: 24.45 °C | humidity: 28.50 %RH
DATA: dry_enclosure: ✅ PID_P: 0.019494
DATA: dry_enclosure: ✅ PID_I: 183.515747
DATA: dry_enclosure: ✅ PID_D: -0.000273
DATA: dry_enclosure: ✅ PID_P: 0.019494
DATA: dry_enclosure: ✅ PID_I: 183.535248
DATA: dry_enclosure: ✅ PID_D: 0.000000
DATA: dry_enclosure: ✅ Sensor_7: temperature: 25.11 °C | humidity: 26.10 %RH
DATA: dry_enclosure: ✅ PID_P: 0.019283
DATA: dry_enclosure: ✅ PID_I: 183.556763
DATA: dry_enclosure: ✅ PID_D: -0.000190
Loop is running, OTA handle is active...
DATA: dry_enclosure: ✅ PID_P: 0.019283
DATA: dry_enclosure: ✅ PID_I: 183.576050
DATA: dry_enclosure: ✅ PID_D: 0.000000
DATA: dry_enclosure: ✅ Sensor_8: temperature: 24.55 °C | humidity: 26.80 %RH
DATA: dry_enclosure: ✅ PID_P: 0.018966
DATA: dry_enclosure: ✅ PID_I: 183.596649
DATA: dry_enclosure: ✅ PID_D: -0.000292
DATA: dry_enclosure: ✅ PID_P: 0.018966
DATA: dry_enclosure: ✅ PID_I: 183.615616
DATA: dry_enclosure: ✅ PID_D: 0.000000
DATA: dry_enclosure: ✅ Sensor_9: temperature: 24.64 °C | humidity: 26.40 %RH
DATA: dry_enclosure: ✅ PID_P: 0.018754
DATA: dry_enclosure: ✅ PID_I: 183.636642
DATA: dry_enclosure: ✅ PID_D: -0.000189
DATA: dry_enclosure: ✅ PID_P: 0.018754
DATA: dry_enclosure: ✅ PID_I: 183.655396
DATA: dry_enclosure: ✅ PID_D: 0.000000
Loop is running, OTA handle is active...
DATA: dry_enclosure: ✅ PID_P: 0.018754
DATA: dry_enclosure: ✅ PID_I: 183.674149
DATA: dry_enclosure: ✅ PID_D: 0.000000
DATA: dry_enclosure: ✅ Sensor_1: temperature: 24.27 °C | humidity: 28.70 %RH
DATA: dry_enclosure: ✅ PID_P: 0.018437
DATA: dry_enclosure: ✅ PID_I: 183.692581
DATA: dry_enclosure: ✅ PID_D: -0.000317
DATA: dry_enclosure: ✅ PID_P: 0.018437
DATA: dry_enclosure: ✅ PID_I: 183.711014
DATA: dry_enclosure: ✅ PID_D: 0.000000
DATA: dry_enclosure: ✅ Sensor_2: temperature: 24.92 °C | humidity: 27.90 %RH
DATA: dry_enclosure: ✅ PID_P: 0.018120
DATA: dry_enclosure: ✅ PID_I: 183.729141
DATA: dry_enclosure: ✅ PID_D: -0.000317
DATA: dry_enclosure: ✅ PID_P: 0.018120
DATA: dry_enclosure: ✅ PID_I: 183.747269
DATA: dry_enclosure: ✅ PID_D: 0.000000
[ID 3] Error: 0xE2
DATA: dry_enclosure: ✅ PID_P: 0.018120
DATA: dry_enclosure: ✅ PID_I: 183.862823
DATA: dry_enclosure: ✅ PID_D: 0.000000
Loop is running, OTA handle is active...
DATA: dry_enclosure: ✅ PID_P: 0.018120
DATA: dry_enclosure: ✅ PID_I: 183.880951
DATA: dry_enclosure: ✅ PID_D: 0.000000
DATA: dry_enclosure: ✅ PID_P: 0.018120
DATA: dry_enclosure: ✅ PID_I: 183.899078
DATA: dry_enclosure: ✅ PID_D: 0.000000
DATA: dry_enclosure: ✅ Sensor_4: temperature: 24.27 °C | humidity: 27.50 %RH
DATA: dry_enclosure: ✅ PID_P: 0.017803
DATA: dry_enclosure: ✅ PID_I: 183.916885
DATA: dry_enclosure: ✅ PID_D: -0.000318
DATA: dry_enclosure: ✅ PID_P: 0.017803
DATA: dry_enclosure: ✅ PID_I: 183.934692
DATA: dry_enclosure: ✅ PID_D: 0.000000
[ID 5] Error: 0xE2
DATA: dry_enclosure: ✅ PID_P: 0.017803
DATA: dry_enclosure: ✅ PID_I: 184.046097
DATA: dry_enclosure: ✅ PID_D: 0.000000
DATA: dry_enclosure: ✅ Fan_1: 1
DATA: dry_enclosure: ✅ Fan_2: 1
DATA: dry_enclosure: ✅ Fan_3: 1
DATA: dry_enclosure: ✅ Fan_4: 1
DATA: dry_enclosure: ✅ Fan_5: 1
DATA: dry_enclosure: ✅ Fan_6: 1
DATA: dry_enclosure: ✅ Fan_7: 1
DATA: dry_enclosure: ✅ Fan_8: 1
DATA: dry_enclosure: ✅ Fan_9: 1
DATA: dry_enclosure: ✅ Fan_10: 1
DATA: dry_enclosure: ✅ Fan_11: 1
DATA: dry_enclosure: ✅ Fan_12: 1
DATA: dry_enclosure: ✅ Heater_Percent: 0.0 %
DATA: dry_enclosure: ✅ Dehumidifier_Percent: 100.0 %RH
Loop is running, OTA handle is active...
DATA: dry_enclosure: ✅ PID_P: 0.017803
DATA: dry_enclosure: ✅ PID_I: 184.063904
DATA: dry_enclosure: ✅ PID_D: 0.000000
DATA: dry_enclosure: ✅ Sensor_6: temperature: 24.55 °C | humidity: 28.20 %RH
DATA: dry_enclosure: ✅ PID_P: 0.017486
DATA: dry_enclosure: ✅ PID_I: 184.084137
DATA: dry_enclosure: ✅ PID_D: -0.000274
DATA: dry_enclosure: ✅ PID_P: 0.017486
DATA: dry_enclosure: ✅ PID_I: 184.101624
DATA: dry_enclosure: ✅ PID_D: 0.000000
DATA: dry_enclosure: ✅ Sensor_7: temperature: 25.20 °C | humidity: 25.90 %RH
DATA: dry_enclosure: ✅ PID_P: 0.017274
DATA: dry_enclosure: ✅ PID_I: 184.120743
DATA: dry_enclosure: ✅ PID_D: -0.000191
Loop is running, OTA handle is active...
DATA: dry_enclosure: ✅ PID_P: 0.017274
DATA: dry_enclosure: ✅ PID_I: 184.138016
DATA: dry_enclosure: ✅ PID_D: 0.000000
DATA: dry_enclosure: ✅ PID_P: 0.017274
DATA: dry_enclosure: ✅ PID_I: 184.155289
DATA: dry_enclosure: ✅ PID_D: 0.000000
DATA: dry_enclosure: ✅ Sensor_8: temperature: 24.64 °C | humidity: 26.60 %RH
DATA: dry_enclosure: ✅ PID_P: 0.017063
DATA: dry_enclosure: ✅ PID_I: 184.172348
DATA: dry_enclosure: ✅ PID_D: -0.000211
DATA: dry_enclosure: ✅ PID_P: 0.017063
DATA: dry_enclosure: ✅ PID_I: 184.189407
DATA: dry_enclosure: ✅ PID_D: 0.000000
DATA: dry_enclosure: ✅ Sensor_9: temperature: 24.83 °C | humidity: 26.20 %RH
DATA: dry_enclosure: ✅ PID_P: 0.016851
DATA: dry_enclosure: ✅ PID_I: 184.206253
DATA: dry_enclosure: ✅ PID_D: -0.000212
Loop is running, OTA handle is active...
DATA: dry_enclosure: ✅ PID_P: 0.016851
DATA: dry_enclosure: ✅ PID_I: 184.223099
DATA: dry_enclosure: ✅ PID_D: 0.000000
DATA: dry_enclosure: ✅ Sensor_1: temperature: 24.45 °C | humidity: 28.30 %RH
DATA: dry_enclosure: ✅ PID_P: 0.016428
DATA: dry_enclosure: ✅ PID_I: 184.239532
DATA: dry_enclosure: ✅ PID_D: -0.000423
DATA: dry_enclosure: ✅ PID_P: 0.016428
DATA: dry_enclosure: ✅ PID_I: 184.255966
DATA: dry_enclosure: ✅ PID_D: 0.000000
DATA: dry_enclosure: ✅ Sensor_2: temperature: 25.01 °C | humidity: 27.60 %RH
DATA: dry_enclosure: ✅ PID_P: 0.016111
DATA: dry_enclosure: ✅ PID_I: 184.272079
DATA: dry_enclosure: ✅ PID_D: -0.000317
DATA: dry_enclosure: ✅ PID_P: 0.016111
DATA: dry_enclosure: ✅ PID_I: 184.288193
DATA: dry_enclosure: ✅ PID_D: 0.000000
[ID 3] Error: 0xE2
DATA: dry_enclosure: ✅ PID_P: 0.016111
DATA: dry_enclosure: ✅ PID_I: 184.394653
DATA: dry_enclosure: ✅ PID_D: 0.000000
Loop is running, OTA handle is active...
DATA: dry_enclosure: ✅ PID_P: 0.016111
DATA: dry_enclosure: ✅ PID_I: 184.410767
DATA: dry_enclosure: ✅ PID_D: 0.000000
DATA: dry_enclosure: ✅ Sensor_4: temperature: 24.36 °C | humidity: 27.20 %RH
DATA: dry_enclosure: ✅ PID_P: 0.015795
DATA: dry_enclosure: ✅ PID_I: 184.428619
DATA: dry_enclosure: ✅ PID_D: -0.000280
DATA: dry_enclosure: ✅ PID_P: 0.015795
DATA: dry_enclosure: ✅ PID_I: 184.444412
DATA: dry_enclosure: ✅ PID_D: 0.000000
[ID 5] Error: 0xE2
DATA: dry_enclosure: ✅ PID_P: 0.015795
DATA: dry_enclosure: ✅ PID_I: 184.556824
DATA: dry_enclosure: ✅ PID_D: 0.000000
DATA: dry_enclosure: ✅ Fan_1: 1
DATA: dry_enclosure: ✅ Fan_2: 1
DATA: dry_enclosure: ✅ Fan_3: 1
DATA: dry_enclosure: ✅ Fan_4: 1
DATA: dry_enclosure: ✅ Fan_5: 1
DATA: dry_enclosure: ✅ Fan_6: 1
DATA: dry_enclosure: ✅ Fan_7: 1
DATA: dry_enclosure: ✅ Fan_8: 1
DATA: dry_enclosure: ✅ Fan_9: 1
DATA: dry_enclosure: ✅ Fan_10: 1
DATA: dry_enclosure: ✅ Fan_11: 1
DATA: dry_enclosure: ✅ Fan_12: 1
DATA: dry_enclosure: ✅ Heater_Percent: 0.0 %
DATA: dry_enclosure: ✅ Dehumidifier_Percent: 100.0 %RH
Loop is running, OTA handle is active...
DATA: dry_enclosure: ✅ PID_P: 0.015795
DATA: dry_enclosure: ✅ PID_I: 184.572617
DATA: dry_enclosure: ✅ PID_D: 0.000000
DATA: dry_enclosure: ✅ Sensor_6: temperature: 24.64 °C | humidity: 27.90 %RH
DATA: dry_enclosure: ✅ PID_P: 0.015478
DATA: dry_enclosure: ✅ PID_I: 184.590454
DATA: dry_enclosure: ✅ PID_D: -0.000275
DATA: dry_enclosure: ✅ PID_P: 0.015478
DATA: dry_enclosure: ✅ PID_I: 184.605927
DATA: dry_enclosure: ✅ PID_D: 0.000000
DATA: dry_enclosure: ✅ PID_P: 0.015478
DATA: dry_enclosure: ✅ PID_I: 184.621399
DATA: dry_enclosure: ✅ PID_D: 0.000000
DATA: dry_enclosure: ✅ Sensor_7: temperature: 25.29 °C | humidity: 25.70 %RH
Loop is running, OTA handle is active...
DATA: dry_enclosure: ✅ PID_P: 0.015267
DATA: dry_enclosure: ✅ PID_I: 184.636673
DATA: dry_enclosure: ✅ PID_D: -0.000211
DATA: dry_enclosure: ✅ PID_P: 0.015267
DATA: dry_enclosure: ✅ PID_I: 184.651947
DATA: dry_enclosure: ✅ PID_D: 0.000000
DATA: dry_enclosure: ✅ Sensor_8: temperature: 24.73 °C | humidity: 26.40 %RH
DATA: dry_enclosure: ✅ PID_P: 0.015056
DATA: dry_enclosure: ✅ PID_I: 184.667007
DATA: dry_enclosure: ✅ PID_D: -0.000211
DATA: dry_enclosure: ✅ PID_P: 0.015056
DATA: dry_enclosure: ✅ PID_I: 184.682068
DATA: dry_enclosure: ✅ PID_D: 0.000000
DATA: dry_enclosure: ✅ Sensor_9: temperature: 24.92 °C | humidity: 26.00 %RH
DATA: dry_enclosure: ✅ PID_P: 0.014844
DATA: dry_enclosure: ✅ PID_I: 184.696915
DATA: dry_enclosure: ✅ PID_D: -0.000211
Loop is running, OTA handle is active...
DATA: dry_enclosure: ✅ PID_P: 0.014844
DATA: dry_enclosure: ✅ PID_I: 184.711761
DATA: dry_enclosure: ✅ PID_D: 0.000000
DATA: dry_enclosure: ✅ Sensor_1: temperature: 24.55 °C | humidity: 28.10 %RH
DATA: dry_enclosure: ✅ PID_P: 0.014633
DATA: dry_enclosure: ✅ PID_I: 184.726395
DATA: dry_enclosure: ✅ PID_D: -0.000211
DATA: dry_enclosure: ✅ PID_P: 0.014633
DATA: dry_enclosure: ✅ PID_I: 184.741028
DATA: dry_enclosure: ✅ PID_D: 0.000000
DATA: dry_enclosure: ✅ Sensor_2: temperature: 25.20 °C | humidity: 27.30 %RH
DATA: dry_enclosure: ✅ PID_P: 0.014316
DATA: dry_enclosure: ✅ PID_I: 184.755341
DATA: dry_enclosure: ✅ PID_D: -0.000317
DATA: dry_enclosure: ✅ PID_P: 0.014316
DATA: dry_enclosure: ✅ PID_I: 184.769653
DATA: dry_enclosure: ✅ PID_D: 0.000000
[ID 3] Error: 0xE2
DATA: dry_enclosure: ✅ PID_P: 0.014316
DATA: dry_enclosure: ✅ PID_I: 184.865509
DATA: dry_enclosure: ✅ PID_D: 0.000000
Loop is running, OTA handle is active...
DATA: dry_enclosure: ✅ PID_P: 0.014316
DATA: dry_enclosure: ✅ PID_I: 184.879822
DATA: dry_enclosure: ✅ PID_D: 0.000000
DATA: dry_enclosure: ✅ Sensor_4: temperature: 24.45 °C | humidity: 27.00 %RH
DATA: dry_enclosure: ✅ PID_P: 0.014105
DATA: dry_enclosure: ✅ PID_I: 184.895615
DATA: dry_enclosure: ✅ PID_D: -0.000189
DATA: dry_enclosure: ✅ PID_P: 0.014105
DATA: dry_enclosure: ✅ PID_I: 184.909714
DATA: dry_enclosure: ✅ PID_D: 0.000000
[ID 5] Error: 0xE2
DATA: dry_enclosure: ✅ PID_P: 0.014105
DATA: dry_enclosure: ✅ PID_I: 185.010101
DATA: dry_enclosure: ✅ PID_D: 0.000000
DATA: dry_enclosure: ✅ Fan_1: 1
DATA: dry_enclosure: ✅ Fan_2: 1
DATA: dry_enclosure: ✅ Fan_3: 1
DATA: dry_enclosure: ✅ Fan_4: 1
DATA: dry_enclosure: ✅ Fan_5: 1
DATA: dry_enclosure: ✅ Fan_6: 1
DATA: dry_enclosure: ✅ Fan_7: 1
DATA: dry_enclosure: ✅ Fan_8: 1
DATA: dry_enclosure: ✅ Fan_9: 1
DATA: dry_enclosure: ✅ Fan_10: 1
DATA: dry_enclosure: ✅ Fan_11: 1
DATA: dry_enclosure: ✅ Fan_12: 1
DATA: dry_enclosure: ✅ Heater_Percent: 0.0 %
DATA: dry_enclosure: ✅ Dehumidifier_Percent: 100.0 %RH
Loop is running, OTA handle is active...
DATA: dry_enclosure: ✅ PID_P: 0.014105
DATA: dry_enclosure: ✅ PID_I: 185.024200
DATA: dry_enclosure: ✅ PID_D: 0.000000
DATA: dry_enclosure: ✅ Sensor_6: temperature: 24.73 °C | humidity: 27.70 %RH
DATA: dry_enclosure: ✅ PID_P: 0.013894
DATA: dry_enclosure: ✅ PID_I: 185.040115
DATA: dry_enclosure: ✅ PID_D: -0.000184
DATA: dry_enclosure: ✅ PID_P: 0.013894
DATA: dry_enclosure: ✅ PID_I: 185.054016
DATA: dry_enclosure: ✅ PID_D: 0.000000
DATA: dry_enclosure: ✅ Sensor_7: temperature: 25.39 °C | humidity: 25.50 %RH
DATA: dry_enclosure: ✅ PID_P: 0.013683
DATA: dry_enclosure: ✅ PID_I: 185.069290
DATA: dry_enclosure: ✅ PID_D: -0.000189
Loop is running, OTA handle is active...
DATA: dry_enclosure: ✅ PID_P: 0.013683
DATA: dry_enclosure: ✅ PID_I: 185.082977
DATA: dry_enclosure: ✅ PID_D: 0.000000
DATA: dry_enclosure: ✅ Sensor_8: temperature: 24.83 °C | humidity: 26.10 %RH
DATA: dry_enclosure: ✅ PID_P: 0.013366
DATA: dry_enclosure: ✅ PID_I: 185.097931
DATA: dry_enclosure: ✅ PID_D: -0.000283
DATA: dry_enclosure: ✅ PID_P: 0.013366
DATA: dry_enclosure: ✅ PID_I: 185.111298
DATA: dry_enclosure: ✅ PID_D: 0.000000
DATA: dry_enclosure: ✅ PID_P: 0.013366
DATA: dry_enclosure: ✅ PID_I: 185.124664
DATA: dry_enclosure: ✅ PID_D: 0.000000
DATA: dry_enclosure: ✅ Sensor_9: temperature: 24.92 °C | humidity: 25.70 %RH
DATA: dry_enclosure: ✅ PID_P: 0.013051
DATA: dry_enclosure: ✅ PID_I: 185.137711
DATA: dry_enclosure: ✅ PID_D: -0.000316
Loop is running, OTA handle is active...
DATA: dry_enclosure: ✅ PID_P: 0.013051
DATA: dry_enclosure: ✅ PID_I: 185.150757
DATA: dry_enclosure: ✅ PID_D: 0.000000
DATA: dry_enclosure: ✅ Sensor_1: temperature: 24.64 °C | humidity: 27.80 %RH
DATA: dry_enclosure: ✅ PID_P: 0.012734
DATA: dry_enclosure: ✅ PID_I: 185.163498
DATA: dry_enclosure: ✅ PID_D: -0.000316
DATA: dry_enclosure: ✅ PID_P: 0.012734
DATA: dry_enclosure: ✅ PID_I: 185.176239
DATA: dry_enclosure: ✅ PID_D: 0.000000
DATA: dry_enclosure: ✅ Sensor_2: temperature: 25.29 °C | humidity: 27.20 %RH
DATA: dry_enclosure: ✅ PID_P: 0.012628
DATA: dry_enclosure: ✅ PID_I: 185.188873
DATA: dry_enclosure: ✅ PID_D: -0.000106
DATA: dry_enclosure: ✅ PID_P: 0.012628
DATA: dry_enclosure: ✅ PID_I: 185.201508
DATA: dry_enclosure: ✅ PID_D: 0.000000
[ID 3] Error: 0xE2
DATA: dry_enclosure: ✅ PID_P: 0.012628
DATA: dry_enclosure: ✅ PID_I: 185.283875
DATA: dry_enclosure: ✅ PID_D: 0.000000
Loop is running, OTA handle is active...
DATA: dry_enclosure: ✅ PID_P: 0.012628
DATA: dry_enclosure: ✅ PID_I: 185.296509
DATA: dry_enclosure: ✅ PID_D: 0.000000
DATA: dry_enclosure: ✅ Sensor_4: temperature: 24.55 °C | humidity: 26.70 %RH
DATA: dry_enclosure: ✅ PID_P: 0.012312
DATA: dry_enclosure: ✅ PID_I: 185.310516
DATA: dry_enclosure: ✅ PID_D: -0.000278
DATA: dry_enclosure: ✅ PID_P: 0.012312
DATA: dry_enclosure: ✅ PID_I: 185.322830
DATA: dry_enclosure: ✅ PID_D: 0.000000
[ID 5] Error: 0xE2
DATA: dry_enclosure: ✅ PID_P: 0.012312
DATA: dry_enclosure: ✅ PID_I: 185.410461
DATA: dry_enclosure: ✅ PID_D: 0.000000
DATA: dry_enclosure: ✅ Fan_1: 1
DATA: dry_enclosure: ✅ Fan_2: 1
DATA: dry_enclosure: ✅ Fan_3: 1
DATA: dry_enclosure: ✅ Fan_4: 1
DATA: dry_enclosure: ✅ Fan_5: 1
DATA: dry_enclosure: ✅ Fan_6: 1
DATA: dry_enclosure: ✅ Fan_7: 1
DATA: dry_enclosure: ✅ Fan_8: 1
DATA: dry_enclosure: ✅ Fan_9: 1
DATA: dry_enclosure: ✅ Fan_10: 1
DATA: dry_enclosure: ✅ Fan_11: 1
DATA: dry_enclosure: ✅ Fan_12: 1
DATA: dry_enclosure: ✅ Heater_Percent: 0.0 %
DATA: dry_enclosure: ✅ Dehumidifier_Percent: 100.0 %RH
Loop is running, OTA handle is active...
DATA: dry_enclosure: ✅ PID_P: 0.012312
DATA: dry_enclosure: ✅ PID_I: 185.422775
DATA: dry_enclosure: ✅ PID_D: 0.000000
DATA: dry_enclosure: ✅ Sensor_6: temperature: 24.83 °C | humidity: 27.50 %RH
DATA: dry_enclosure: ✅ PID_P: 0.012101
DATA: dry_enclosure: ✅ PID_I: 185.436554
DATA: dry_enclosure: ✅ PID_D: -0.000185
DATA: dry_enclosure: ✅ PID_P: 0.012101
DATA: dry_enclosure: ✅ PID_I: 185.448654
DATA: dry_enclosure: ✅ PID_D: 0.000000
DATA: dry_enclosure: ✅ PID_P: 0.012101
DATA: dry_enclosure: ✅ PID_I: 185.460754
DATA: dry_enclosure: ✅ PID_D: 0.000000
DATA: dry_enclosure: ✅ Sensor_7: temperature: 25.39 °C | humidity: 25.40 %RH
Loop is running, OTA handle is active...
DATA: dry_enclosure: ✅ PID_P: 0.011996
DATA: dry_enclosure: ✅ PID_I: 185.472748
DATA: dry_enclosure: ✅ PID_D: -0.000105
DATA: dry_enclosure: ✅ PID_P: 0.011996
DATA: dry_enclosure: ✅ PID_I: 185.484741
DATA: dry_enclosure: ✅ PID_D: 0.000000
DATA: dry_enclosure: ✅ Sensor_8: temperature: 24.92 °C | humidity: 26.00 %RH
DATA: dry_enclosure: ✅ PID_P: 0.011890
DATA: dry_enclosure: ✅ PID_I: 185.496628
DATA: dry_enclosure: ✅ PID_D: -0.000106
DATA: dry_enclosure: ✅ PID_P: 0.011890
DATA: dry_enclosure: ✅ PID_I: 185.508514
DATA: dry_enclosure: ✅ PID_D: 0.000000
DATA: dry_enclosure: ✅ Sensor_9: temperature: 25.01 °C | humidity: 25.60 %RH
DATA: dry_enclosure: ✅ PID_P: 0.011784
DATA: dry_enclosure: ✅ PID_I: 185.520294
DATA: dry_enclosure: ✅ PID_D: -0.000106
Loop is running, OTA handle is active...
DATA: dry_enclosure: ✅ PID_P: 0.011784
DATA: dry_enclosure: ✅ PID_I: 185.532074
DATA: dry_enclosure: ✅ PID_D: 0.000000
DATA: dry_enclosure: ✅ Sensor_1: temperature: 24.73 °C | humidity: 27.60 %RH
DATA: dry_enclosure: ✅ PID_P: 0.011573
DATA: dry_enclosure: ✅ PID_I: 185.543640
DATA: dry_enclosure: ✅ PID_D: -0.000211
DATA: dry_enclosure: ✅ PID_P: 0.011573
DATA: dry_enclosure: ✅ PID_I: 185.555206
DATA: dry_enclosure: ✅ PID_D: 0.000000
DATA: dry_enclosure: ✅ Sensor_2: temperature: 25.39 °C | humidity: 26.90 %RH
DATA: dry_enclosure: ✅ PID_P: 0.011257
DATA: dry_enclosure: ✅ PID_I: 185.566467
DATA: dry_enclosure: ✅ PID_D: -0.000316
DATA: dry_enclosure: ✅ PID_P: 0.011257
DATA: dry_enclosure: ✅ PID_I: 185.577728
DATA: dry_enclosure: ✅ PID_D: 0.000000
[ID 3] Error: 0xE2
DATA: dry_enclosure: ✅ PID_P: 0.011257
DATA: dry_enclosure: ✅ PID_I: 185.654419
DATA: dry_enclosure: ✅ PID_D: 0.000000
Loop is running, OTA handle is active...
DATA: dry_enclosure: ✅ PID_P: 0.011257
DATA: dry_enclosure: ✅ PID_I: 185.665680
DATA: dry_enclosure: ✅ PID_D: 0.000000
DATA: dry_enclosure: ✅ Sensor_4: temperature: 24.64 °C | humidity: 26.50 %RH
DATA: dry_enclosure: ✅ PID_P: 0.011046
DATA: dry_enclosure: ✅ PID_I: 185.678345
DATA: dry_enclosure: ✅ PID_D: -0.000184
DATA: dry_enclosure: ✅ PID_P: 0.011046
DATA: dry_enclosure: ✅ PID_I: 185.689392
DATA: dry_enclosure: ✅ PID_D: 0.000000
[ID 5] Error: 0xE2
DATA: dry_enclosure: ✅ PID_P: 0.011046
DATA: dry_enclosure: ✅ PID_I: 185.768005
DATA: dry_enclosure: ✅ PID_D: 0.000000
DATA: dry_enclosure: ✅ Fan_1: 1
DATA: dry_enclosure: ✅ Fan_2: 1
DATA: dry_enclosure: ✅ Fan_3: 1
DATA: dry_enclosure: ✅ Fan_4: 1
DATA: dry_enclosure: ✅ Fan_5: 1
DATA: dry_enclosure: ✅ Fan_6: 1
DATA: dry_enclosure: ✅ Fan_7: 1
DATA: dry_enclosure: ✅ Fan_8: 1
DATA: dry_enclosure: ✅ Fan_9: 1
DATA: dry_enclosure: ✅ Fan_10: 1
DATA: dry_enclosure: ✅ Fan_11: 1
DATA: dry_enclosure: ✅ Fan_12: 1
DATA: dry_enclosure: ✅ Heater_Percent: 0.0 %
DATA: dry_enclosure: ✅ Dehumidifier_Percent: 100.0 %RH
Loop is running, OTA handle is active...
DATA: dry_enclosure: ✅ PID_P: 0.011046
DATA: dry_enclosure: ✅ PID_I: 185.779053
DATA: dry_enclosure: ✅ PID_D: 0.000000
DATA: dry_enclosure: ✅ PID_P: 0.011046
DATA: dry_enclosure: ✅ PID_I: 185.790100
DATA: dry_enclosure: ✅ PID_D: 0.000000
DATA: dry_enclosure: ✅ Sensor_6: temperature: 24.92 °C | humidity: 27.30 %RH
DATA: dry_enclosure: ✅ PID_P: 0.010836
DATA: dry_enclosure: ✅ PID_I: 185.800934
DATA: dry_enclosure: ✅ PID_D: -0.000211
DATA: dry_enclosure: ✅ PID_P: 0.010836
DATA: dry_enclosure: ✅ PID_I: 185.811768
DATA: dry_enclosure: ✅ PID_D: 0.000000
DATA: dry_enclosure: ✅ Sensor_7: temperature: 25.48 °C | humidity: 25.10 %RH
DATA: dry_enclosure: ✅ PID_P: 0.010519
DATA: dry_enclosure: ✅ PID_I: 185.822281
DATA: dry_enclosure: ✅ PID_D: -0.000316
Loop is running, OTA handle is active...
DATA: dry_enclosure: ✅ PID_P: 0.010519
DATA: dry_enclosure: ✅ PID_I: 185.832794
DATA: dry_enclosure: ✅ PID_D: 0.000000
DATA: dry_enclosure: ✅ Sensor_8: temperature: 24.92 °C | humidity: 25.80 %RH
DATA: dry_enclosure: ✅ PID_P: 0.010309
DATA: dry_enclosure: ✅ PID_I: 185.843109
DATA: dry_enclosure: ✅ PID_D: -0.000210
DATA: dry_enclosure: ✅ PID_P: 0.010309
DATA: dry_enclosure: ✅ PID_I: 185.853424
DATA: dry_enclosure: ✅ PID_D: 0.000000
DATA: dry_enclosure: ✅ Sensor_9: temperature: 25.11 °C | humidity: 25.40 %RH
DATA: dry_enclosure: ✅ PID_P: 0.010098
DATA: dry_enclosure: ✅ PID_I: 185.863525
DATA: dry_enclosure: ✅ PID_D: -0.000211
DATA: dry_enclosure: ✅ PID_P: 0.010098
DATA: dry_enclosure: ✅ PID_I: 185.873627
DATA: dry_enclosure: ✅ PID_D: 0.000000
Loop is running, OTA handle is active...
DATA: dry_enclosure: ✅ Sensor_1: temperature: 24.83 °C | humidity: 27.40 %RH
DATA: dry_enclosure: ✅ PID_P: 0.009887
DATA: dry_enclosure: ✅ PID_I: 185.883514
DATA: dry_enclosure: ✅ PID_D: -0.000211
DATA: dry_enclosure: ✅ PID_P: 0.009887
DATA: dry_enclosure: ✅ PID_I: 185.893402
DATA: dry_enclosure: ✅ PID_D: 0.000000
DATA: dry_enclosure: ✅ Sensor_2: temperature: 25.48 °C | humidity: 26.70 %RH
DATA: dry_enclosure: ✅ PID_P: 0.009677
DATA: dry_enclosure: ✅ PID_I: 185.903076
DATA: dry_enclosure: ✅ PID_D: -0.000211
DATA: dry_enclosure: ✅ PID_P: 0.009677
DATA: dry_enclosure: ✅ PID_I: 185.912750
DATA: dry_enclosure: ✅ PID_D: 0.000000
[ID 3] Error: 0xE2
DATA: dry_enclosure: ✅ PID_P: 0.009677
DATA: dry_enclosure: ✅ PID_I: 185.979202
DATA: dry_enclosure: ✅ PID_D: 0.000000
Loop is running, OTA handle is active...
DATA: dry_enclosure: ✅ PID_P: 0.009677
DATA: dry_enclosure: ✅ PID_I: 185.988876
DATA: dry_enclosure: ✅ PID_D: 0.000000
DATA: dry_enclosure: ✅ Sensor_4: temperature: 24.73 °C | humidity: 26.30 %RH
DATA: dry_enclosure: ✅ PID_P: 0.009466
DATA: dry_enclosure: ✅ PID_I: 185.999710
DATA: dry_enclosure: ✅ PID_D: -0.000184
DATA: dry_enclosure: ✅ PID_P: 0.009466
DATA: dry_enclosure: ✅ PID_I: 186.009171
DATA: dry_enclosure: ✅ PID_D: 0.000000
[ID 5] Error: 0xE2
DATA: dry_enclosure: ✅ PID_P: 0.009466
DATA: dry_enclosure: ✅ PID_I: 186.076538
DATA: dry_enclosure: ✅ PID_D: 0.000000
DATA: dry_enclosure: ✅ Fan_1: 1
DATA: dry_enclosure: ✅ Fan_2: 1
DATA: dry_enclosure: ✅ Fan_3: 1
DATA: dry_enclosure: ✅ Fan_4: 1
DATA: dry_enclosure: ✅ Fan_5: 1
DATA: dry_enclosure: ✅ Fan_6: 1
DATA: dry_enclosure: ✅ Fan_7: 1
DATA: dry_enclosure: ✅ Fan_8: 1
DATA: dry_enclosure: ✅ Fan_9: 1
DATA: dry_enclosure: ✅ Fan_10: 1
DATA: dry_enclosure: ✅ Fan_11: 1
DATA: dry_enclosure: ✅ Fan_12: 1
DATA: dry_enclosure: ✅ Heater_Percent: 0.0 %
DATA: dry_enclosure: ✅ Dehumidifier_Percent: 100.0 %RH
Loop is running, OTA handle is active...
DATA: dry_enclosure: ✅ PID_P: 0.009466
DATA: dry_enclosure: ✅ PID_I: 186.085999
DATA: dry_enclosure: ✅ PID_D: 0.000000
DATA: dry_enclosure: ✅ PID_P: 0.009466
DATA: dry_enclosure: ✅ PID_I: 186.095459
DATA: dry_enclosure: ✅ PID_D: 0.000000
DATA: dry_enclosure: ✅ Sensor_6: temperature: 25.11 °C | humidity: 27.10 %RH
DATA: dry_enclosure: ✅ PID_P: 0.009255
DATA: dry_enclosure: ✅ PID_I: 186.104721
DATA: dry_enclosure: ✅ PID_D: -0.000211
DATA: dry_enclosure: ✅ PID_P: 0.009255
DATA: dry_enclosure: ✅ PID_I: 186.113983
DATA: dry_enclosure: ✅ PID_D: 0.000000
DATA: dry_enclosure: ✅ Sensor_7: temperature: 25.57 °C | humidity: 25.00 %RH
DATA: dry_enclosure: ✅ PID_P: 0.009149
DATA: dry_enclosure: ✅ PID_I: 186.123138
DATA: dry_enclosure: ✅ PID_D: -0.000106
Loop is running, OTA handle is active...
DATA: dry_enclosure: ✅ PID_P: 0.009149
DATA: dry_enclosure: ✅ PID_I: 186.132294
DATA: dry_enclosure: ✅ PID_D: 0.000000
DATA: dry_enclosure: ✅ Sensor_8: temperature: 25.01 °C | humidity: 25.60 %RH
DATA: dry_enclosure: ✅ PID_P: 0.008938
DATA: dry_enclosure: ✅ PID_I: 186.141235
DATA: dry_enclosure: ✅ PID_D: -0.000211
DATA: dry_enclosure: ✅ PID_P: 0.008938
DATA: dry_enclosure: ✅ PID_I: 186.150177
DATA: dry_enclosure: ✅ PID_D: 0.000000
DATA: dry_enclosure: ✅ Sensor_9: temperature: 25.20 °C | humidity: 25.20 %RH
DATA: dry_enclosure: ✅ PID_P: 0.008728
DATA: dry_enclosure: ✅ PID_I: 186.158905
DATA: dry_enclosure: ✅ PID_D: -0.000211
DATA: dry_enclosure: ✅ PID_P: 0.008728
DATA: dry_enclosure: ✅ PID_I: 186.167633
DATA: dry_enclosure: ✅ PID_D: 0.000000
Loop is running, OTA handle is active...
DATA: dry_enclosure: ✅ Sensor_1: temperature: 24.92 °C | humidity: 27.10 %RH
DATA: dry_enclosure: ✅ PID_P: 0.008412
DATA: dry_enclosure: ✅ PID_I: 186.176041
DATA: dry_enclosure: ✅ PID_D: -0.000316
DATA: dry_enclosure: ✅ PID_P: 0.008412
DATA: dry_enclosure: ✅ PID_I: 186.184448
DATA: dry_enclosure: ✅ PID_D: 0.000000
DATA: dry_enclosure: ✅ Sensor_2: temperature: 25.57 °C | humidity: 26.50 %RH
DATA: dry_enclosure: ✅ PID_P: 0.008201
DATA: dry_enclosure: ✅ PID_I: 186.192642
DATA: dry_enclosure: ✅ PID_D: -0.000211
DATA: dry_enclosure: ✅ PID_P: 0.008201
DATA: dry_enclosure: ✅ PID_I: 186.200836
DATA: dry_enclosure: ✅ PID_D: 0.000000
[ID 3] Error: 0xE2
DATA: dry_enclosure: ✅ PID_P: 0.008201
DATA: dry_enclosure: ✅ PID_I: 186.257156
DATA: dry_enclosure: ✅ PID_D: 0.000000
Loop is running, OTA handle is active...
DATA: dry_enclosure: ✅ PID_P: 0.008201
DATA: dry_enclosure: ✅ PID_I: 186.265350
DATA: dry_enclosure: ✅ PID_D: 0.000000
DATA: dry_enclosure: ✅ Sensor_4: temperature: 24.83 °C | humidity: 26.10 %RH
DATA: dry_enclosure: ✅ PID_P: 0.007990
DATA: dry_enclosure: ✅ PID_I: 186.274429
DATA: dry_enclosure: ✅ PID_D: -0.000185
DATA: dry_enclosure: ✅ PID_P: 0.007990
DATA: dry_enclosure: ✅ PID_I: 186.282425
DATA: dry_enclosure: ✅ PID_D: 0.000000
[ID 5] Error: 0xE2
DATA: dry_enclosure: ✅ PID_P: 0.007990
DATA: dry_enclosure: ✅ PID_I: 186.339294
DATA: dry_enclosure: ✅ PID_D: 0.000000
DATA: dry_enclosure: ✅ Fan_1: 1
DATA: dry_enclosure: ✅ Fan_2: 1
DATA: dry_enclosure: ✅ Fan_3: 1
DATA: dry_enclosure: ✅ Fan_4: 1
DATA: dry_enclosure: ✅ Fan_5: 1
DATA: dry_enclosure: ✅ Fan_6: 1
DATA: dry_enclosure: ✅ Fan_7: 1
DATA: dry_enclosure: ✅ Fan_8: 1
DATA: dry_enclosure: ✅ Fan_9: 1
DATA: dry_enclosure: ✅ Fan_10: 1
DATA: dry_enclosure: ✅ Fan_11: 1
DATA: dry_enclosure: ✅ Fan_12: 1
DATA: dry_enclosure: ✅ Heater_Percent: 0.0 %
DATA: dry_enclosure: ✅ Dehumidifier_Percent: 100.0 %RH
Loop is running, OTA handle is active...
DATA: dry_enclosure: ✅ PID_P: 0.007990
DATA: dry_enclosure: ✅ PID_I: 186.347290
DATA: dry_enclosure: ✅ PID_D: 0.000000
DATA: dry_enclosure: ✅ Sensor_6: temperature: 25.11 °C | humidity: 26.80 %RH
DATA: dry_enclosure: ✅ PID_P: 0.007675
DATA: dry_enclosure: ✅ PID_I: 186.356186
DATA: dry_enclosure: ✅ PID_D: -0.000272
DATA: dry_enclosure: ✅ PID_P: 0.007675
DATA: dry_enclosure: ✅ PID_I: 186.363861
DATA: dry_enclosure: ✅ PID_D: 0.000000
DATA: dry_enclosure: ✅ Sensor_7: temperature: 25.67 °C | humidity: 24.80 %RH
DATA: dry_enclosure: ✅ PID_P: 0.007464
DATA: dry_enclosure: ✅ PID_I: 186.372131
DATA: dry_enclosure: ✅ PID_D: -0.000190
Loop is running, OTA handle is active...
DATA: dry_enclosure: ✅ PID_P: 0.007464
DATA: dry_enclosure: ✅ PID_I: 186.379593
DATA: dry_enclosure: ✅ PID_D: 0.000000
DATA: dry_enclosure: ✅ Sensor_8: temperature: 25.11 °C | humidity: 25.40 %RH
DATA: dry_enclosure: ✅ PID_P: 0.007254
DATA: dry_enclosure: ✅ PID_I: 186.387375
DATA: dry_enclosure: ✅ PID_D: -0.000196
DATA: dry_enclosure: ✅ PID_P: 0.007254
DATA: dry_enclosure: ✅ PID_I: 186.394623
DATA: dry_enclosure: ✅ PID_D: 0.000000
[ID 5] Error: 0xE2
DATA: dry_enclosure: ✅ PID_P: 0.006412
DATA: dry_enclosure: ✅ PID_I: 186.551056
DATA: dry_enclosure: ✅ PID_D: 0.000000
DATA: dry_enclosure: ✅ Fan_1: 1
DATA: dry_enclosure: ✅ Fan_2: 1
DATA: dry_enclosure: ✅ Fan_3: 1
DATA: dry_enclosure: ✅ Fan_4: 1
DATA: dry_enclosure: ✅ Fan_5: 1
DATA: dry_enclosure: ✅ Fan_6: 1
DATA: dry_enclosure: ✅ Fan_7: 1
DATA: dry_enclosure: ✅ Fan_8: 1
DATA: dry_enclosure: ✅ Fan_9: 1
DATA: dry_enclosure: ✅ Fan_10: 1
DATA: dry_enclosure: ✅ Fan_11: 1
DATA: dry_enclosure: ✅ Fan_12: 1
DATA: dry_enclosure: ✅ Heater_Percent: 0.0 %
DATA: dry_enclosure: ✅ Dehumidifier_Percent: 100.0 %RH
Loop is running, OTA handle is active...
DATA: dry_enclosure: ✅ PID_P: 0.006412
DATA: dry_enclosure: ✅ PID_I: 186.557465
DATA: dry_enclosure: ✅ PID_D: 0.000000
DATA: dry_enclosure: ✅ Sensor_6: temperature: 25.20 °C | humidity: 26.60 %RH
DATA: dry_enclosure: ✅ PID_P: 0.006201
DATA: dry_enclosure: ✅ PID_I: 186.564484
DATA: dry_enclosure: ✅ PID_D: -0.000186
DATA: dry_enclosure: ✅ PID_P: 0.006201
DATA: dry_enclosure: ✅ PID_I: 186.570679
DATA: dry_enclosure: ✅ PID_D: 0.000000
DATA: dry_enclosure: ✅ PID_P: 0.006201
DATA: dry_enclosure: ✅ PID_I: 186.576874
DATA: dry_enclosure: ✅ PID_D: 0.000000
DATA: dry_enclosure: ✅ Sensor_7: temperature: 25.67 °C | humidity: 24.60 %RH
Loop is running, OTA handle is active...
DATA: dry_enclosure: ✅ PID_P: 0.005991
DATA: dry_enclosure: ✅ PID_I: 186.582870
DATA: dry_enclosure: ✅ PID_D: -0.000210
DATA: dry_enclosure: ✅ PID_P: 0.005991
DATA: dry_enclosure: ✅ PID_I: 186.588867
DATA: dry_enclosure: ✅ PID_D: 0.000000
DATA: dry_enclosure: ✅ Sensor_8: temperature: 25.11 °C | humidity: 25.30 %RH
DATA: dry_enclosure: ✅ PID_P: 0.005886
DATA: dry_enclosure: ✅ PID_I: 186.594757
DATA: dry_enclosure: ✅ PID_D: -0.000105
DATA: dry_enclosure: ✅ PID_P: 0.005886
DATA: dry_enclosure: ✅ PID_I: 186.600647
DATA: dry_enclosure: ✅ PID_D: 0.000000
DATA: dry_enclosure: ✅ Sensor_9: temperature: 25.29 °C | humidity: 24.90 %RH
DATA: dry_enclosure: ✅ PID_P: 0.005781
DATA: dry_enclosure: ✅ PID_I: 186.606430
DATA: dry_enclosure: ✅ PID_D: -0.000105
Loop is running, OTA handle is active...
DATA: dry_enclosure: ✅ PID_P: 0.005781
DATA: dry_enclosure: ✅ PID_I: 186.612213
DATA: dry_enclosure: ✅ PID_D: 0.000000
DATA: dry_enclosure: ✅ Sensor_1: temperature: 25.11 °C | humidity: 26.70 %RH
DATA: dry_enclosure: ✅ PID_P: 0.005570
DATA: dry_enclosure: ✅ PID_I: 186.617783
DATA: dry_enclosure: ✅ PID_D: -0.000210
DATA: dry_enclosure: ✅ PID_P: 0.005570
DATA: dry_enclosure: ✅ PID_I: 186.623352
DATA: dry_enclosure: ✅ PID_D: 0.000000
DATA: dry_enclosure: ✅ Sensor_2: temperature: 25.76 °C | humidity: 26.10 %RH
DATA: dry_enclosure: ✅ PID_P: 0.005360
DATA: dry_enclosure: ✅ PID_I: 186.628708
DATA: dry_enclosure: ✅ PID_D: -0.000210
DATA: dry_enclosure: ✅ PID_P: 0.005360
DATA: dry_enclosure: ✅ PID_I: 186.634064
DATA: dry_enclosure: ✅ PID_D: 0.000000
[ID 3] Error: 0xE2
DATA: dry_enclosure: ✅ PID_P: 0.005360
DATA: dry_enclosure: ✅ PID_I: 186.670135
DATA: dry_enclosure: ✅ PID_D: 0.000000
Loop is running, OTA handle is active...
DATA: dry_enclosure: ✅ PID_P: 0.005360
DATA: dry_enclosure: ✅ PID_I: 186.675491
DATA: dry_enclosure: ✅ PID_D: 0.000000
DATA: dry_enclosure: ✅ Sensor_4: temperature: 25.01 °C | humidity: 25.70 %RH
DATA: dry_enclosure: ✅ PID_P: 0.005149
DATA: dry_enclosure: ✅ PID_I: 186.681351
DATA: dry_enclosure: ✅ PID_D: -0.000185
DATA: dry_enclosure: ✅ PID_P: 0.005149
DATA: dry_enclosure: ✅ PID_I: 186.686493
DATA: dry_enclosure: ✅ PID_D: 0.000000
[ID 5] Error: 0xE2
DATA: dry_enclosure: ✅ PID_P: 0.005149
DATA: dry_enclosure: ✅ PID_I: 186.723145
DATA: dry_enclosure: ✅ PID_D: 0.000000
DATA: dry_enclosure: ✅ Fan_1: 1
DATA: dry_enclosure: ✅ Fan_2: 1
DATA: dry_enclosure: ✅ Fan_3: 1
DATA: dry_enclosure: ✅ Fan_4: 1
DATA: dry_enclosure: ✅ Fan_5: 1
DATA: dry_enclosure: ✅ Fan_6: 1
DATA: dry_enclosure: ✅ Fan_7: 1
DATA: dry_enclosure: ✅ Fan_8: 1
DATA: dry_enclosure: ✅ Fan_9: 1
DATA: dry_enclosure: ✅ Fan_10: 1
DATA: dry_enclosure: ✅ Fan_11: 1
DATA: dry_enclosure: ✅ Fan_12: 1
DATA: dry_enclosure: ✅ Heater_Percent: 0.0 %
DATA: dry_enclosure: ✅ Dehumidifier_Percent: 100.0 %RH
Loop is running, OTA handle is active...
DATA: dry_enclosure: ✅ PID_P: 0.005149
DATA: dry_enclosure: ✅ PID_I: 186.728287
DATA: dry_enclosure: ✅ PID_D: 0.000000
DATA: dry_enclosure: ✅ Sensor_6: temperature: 25.29 °C | humidity: 26.40 %RH
DATA: dry_enclosure: ✅ PID_P: 0.004939
DATA: dry_enclosure: ✅ PID_I: 186.734009
DATA: dry_enclosure: ✅ PID_D: -0.000182
DATA: dry_enclosure: ✅ PID_P: 0.004939
DATA: dry_enclosure: ✅ PID_I: 186.738953
DATA: dry_enclosure: ✅ PID_D: 0.000000
DATA: dry_enclosure: ✅ Sensor_7: temperature: 25.76 °C | humidity: 24.50 %RH
DATA: dry_enclosure: ✅ PID_P: 0.004834
DATA: dry_enclosure: ✅ PID_I: 186.744263
DATA: dry_enclosure: ✅ PID_D: -0.000096
Loop is running, OTA handle is active...
DATA: dry_enclosure: ✅ PID_P: 0.004834
DATA: dry_enclosure: ✅ PID_I: 186.749100
DATA: dry_enclosure: ✅ PID_D: 0.000000
DATA: dry_enclosure: ✅ Sensor_8: temperature: 25.20 °C | humidity: 25.10 %RH
DATA: dry_enclosure: ✅ PID_P: 0.004623
DATA: dry_enclosure: ✅ PID_I: 186.754166
DATA: dry_enclosure: ✅ PID_D: -0.000192
DATA: dry_enclosure: ✅ PID_P: 0.004623
DATA: dry_enclosure: ✅ PID_I: 186.758789
DATA: dry_enclosure: ✅ PID_D: 0.000000
DATA: dry_enclosure: ✅ PID_P: 0.004623
DATA: dry_enclosure: ✅ PID_I: 186.763412
DATA: dry_enclosure: ✅ PID_D: 0.000000
DATA: dry_enclosure: ✅ Sensor_9: temperature: 25.39 °C | humidity: 24.70 %RH
DATA: dry_enclosure: ✅ PID_P: 0.004413
DATA: dry_enclosure: ✅ PID_I: 186.767822
DATA: dry_enclosure: ✅ PID_D: -0.000210
Loop is running, OTA handle is active...
DATA: dry_enclosure: ✅ PID_P: 0.004413
DATA: dry_enclosure: ✅ PID_I: 186.772232
DATA: dry_enclosure: ✅ PID_D: 0.000000
DATA: dry_enclosure: ✅ Sensor_1: temperature: 25.20 °C | humidity: 26.50 %RH
DATA: dry_enclosure: ✅ PID_P: 0.004203
DATA: dry_enclosure: ✅ PID_I: 186.776428
DATA: dry_enclosure: ✅ PID_D: -0.000210
DATA: dry_enclosure: ✅ PID_P: 0.004203
DATA: dry_enclosure: ✅ PID_I: 186.780624
DATA: dry_enclosure: ✅ PID_D: 0.000000
DATA: dry_enclosure: ✅ Sensor_2: temperature: 25.76 °C | humidity: 25.80 %RH
DATA: dry_enclosure: ✅ PID_P: 0.003887
DATA: dry_enclosure: ✅ PID_I: 186.784515
DATA: dry_enclosure: ✅ PID_D: -0.000315
DATA: dry_enclosure: ✅ PID_P: 0.003887
DATA: dry_enclosure: ✅ PID_I: 186.788406
DATA: dry_enclosure: ✅ PID_D: 0.000000
[ID 3] Error: 0xE2
DATA: dry_enclosure: ✅ PID_P: 0.003887
DATA: dry_enclosure: ✅ PID_I: 186.813751
DATA: dry_enclosure: ✅ PID_D: 0.000000
Loop is running, OTA handle is active...
DATA: dry_enclosure: ✅ PID_P: 0.003887
DATA: dry_enclosure: ✅ PID_I: 186.817642
DATA: dry_enclosure: ✅ PID_D: 0.000000
DATA: dry_enclosure: ✅ Sensor_4: temperature: 25.11 °C | humidity: 25.50 %RH
DATA: dry_enclosure: ✅ PID_P: 0.003677
DATA: dry_enclosure: ✅ PID_I: 186.821655
DATA: dry_enclosure: ✅ PID_D: -0.000192
DATA: dry_enclosure: ✅ PID_P: 0.003677
DATA: dry_enclosure: ✅ PID_I: 186.825333
DATA: dry_enclosure: ✅ PID_D: 0.000000
[ID 5] Error: 0xE2
DATA: dry_enclosure: ✅ PID_P: 0.003677
DATA: dry_enclosure: ✅ PID_I: 186.851501
DATA: dry_enclosure: ✅ PID_D: 0.000000
DATA: dry_enclosure: ✅ Fan_1: 1
DATA: dry_enclosure: ✅ Fan_2: 1
DATA: dry_enclosure: ✅ Fan_3: 1
DATA: dry_enclosure: ✅ Fan_4: 1
DATA: dry_enclosure: ✅ Fan_5: 1
DATA: dry_enclosure: ✅ Fan_6: 1
DATA: dry_enclosure: ✅ Fan_7: 1
DATA: dry_enclosure: ✅ Fan_8: 1
DATA: dry_enclosure: ✅ Fan_9: 1
DATA: dry_enclosure: ✅ Fan_10: 1
DATA: dry_enclosure: ✅ Fan_11: 1
DATA: dry_enclosure: ✅ Fan_12: 1
DATA: dry_enclosure: ✅ Heater_Percent: 0.0 %
DATA: dry_enclosure: ✅ Dehumidifier_Percent: 100.0 %RH
Loop is running, OTA handle is active...
DATA: dry_enclosure: ✅ PID_P: 0.003677
DATA: dry_enclosure: ✅ PID_I: 186.855179
DATA: dry_enclosure: ✅ PID_D: 0.000000
DATA: dry_enclosure: ✅ PID_P: 0.003677
DATA: dry_enclosure: ✅ PID_I: 186.858856
DATA: dry_enclosure: ✅ PID_D: 0.000000
DATA: dry_enclosure: ✅ Sensor_6: temperature: 25.39 °C | humidity: 26.20 %RH
DATA: dry_enclosure: ✅ PID_P: 0.003467
DATA: dry_enclosure: ✅ PID_I: 186.862320
DATA: dry_enclosure: ✅ PID_D: -0.000210
DATA: dry_enclosure: ✅ PID_P: 0.003467
DATA: dry_enclosure: ✅ PID_I: 186.865784
DATA: dry_enclosure: ✅ PID_D: 0.000000
DATA: dry_enclosure: ✅ Sensor_7: temperature: 25.85 °C | humidity: 24.30 %RH
DATA: dry_enclosure: ✅ PID_P: 0.003257
DATA: dry_enclosure: ✅ PID_I: 186.869034
DATA: dry_enclosure: ✅ PID_D: -0.000210
Loop is running, OTA handle is active...
DATA: dry_enclosure: ✅ PID_P: 0.003257
DATA: dry_enclosure: ✅ PID_I: 186.872284
DATA: dry_enclosure: ✅ PID_D: 0.000000
DATA: dry_enclosure: ✅ Sensor_8: temperature: 25.29 °C | humidity: 24.90 %RH
DATA: dry_enclosure: ✅ PID_P: 0.003046
DATA: dry_enclosure: ✅ PID_I: 186.875336
DATA: dry_enclosure: ✅ PID_D: -0.000210
DATA: dry_enclosure: ✅ PID_P: 0.003046
DATA: dry_enclosure: ✅ PID_I: 186.878387
DATA: dry_enclosure: ✅ PID_D: 0.000000
DATA: dry_enclosure: ✅ Sensor_9: temperature: 25.48 °C | humidity: 24.60 %RH
DATA: dry_enclosure: ✅ PID_P: 0.002941
DATA: dry_enclosure: ✅ PID_I: 186.881332
DATA: dry_enclosure: ✅ PID_D: -0.000105
DATA: dry_enclosure: ✅ PID_P: 0.002941
DATA: dry_enclosure: ✅ PID_I: 186.884277
DATA: dry_enclosure: ✅ PID_D: 0.000000
Loop is running, OTA handle is active...
DATA: dry_enclosure: ✅ Sensor_1: temperature: 25.29 °C | humidity: 26.30 %RH
DATA: dry_enclosure: ✅ PID_P: 0.002731
DATA: dry_enclosure: ✅ PID_I: 186.887009
DATA: dry_enclosure: ✅ PID_D: -0.000210
DATA: dry_enclosure: ✅ PID_P: 0.002731
DATA: dry_enclosure: ✅ PID_I: 186.889740
DATA: dry_enclosure: ✅ PID_D: 0.000000
DATA: dry_enclosure: ✅ Sensor_2: temperature: 25.85 °C | humidity: 25.70 %RH
DATA: dry_enclosure: ✅ PID_P: 0.002626
DATA: dry_enclosure: ✅ PID_I: 186.892365
DATA: dry_enclosure: ✅ PID_D: -0.000105
DATA: dry_enclosure: ✅ PID_P: 0.002626
DATA: dry_enclosure: ✅ PID_I: 186.894989
DATA: dry_enclosure: ✅ PID_D: 0.000000
DATA: dry_enclosure: ✅ Fan_1: 1
DATA: dry_enclosure: ✅ Fan_2: 1
DATA: dry_enclosure: ✅ Fan_3: 1
DATA: dry_enclosure: ✅ Fan_4: 1
DATA: dry_enclosure: ✅ Fan_5: 1
DATA: dry_enclosure: ✅ Fan_6: 1
DATA: dry_enclosure: ✅ Fan_7: 1
DATA: dry_enclosure: ✅ Fan_8: 1
DATA: dry_enclosure: ✅ Fan_9: 1
DATA: dry_enclosure: ✅ Fan_10: 1
DATA: dry_enclosure: ✅ Fan_11: 1
DATA: dry_enclosure: ✅ Fan_12: 1
DATA: dry_enclosure: ✅ Heater_Percent: 0.0 %
DATA: dry_enclosure: ✅ Dehumidifier_Percent: 100.0 %RH
DATA: dry_enclosure: ✅ Fan_1: 1
DATA: dry_enclosure: ✅ Fan_2: 1
DATA: dry_enclosure: ✅ Fan_3: 1
DATA: dry_enclosure: ✅ Fan_4: 1
DATA: dry_enclosure: ✅ Fan_5: 1
DATA: dry_enclosure: ✅ Fan_6: 1
DATA: dry_enclosure: ✅ Fan_7: 1
DATA: dry_enclosure: ✅ Fan_8: 1
DATA: dry_enclosure: ✅ Fan_9: 1
DATA: dry_enclosure: ✅ Fan_10: 1
DATA: dry_enclosure: ✅ Fan_11: 1
DATA: dry_enclosure: ✅ Fan_12: 1
DATA: dry_enclosure: ✅ Heater_Percent: 0.0 %
DATA: dry_enclosure: ✅ Dehumidifier_Percent: 100.0 %RH
[ID 3] Error: 0xE2
DATA: dry_enclosure: ✅ PID_P: 0.002626
DATA: dry_enclosure: ✅ PID_I: 186.913086
DATA: dry_enclosure: ✅ PID_D: 0.000000
Loop is running, OTA handle is active...
DATA: dry_enclosure: ✅ PID_P: 0.002626
DATA: dry_enclosure: ✅ PID_I: 186.915710
DATA: dry_enclosure: ✅ PID_D: 0.000000
DATA: dry_enclosure: ✅ Sensor_4: temperature: 25.11 °C | humidity: 25.30 %RH
DATA: dry_enclosure: ✅ PID_P: 0.002416
DATA: dry_enclosure: ✅ PID_I: 186.918411
DATA: dry_enclosure: ✅ PID_D: -0.000188
DATA: dry_enclosure: ✅ PID_P: 0.002416
DATA: dry_enclosure: ✅ PID_I: 186.920822
DATA: dry_enclosure: ✅ PID_D: 0.000000
[ID 5] Error: 0xE2
DATA: dry_enclosure: ✅ PID_P: 0.002416
DATA: dry_enclosure: ✅ PID_I: 186.938019
DATA: dry_enclosure: ✅ PID_D: 0.000000
DATA: dry_enclosure: ✅ Fan_1: 1
DATA: dry_enclosure: ✅ Fan_2: 1
DATA: dry_enclosure: ✅ Fan_3: 1
DATA: dry_enclosure: ✅ Fan_4: 1
DATA: dry_enclosure: ✅ Fan_5: 1
DATA: dry_enclosure: ✅ Fan_6: 1
DATA: dry_enclosure: ✅ Fan_7: 1
DATA: dry_enclosure: ✅ Fan_8: 1
DATA: dry_enclosure: ✅ Fan_9: 1
DATA: dry_enclosure: ✅ Fan_10: 1
DATA: dry_enclosure: ✅ Fan_11: 1
DATA: dry_enclosure: ✅ Fan_12: 1
DATA: dry_enclosure: ✅ Heater_Percent: 0.0 %
DATA: dry_enclosure: ✅ Dehumidifier_Percent: 100.0 %RH
Loop is running, OTA handle is active...
DATA: dry_enclosure: ✅ PID_P: 0.002416
DATA: dry_enclosure: ✅ PID_I: 186.940430
DATA: dry_enclosure: ✅ PID_D: 0.000000
DATA: dry_enclosure: ✅ Sensor_6: temperature: 25.48 °C | humidity: 26.10 %RH
DATA: dry_enclosure: ✅ PID_P: 0.002311
DATA: dry_enclosure: ✅ PID_I: 186.943054
DATA: dry_enclosure: ✅ PID_D: -0.000092
DATA: dry_enclosure: ✅ PID_P: 0.002311
DATA: dry_enclosure: ✅ PID_I: 186.945358
DATA: dry_enclosure: ✅ PID_D: 0.000000
DATA: dry_enclosure: ✅ Sensor_7: temperature: 25.95 °C | humidity: 24.20 %RH
DATA: dry_enclosure: ✅ PID_P: 0.002206
DATA: dry_enclosure: ✅ PID_I: 186.947815
DATA: dry_enclosure: ✅ PID_D: -0.000094
Loop is running, OTA handle is active...
DATA: dry_enclosure: ✅ PID_P: 0.002206
DATA: dry_enclosure: ✅ PID_I: 186.950027
DATA: dry_enclosure: ✅ PID_D: 0.000000
DATA: dry_enclosure: ✅ Sensor_8: temperature: 25.29 °C | humidity: 24.80 %RH
DATA: dry_enclosure: ✅ PID_P: 0.002101
DATA: dry_enclosure: ✅ PID_I: 186.952362
DATA: dry_enclosure: ✅ PID_D: -0.000094
DATA: dry_enclosure: ✅ PID_P: 0.002101
DATA: dry_enclosure: ✅ PID_I: 186.954468
DATA: dry_enclosure: ✅ PID_D: 0.000000
DATA: dry_enclosure: ✅ Sensor_9: temperature: 25.48 °C | humidity: 24.30 %RH
DATA: dry_enclosure: ✅ PID_P: 0.001785
DATA: dry_enclosure: ✅ PID_I: 186.956451
DATA: dry_enclosure: ✅ PID_D: -0.000283
DATA: dry_enclosure: ✅ PID_P: 0.001785
DATA: dry_enclosure: ✅ PID_I: 186.958237
DATA: dry_enclosure: ✅ PID_D: 0.000000
Loop is running, OTA handle is active...
DATA: dry_enclosure: ✅ Sensor_1: temperature: 25.39 °C | humidity: 26.20 %RH
DATA: dry_enclosure: ✅ PID_P: 0.001680
DATA: dry_enclosure: ✅ PID_I: 186.960129
DATA: dry_enclosure: ✅ PID_D: -0.000093
DATA: dry_enclosure: ✅ PID_P: 0.001680
DATA: dry_enclosure: ✅ PID_I: 186.961807
DATA: dry_enclosure: ✅ PID_D: 0.000000
DATA: dry_enclosure: ✅ PID_P: 0.001680
DATA: dry_enclosure: ✅ PID_I: 186.963486
DATA: dry_enclosure: ✅ PID_D: 0.000000
DATA: dry_enclosure: ✅ Sensor_2: temperature: 25.95 °C | humidity: 25.50 %RH
DATA: dry_enclosure: ✅ PID_P: 0.001470
DATA: dry_enclosure: ✅ PID_I: 186.964951
DATA: dry_enclosure: ✅ PID_D: -0.000210
DATA: dry_enclosure: ✅ PID_P: 0.001470
DATA: dry_enclosure: ✅ PID_I: 186.966415
DATA: dry_enclosure: ✅ PID_D: 0.000000
[ID 3] Error: 0xE2
DATA: dry_enclosure: ✅ PID_P: 0.001470
DATA: dry_enclosure: ✅ PID_I: 186.975616
DATA: dry_enclosure: ✅ PID_D: 0.000000
Loop is running, OTA handle is active...
DATA: dry_enclosure: ✅ PID_P: 0.001470
DATA: dry_enclosure: ✅ PID_I: 186.977081
DATA: dry_enclosure: ✅ PID_D: 0.000000
DATA: dry_enclosure: ✅ PID_P: 0.001470
DATA: dry_enclosure: ✅ PID_I: 186.978546
DATA: dry_enclosure: ✅ PID_D: 0.000000
DATA: dry_enclosure: ✅ Sensor_4: temperature: 25.20 °C | humidity: 25.20 %RH
DATA: dry_enclosure: ✅ PID_P: 0.001365
DATA: dry_enclosure: ✅ PID_I: 186.979904
DATA: dry_enclosure: ✅ PID_D: -0.000105
DATA: dry_enclosure: ✅ PID_P: 0.001365
DATA: dry_enclosure: ✅ PID_I: 186.981262
DATA: dry_enclosure: ✅ PID_D: 0.000000
[ID 5] Error: 0xE2
DATA: dry_enclosure: ✅ PID_P: 0.001365
DATA: dry_enclosure: ✅ PID_I: 186.989807
DATA: dry_enclosure: ✅ PID_D: 0.000000
DATA: dry_enclosure: ✅ Fan_1: 1
DATA: dry_enclosure: ✅ Fan_2: 1
DATA: dry_enclosure: ✅ Fan_3: 1
DATA: dry_enclosure: ✅ Fan_4: 1
DATA: dry_enclosure: ✅ Fan_5: 1
DATA: dry_enclosure: ✅ Fan_6: 1
DATA: dry_enclosure: ✅ Fan_7: 1
DATA: dry_enclosure: ✅ Fan_8: 1
DATA: dry_enclosure: ✅ Fan_9: 1
DATA: dry_enclosure: ✅ Fan_10: 1
DATA: dry_enclosure: ✅ Fan_11: 1
DATA: dry_enclosure: ✅ Fan_12: 1
DATA: dry_enclosure: ✅ Heater_Percent: 0.0 %
DATA: dry_enclosure: ✅ Dehumidifier_Percent: 100.0 %RH
Loop is running, OTA handle is active...
DATA: dry_enclosure: ✅ PID_P: 0.001365
DATA: dry_enclosure: ✅ PID_I: 186.991165
DATA: dry_enclosure: ✅ PID_D: 0.000000
DATA: dry_enclosure: ✅ PID_P: 0.001365
DATA: dry_enclosure: ✅ PID_I: 186.992523
DATA: dry_enclosure: ✅ PID_D: 0.000000
DATA: dry_enclosure: ✅ Sensor_6: temperature: 25.48 °C | humidity: 25.90 %RH
DATA: dry_enclosure: ✅ PID_P: 0.001155
DATA: dry_enclosure: ✅ PID_I: 186.993683
DATA: dry_enclosure: ✅ PID_D: -0.000210
DATA: dry_enclosure: ✅ PID_P: 0.001155
DATA: dry_enclosure: ✅ PID_I: 186.994843
DATA: dry_enclosure: ✅ PID_D: 0.000000
DATA: dry_enclosure: ✅ Sensor_7: temperature: 25.95 °C | humidity: 24.00 %RH
DATA: dry_enclosure: ✅ PID_P: 0.000945
DATA: dry_enclosure: ✅ PID_I: 186.995789
DATA: dry_enclosure: ✅ PID_D: -0.000210
Loop is running, OTA handle is active...
DATA: dry_enclosure: ✅ PID_P: 0.000945
DATA: dry_enclosure: ✅ PID_I: 186.996735
DATA: dry_enclosure: ✅ PID_D: 0.000000
DATA: dry_enclosure: ✅ Sensor_8: temperature: 25.39 °C | humidity: 24.70 %RH
DATA: dry_enclosure: ✅ PID_P: 0.000840
DATA: dry_enclosure: ✅ PID_I: 186.997574
DATA: dry_enclosure: ✅ PID_D: -0.000105
DATA: dry_enclosure: ✅ PID_P: 0.000840
DATA: dry_enclosure: ✅ PID_I: 186.998413
DATA: dry_enclosure: ✅ PID_D: 0.000000
DATA: dry_enclosure: ✅ Sensor_9: temperature: 25.57 °C | humidity: 24.30 %RH
DATA: dry_enclosure: ✅ PID_P: 0.000840
DATA: dry_enclosure: ✅ PID_I: 186.999252
DATA: dry_enclosure: ✅ PID_D: -0.000000
DATA: dry_enclosure: ✅ PID_P: 0.000840
DATA: dry_enclosure: ✅ PID_I: 187.000092
DATA: dry_enclosure: ✅ PID_D: 0.000000
Loop is running, OTA handle is active...
DATA: dry_enclosure: ✅ Sensor_1: temperature: 25.39 °C | humidity: 26.00 %RH
DATA: dry_enclosure: ✅ PID_P: 0.000630
DATA: dry_enclosure: ✅ PID_I: 187.000717
DATA: dry_enclosure: ✅ PID_D: -0.000210
DATA: dry_enclosure: ✅ PID_P: 0.000630
DATA: dry_enclosure: ✅ PID_I: 187.001343
DATA: dry_enclosure: ✅ PID_D: 0.000000
DATA: dry_enclosure: ✅ Sensor_2: temperature: 26.04 °C | humidity: 25.40 %RH
DATA: dry_enclosure: ✅ PID_P: 0.000525
DATA: dry_enclosure: ✅ PID_I: 187.001862
DATA: dry_enclosure: ✅ PID_D: -0.000105
DATA: dry_enclosure: ✅ PID_P: 0.000525
DATA: dry_enclosure: ✅ PID_I: 187.002380
DATA: dry_enclosure: ✅ PID_D: 0.000000
[ID 3] Error: 0xE2
DATA: dry_enclosure: ✅ PID_P: 0.000525
DATA: dry_enclosure: ✅ PID_I: 187.005981
DATA: dry_enclosure: ✅ PID_D: 0.000000
Loop is running, OTA handle is active...
DATA: dry_enclosure: ✅ PID_P: 0.000525
DATA: dry_enclosure: ✅ PID_I: 187.006500
DATA: dry_enclosure: ✅ PID_D: 0.000000
DATA: dry_enclosure: ✅ PID_P: 0.000525
DATA: dry_enclosure: ✅ PID_I: 187.007019
DATA: dry_enclosure: ✅ PID_D: 0.000000
DATA: dry_enclosure: ✅ Sensor_4: temperature: 25.29 °C | humidity: 25.00 %RH
DATA: dry_enclosure: ✅ PID_P: 0.000315
DATA: dry_enclosure: ✅ PID_I: 187.007339
DATA: dry_enclosure: ✅ PID_D: -0.000210
DATA: dry_enclosure: ✅ PID_P: 0.000315
DATA: dry_enclosure: ✅ PID_I: 187.007660
DATA: dry_enclosure: ✅ PID_D: 0.000000
[ID 5] Error: 0xE2
DATA: dry_enclosure: ✅ PID_P: 0.000315
DATA: dry_enclosure: ✅ PID_I: 187.009628
DATA: dry_enclosure: ✅ PID_D: 0.000000
DATA: dry_enclosure: ✅ Fan_1: 1
DATA: dry_enclosure: ✅ Fan_2: 1
DATA: dry_enclosure: ✅ Fan_3: 1
DATA: dry_enclosure: ✅ Fan_4: 1
DATA: dry_enclosure: ✅ Fan_5: 1
DATA: dry_enclosure: ✅ Fan_6: 1
DATA: dry_enclosure: ✅ Fan_7: 1
DATA: dry_enclosure: ✅ Fan_8: 1
DATA: dry_enclosure: ✅ Fan_9: 1
DATA: dry_enclosure: ✅ Fan_10: 1
DATA: dry_enclosure: ✅ Fan_11: 1
DATA: dry_enclosure: ✅ Fan_12: 1
DATA: dry_enclosure: ✅ Heater_Percent: 0.0 %
DATA: dry_enclosure: ✅ Dehumidifier_Percent: 100.0 %RH
Loop is running, OTA handle is active...
DATA: dry_enclosure: ✅ PID_P: 0.000315
DATA: dry_enclosure: ✅ PID_I: 187.009949
DATA: dry_enclosure: ✅ PID_D: 0.000000
DATA: dry_enclosure: ✅ PID_P: 0.000315
DATA: dry_enclosure: ✅ PID_I: 187.010269
DATA: dry_enclosure: ✅ PID_D: 0.000000
DATA: dry_enclosure: ✅ Sensor_6: temperature: 25.57 °C | humidity: 25.70 %RH
DATA: dry_enclosure: ✅ PID_P: 0.000105
DATA: dry_enclosure: ✅ PID_I: 187.010376
DATA: dry_enclosure: ✅ PID_D: -0.000210
DATA: dry_enclosure: ✅ PID_P: 0.000105
DATA: dry_enclosure: ✅ PID_I: 187.010483
DATA: dry_enclosure: ✅ PID_D: 0.000000
DATA: dry_enclosure: ✅ Sensor_7: temperature: 26.04 °C | humidity: 23.80 %RH
DATA: dry_enclosure: ✅ PID_P: -0.000105
DATA: dry_enclosure: ✅ PID_I: 187.010376
DATA: dry_enclosure: ✅ PID_D: -0.000210
Loop is running, OTA handle is active...
DATA: dry_enclosure: ✅ PID_P: -0.000105
DATA: dry_enclosure: ✅ PID_I: 187.010269
DATA: dry_enclosure: ✅ PID_D: 0.000000
DATA: dry_enclosure: ✅ Sensor_8: temperature: 25.48 °C | humidity: 24.50 %RH
DATA: dry_enclosure: ✅ PID_P: -0.000315
DATA: dry_enclosure: ✅ PID_I: 187.009949
DATA: dry_enclosure: ✅ PID_D: -0.000210
DATA: dry_enclosure: ✅ PID_P: -0.000315
DATA: dry_enclosure: ✅ PID_I: 187.009628
DATA: dry_enclosure: ✅ PID_D: 0.000000
DATA: dry_enclosure: ✅ Sensor_9: temperature: 25.67 °C | humidity: 24.10 %RH
DATA: dry_enclosure: ✅ PID_P: -0.000525
DATA: dry_enclosure: ✅ PID_I: 187.009109
DATA: dry_enclosure: ✅ PID_D: -0.000210
DATA: dry_enclosure: ✅ PID_P: -0.000525
DATA: dry_enclosure: ✅ PID_I: 187.008591
DATA: dry_enclosure: ✅ PID_D: 0.000000
Loop is running, OTA handle is active...
DATA: dry_enclosure: ✅ Sensor_1: temperature: 25.48 °C | humidity: 25.80 %RH
DATA: dry_enclosure: ✅ PID_P: -0.000735
DATA: dry_enclosure: ✅ PID_I: 187.007858
DATA: dry_enclosure: ✅ PID_D: -0.000210
DATA: dry_enclosure: ✅ PID_P: -0.000735
DATA: dry_enclosure: ✅ PID_I: 187.007126
DATA: dry_enclosure: ✅ PID_D: 0.000000
DATA: dry_enclosure: ✅ Sensor_2: temperature: 26.04 °C | humidity: 25.20 %RH
DATA: dry_enclosure: ✅ PID_P: -0.000945
DATA: dry_enclosure: ✅ PID_I: 187.006180
DATA: dry_enclosure: ✅ PID_D: -0.000210
DATA: dry_enclosure: ✅ PID_P: -0.000945
DATA: dry_enclosure: ✅ PID_I: 187.005234
DATA: dry_enclosure: ✅ PID_D: 0.000000
[ID 3] Error: 0xE2
DATA: dry_enclosure: ✅ PID_P: -0.000945
DATA: dry_enclosure: ✅ PID_I: 186.998825
DATA: dry_enclosure: ✅ PID_D: 0.000000
Loop is running, OTA handle is active...
DATA: dry_enclosure: ✅ PID_P: -0.000945
DATA: dry_enclosure: ✅ PID_I: 186.997879
DATA: dry_enclosure: ✅ PID_D: 0.000000
DATA: dry_enclosure: ✅ Sensor_4: temperature: 25.29 °C | humidity: 24.90 %RH
DATA: dry_enclosure: ✅ PID_P: -0.001050
DATA: dry_enclosure: ✅ PID_I: 186.996674
DATA: dry_enclosure: ✅ PID_D: -0.000092
DATA: dry_enclosure: ✅ PID_P: -0.001050
DATA: dry_enclosure: ✅ PID_I: 186.995621
DATA: dry_enclosure: ✅ PID_D: 0.000000
[ID 5] Error: 0xE2
DATA: dry_enclosure: ✅ PID_P: -0.001050
DATA: dry_enclosure: ✅ PID_I: 186.988144
DATA: dry_enclosure: ✅ PID_D: 0.000000
DATA: dry_enclosure: ✅ Fan_1: 1
DATA: dry_enclosure: ✅ Fan_2: 1
DATA: dry_enclosure: ✅ Fan_3: 1
DATA: dry_enclosure: ✅ Fan_4: 1
DATA: dry_enclosure: ✅ Fan_5: 1
DATA: dry_enclosure: ✅ Fan_6: 1
DATA: dry_enclosure: ✅ Fan_7: 1
DATA: dry_enclosure: ✅ Fan_8: 1
DATA: dry_enclosure: ✅ Fan_9: 1
DATA: dry_enclosure: ✅ Fan_10: 1
DATA: dry_enclosure: ✅ Fan_11: 1
DATA: dry_enclosure: ✅ Fan_12: 1
DATA: dry_enclosure: ✅ Heater_Percent: 0.0 %
DATA: dry_enclosure: ✅ Dehumidifier_Percent: 100.0 %RH
Loop is running, OTA handle is active...
DATA: dry_enclosure: ✅ PID_P: -0.001050
DATA: dry_enclosure: ✅ PID_I: 186.987091
DATA: dry_enclosure: ✅ PID_D: 0.000000
DATA: dry_enclosure: ✅ Sensor_6: temperature: 25.67 °C | humidity: 25.60 %RH
DATA: dry_enclosure: ✅ PID_P: -0.001155
DATA: dry_enclosure: ✅ PID_I: 186.985840
DATA: dry_enclosure: ✅ PID_D: -0.000097
DATA: dry_enclosure: ✅ PID_P: -0.001155
DATA: dry_enclosure: ✅ PID_I: 186.984680
DATA: dry_enclosure: ✅ PID_D: 0.000000
DATA: dry_enclosure: ✅ Sensor_7: temperature: 26.13 °C | humidity: 23.70 %RH
DATA: dry_enclosure: ✅ PID_P: -0.001260
DATA: dry_enclosure: ✅ PID_I: 186.983231
DATA: dry_enclosure: ✅ PID_D: -0.000091
Loop is running, OTA handle is active...
DATA: dry_enclosure: ✅ PID_P: -0.001260
DATA: dry_enclosure: ✅ PID_I: 186.981964
DATA: dry_enclosure: ✅ PID_D: 0.000000
DATA: dry_enclosure: ✅ Sensor_8: temperature: 25.48 °C | humidity: 24.30 %RH
DATA: dry_enclosure: ✅ PID_P: -0.001469
DATA: dry_enclosure: ✅ PID_I: 186.980347
DATA: dry_enclosure: ✅ PID_D: -0.000191
DATA: dry_enclosure: ✅ PID_P: -0.001469
DATA: dry_enclosure: ✅ PID_I: 186.978882
DATA: dry_enclosure: ✅ PID_D: 0.000000
DATA: dry_enclosure: ✅ Sensor_9: temperature: 25.67 °C | humidity: 23.90 %RH
DATA: dry_enclosure: ✅ PID_P: -0.001679
DATA: dry_enclosure: ✅ PID_I: 186.977005
DATA: dry_enclosure: ✅ PID_D: -0.000187
DATA: dry_enclosure: ✅ PID_P: -0.001679
DATA: dry_enclosure: ✅ PID_I: 186.975327
DATA: dry_enclosure: ✅ PID_D: 0.000000
Loop is running, OTA handle is active...
DATA: dry_enclosure: ✅ Sensor_1: temperature: 25.57 °C | humidity: 25.60 %RH
DATA: dry_enclosure: ✅ PID_P: -0.001889
DATA: dry_enclosure: ✅ PID_I: 186.973175
DATA: dry_enclosure: ✅ PID_D: -0.000184
DATA: dry_enclosure: ✅ PID_P: -0.001889
DATA: dry_enclosure: ✅ PID_I: 186.971283
DATA: dry_enclosure: ✅ PID_D: 0.000000
DATA: dry_enclosure: ✅ Sensor_2: temperature: 26.13 °C | humidity: 25.00 %RH
DATA: dry_enclosure: ✅ PID_P: -0.002099
DATA: dry_enclosure: ✅ PID_I: 186.969040
DATA: dry_enclosure: ✅ PID_D: -0.000196
DATA: dry_enclosure: ✅ PID_P: -0.002099
DATA: dry_enclosure: ✅ PID_I: 186.966934
DATA: dry_enclosure: ✅ PID_D: 0.000000
DATA: dry_enclosure: ✅ PID_P: -0.002099
DATA: dry_enclosure: ✅ PID_I: 186.964828
DATA: dry_enclosure: ✅ PID_D: 0.000000
[ID 3] Error: 0xE2
DATA: dry_enclosure: ✅ PID_P: -0.002099
DATA: dry_enclosure: ✅ PID_I: 186.951981
DATA: dry_enclosure: ✅ PID_D: 0.000000
Loop is running, OTA handle is active...
DATA: dry_enclosure: ✅ PID_P: -0.002099
DATA: dry_enclosure: ✅ PID_I: 186.949875
DATA: dry_enclosure: ✅ PID_D: 0.000000
DATA: dry_enclosure: ✅ Sensor_4: temperature: 25.39 °C | humidity: 24.70 %RH
DATA: dry_enclosure: ✅ PID_P: -0.002309
DATA: dry_enclosure: ✅ PID_I: 186.947205
DATA: dry_enclosure: ✅ PID_D: -0.000181
DATA: dry_enclosure: ✅ PID_P: -0.002309
DATA: dry_enclosure: ✅ PID_I: 186.944901
DATA: dry_enclosure: ✅ PID_D: 0.000000
DATA: dry_enclosure: ✅ PID_P: -0.002309
DATA: dry_enclosure: ✅ PID_I: 186.942596
DATA: dry_enclosure: ✅ PID_D: 0.000000
[ID 5] Error: 0xE2
DATA: dry_enclosure: ✅ PID_P: -0.002309
DATA: dry_enclosure: ✅ PID_I: 186.928467
DATA: dry_enclosure: ✅ PID_D: 0.000000
DATA: dry_enclosure: ✅ Fan_1: 1
DATA: dry_enclosure: ✅ Fan_2: 1
DATA: dry_enclosure: ✅ Fan_3: 1
DATA: dry_enclosure: ✅ Fan_4: 1
DATA: dry_enclosure: ✅ Fan_5: 1
DATA: dry_enclosure: ✅ Fan_6: 1
DATA: dry_enclosure: ✅ Fan_7: 1
DATA: dry_enclosure: ✅ Fan_8: 1
DATA: dry_enclosure: ✅ Fan_9: 1
DATA: dry_enclosure: ✅ Fan_10: 1
DATA: dry_enclosure: ✅ Fan_11: 1
DATA: dry_enclosure: ✅ Fan_12: 1
DATA: dry_enclosure: ✅ Heater_Percent: 0.0 %
DATA: dry_enclosure: ✅ Dehumidifier_Percent: 100.0 %RH
Loop is running, OTA handle is active...
DATA: dry_enclosure: ✅ PID_P: -0.002309
DATA: dry_enclosure: ✅ PID_I: 186.926163
DATA: dry_enclosure: ✅ PID_D: 0.000000
DATA: dry_enclosure: ✅ PID_P: -0.002309
DATA: dry_enclosure: ✅ PID_I: 186.923859
DATA: dry_enclosure: ✅ PID_D: 0.000000
DATA: dry_enclosure: ✅ Sensor_6: temperature: 25.67 °C | humidity: 25.40 %RH
DATA: dry_enclosure: ✅ PID_P: -0.002519
DATA: dry_enclosure: ✅ PID_I: 186.921341
DATA: dry_enclosure: ✅ PID_D: -0.000210
DATA: dry_enclosure: ✅ PID_P: -0.002519
DATA: dry_enclosure: ✅ PID_I: 186.918823
DATA: dry_enclosure: ✅ PID_D: 0.000000
DATA: dry_enclosure: ✅ Sensor_7: temperature: 26.13 °C | humidity: 23.50 %RH
DATA: dry_enclosure: ✅ PID_P: -0.002729
DATA: dry_enclosure: ✅ PID_I: 186.916092
DATA: dry_enclosure: ✅ PID_D: -0.000210
Loop is running, OTA handle is active...
DATA: dry_enclosure: ✅ PID_P: -0.002729
DATA: dry_enclosure: ✅ PID_I: 186.913361
DATA: dry_enclosure: ✅ PID_D: 0.000000
DATA: dry_enclosure: ✅ Sensor_8: temperature: 25.57 °C | humidity: 24.20 %RH
DATA: dry_enclosure: ✅ PID_P: -0.002833
DATA: dry_enclosure: ✅ PID_I: 186.910522
DATA: dry_enclosure: ✅ PID_D: -0.000105
DATA: dry_enclosure: ✅ PID_P: -0.002833
DATA: dry_enclosure: ✅ PID_I: 186.907684
DATA: dry_enclosure: ✅ PID_D: 0.000000
DATA: dry_enclosure: ✅ Sensor_9: temperature: 25.76 °C | humidity: 23.90 %RH
DATA: dry_enclosure: ✅ PID_P: -0.002833
DATA: dry_enclosure: ✅ PID_I: 186.904846
DATA: dry_enclosure: ✅ PID_D: 0.000000
DATA: dry_enclosure: ✅ PID_P: -0.002833
DATA: dry_enclosure: ✅ PID_I: 186.902008
DATA: dry_enclosure: ✅ PID_D: 0.000000
Loop is running, OTA handle is active...
DATA: dry_enclosure: ✅ Sensor_1: temperature: 25.67 °C | humidity: 25.50 %RH
DATA: dry_enclosure: ✅ PID_P: -0.002938
DATA: dry_enclosure: ✅ PID_I: 186.899063
DATA: dry_enclosure: ✅ PID_D: -0.000105
DATA: dry_enclosure: ✅ PID_P: -0.002938
DATA: dry_enclosure: ✅ PID_I: 186.896118
DATA: dry_enclosure: ✅ PID_D: 0.000000
DATA: dry_enclosure: ✅ Sensor_2: temperature: 26.23 °C | humidity: 24.90 %RH
DATA: dry_enclosure: ✅ PID_P: -0.003043
DATA: dry_enclosure: ✅ PID_I: 186.893082
DATA: dry_enclosure: ✅ PID_D: -0.000105
DATA: dry_enclosure: ✅ PID_P: -0.003043
DATA: dry_enclosure: ✅ PID_I: 186.890045
DATA: dry_enclosure: ✅ PID_D: 0.000000
[ID 3] Error: 0xE2
DATA: dry_enclosure: ✅ PID_P: -0.003043
DATA: dry_enclosure: ✅ PID_I: 186.869461
DATA: dry_enclosure: ✅ PID_D: 0.000000
Loop is running, OTA handle is active...
DATA: dry_enclosure: ✅ PID_P: -0.003043
DATA: dry_enclosure: ✅ PID_I: 186.866425
DATA: dry_enclosure: ✅ PID_D: 0.000000
DATA: dry_enclosure: ✅ Sensor_4: temperature: 25.48 °C | humidity: 24.60 %RH
DATA: dry_enclosure: ✅ PID_P: -0.003148
DATA: dry_enclosure: ✅ PID_I: 186.862839
DATA: dry_enclosure: ✅ PID_D: -0.000092
DATA: dry_enclosure: ✅ PID_P: -0.003148
DATA: dry_enclosure: ✅ PID_I: 186.859695
DATA: dry_enclosure: ✅ PID_D: 0.000000
[ID 5] Error: 0xE2
DATA: dry_enclosure: ✅ PID_P: -0.003148
DATA: dry_enclosure: ✅ PID_I: 186.837296
DATA: dry_enclosure: ✅ PID_D: 0.000000
DATA: dry_enclosure: ✅ Fan_1: 1
DATA: dry_enclosure: ✅ Fan_2: 1
DATA: dry_enclosure: ✅ Fan_3: 1
DATA: dry_enclosure: ✅ Fan_4: 1
DATA: dry_enclosure: ✅ Fan_5: 1
DATA: dry_enclosure: ✅ Fan_6: 1
DATA: dry_enclosure: ✅ Fan_7: 1
DATA: dry_enclosure: ✅ Fan_8: 1
DATA: dry_enclosure: ✅ Fan_9: 1
DATA: dry_enclosure: ✅ Fan_10: 1
DATA: dry_enclosure: ✅ Fan_11: 1
DATA: dry_enclosure: ✅ Fan_12: 1
DATA: dry_enclosure: ✅ Heater_Percent: 0.0 %
DATA: dry_enclosure: ✅ Dehumidifier_Percent: 100.0 %RH
Loop is running, OTA handle is active...
DATA: dry_enclosure: ✅ PID_P: -0.003148
DATA: dry_enclosure: ✅ PID_I: 186.834152
DATA: dry_enclosure: ✅ PID_D: 0.000000
DATA: dry_enclosure: ✅ Sensor_6: temperature: 25.76 °C | humidity: 25.30 %RH
DATA: dry_enclosure: ✅ PID_P: -0.003252
DATA: dry_enclosure: ✅ PID_I: 186.830444
DATA: dry_enclosure: ✅ PID_D: -0.000092
DATA: dry_enclosure: ✅ PID_P: -0.003252
DATA: dry_enclosure: ✅ PID_I: 186.827194
DATA: dry_enclosure: ✅ PID_D: 0.000000
DATA: dry_enclosure: ✅ Sensor_7: temperature: 26.23 °C | humidity: 23.40 %RH
DATA: dry_enclosure: ✅ PID_P: -0.003357
DATA: dry_enclosure: ✅ PID_I: 186.823441
DATA: dry_enclosure: ✅ PID_D: -0.000094
Loop is running, OTA handle is active...
DATA: dry_enclosure: ✅ PID_P: -0.003357
DATA: dry_enclosure: ✅ PID_I: 186.820084
DATA: dry_enclosure: ✅ PID_D: 0.000000
DATA: dry_enclosure: ✅ Sensor_8: temperature: 25.57 °C | humidity: 24.10 %RH
DATA: dry_enclosure: ✅ PID_P: -0.003462
DATA: dry_enclosure: ✅ PID_I: 186.816223
DATA: dry_enclosure: ✅ PID_D: -0.000094
DATA: dry_enclosure: ✅ PID_P: -0.003462
DATA: dry_enclosure: ✅ PID_I: 186.812759
DATA: dry_enclosure: ✅ PID_D: 0.000000
DATA: dry_enclosure: ✅ PID_P: -0.003462
DATA: dry_enclosure: ✅ PID_I: 186.809296
DATA: dry_enclosure: ✅ PID_D: 0.000000
DATA: dry_enclosure: ✅ Sensor_9: temperature: 25.76 °C | humidity: 23.70 %RH
DATA: dry_enclosure: ✅ PID_P: -0.003672
DATA: dry_enclosure: ✅ PID_I: 186.805618
DATA: dry_enclosure: ✅ PID_D: -0.000210
Loop is running, OTA handle is active...
DATA: dry_enclosure: ✅ PID_P: -0.003672
DATA: dry_enclosure: ✅ PID_I: 186.801941
DATA: dry_enclosure: ✅ PID_D: 0.000000
DATA: dry_enclosure: ✅ Sensor_1: temperature: 25.67 °C | humidity: 25.30 %RH
DATA: dry_enclosure: ✅ PID_P: -0.003882
DATA: dry_enclosure: ✅ PID_I: 186.798065
DATA: dry_enclosure: ✅ PID_D: -0.000210
DATA: dry_enclosure: ✅ PID_P: -0.003882
DATA: dry_enclosure: ✅ PID_I: 186.794189
DATA: dry_enclosure: ✅ PID_D: 0.000000
DATA: dry_enclosure: ✅ Sensor_2: temperature: 26.23 °C | humidity: 24.80 %RH
DATA: dry_enclosure: ✅ PID_P: -0.003987
DATA: dry_enclosure: ✅ PID_I: 186.790207
DATA: dry_enclosure: ✅ PID_D: -0.000105
DATA: dry_enclosure: ✅ PID_P: -0.003987
DATA: dry_enclosure: ✅ PID_I: 186.786224
DATA: dry_enclosure: ✅ PID_D: 0.000000
[ID 3] Error: 0xE2
DATA: dry_enclosure: ✅ PID_P: -0.003987
DATA: dry_enclosure: ✅ PID_I: 186.760300
DATA: dry_enclosure: ✅ PID_D: 0.000000
Loop is running, OTA handle is active...
DATA: dry_enclosure: ✅ PID_P: -0.004930
DATA: dry_enclosure: ✅ PID_I: 186.665695
DATA: dry_enclosure: ✅ PID_D: -0.000105
DATA: dry_enclosure: ✅ PID_P: -0.004930
DATA: dry_enclosure: ✅ PID_I: 186.660767
DATA: dry_enclosure: ✅ PID_D: 0.000000
DATA: dry_enclosure: ✅ Sensor_2: temperature: 26.32 °C | humidity: 24.60 %RH
DATA: dry_enclosure: ✅ PID_P: -0.005140
DATA: dry_enclosure: ✅ PID_I: 186.655624
DATA: dry_enclosure: ✅ PID_D: -0.000210
DATA: dry_enclosure: ✅ PID_P: -0.005140
DATA: dry_enclosure: ✅ PID_I: 186.650482
DATA: dry_enclosure: ✅ PID_D: 0.000000
[ID 3] Error: 0xE2
DATA: dry_enclosure: ✅ PID_P: -0.005140
DATA: dry_enclosure: ✅ PID_I: 186.616760
DATA: dry_enclosure: ✅ PID_D: 0.000000
Loop is running, OTA handle is active...
DATA: dry_enclosure: ✅ PID_P: -0.005140
DATA: dry_enclosure: ✅ PID_I: 186.611618
DATA: dry_enclosure: ✅ PID_D: 0.000000
DATA: dry_enclosure: ✅ Sensor_4: temperature: 25.57 °C | humidity: 24.30 %RH
DATA: dry_enclosure: ✅ PID_P: -0.005244
DATA: dry_enclosure: ✅ PID_I: 186.605637
DATA: dry_enclosure: ✅ PID_D: -0.000092
DATA: dry_enclosure: ✅ PID_P: -0.005244
DATA: dry_enclosure: ✅ PID_I: 186.600388
DATA: dry_enclosure: ✅ PID_D: 0.000000
[ID 5] Error: 0xE2
DATA: dry_enclosure: ✅ PID_P: -0.005244
DATA: dry_enclosure: ✅ PID_I: 186.563065
DATA: dry_enclosure: ✅ PID_D: 0.000000
DATA: dry_enclosure: ✅ Fan_1: 1
DATA: dry_enclosure: ✅ Fan_2: 1
DATA: dry_enclosure: ✅ Fan_3: 1
DATA: dry_enclosure: ✅ Fan_4: 1
DATA: dry_enclosure: ✅ Fan_5: 1
DATA: dry_enclosure: ✅ Fan_6: 1
DATA: dry_enclosure: ✅ Fan_7: 1
DATA: dry_enclosure: ✅ Fan_8: 1
DATA: dry_enclosure: ✅ Fan_9: 1
DATA: dry_enclosure: ✅ Fan_10: 1
DATA: dry_enclosure: ✅ Fan_11: 1
DATA: dry_enclosure: ✅ Fan_12: 1
DATA: dry_enclosure: ✅ Heater_Percent: 0.0 %
DATA: dry_enclosure: ✅ Dehumidifier_Percent: 100.0 %RH
Loop is running, OTA handle is active...
DATA: dry_enclosure: ✅ PID_P: -0.005244
DATA: dry_enclosure: ✅ PID_I: 186.557816
DATA: dry_enclosure: ✅ PID_D: 0.000000
DATA: dry_enclosure: ✅ Sensor_6: temperature: 25.85 °C | humidity: 25.00 %RH
DATA: dry_enclosure: ✅ PID_P: -0.005349
DATA: dry_enclosure: ✅ PID_I: 186.551727
DATA: dry_enclosure: ✅ PID_D: -0.000092
DATA: dry_enclosure: ✅ PID_P: -0.005349
DATA: dry_enclosure: ✅ PID_I: 186.546371
DATA: dry_enclosure: ✅ PID_D: 0.000000
DATA: dry_enclosure: ✅ PID_P: -0.005349
DATA: dry_enclosure: ✅ PID_I: 186.541016
DATA: dry_enclosure: ✅ PID_D: 0.000000
DATA: dry_enclosure: ✅ Sensor_7: temperature: 26.32 °C | humidity: 23.20 %RH
Loop is running, OTA handle is active...
DATA: dry_enclosure: ✅ PID_P: -0.005454
DATA: dry_enclosure: ✅ PID_I: 186.535568
DATA: dry_enclosure: ✅ PID_D: -0.000105
DATA: dry_enclosure: ✅ PID_P: -0.005454
DATA: dry_enclosure: ✅ PID_I: 186.530121
DATA: dry_enclosure: ✅ PID_D: 0.000000
DATA: dry_enclosure: ✅ Sensor_8: temperature: 25.67 °C | humidity: 23.80 %RH
DATA: dry_enclosure: ✅ PID_P: -0.005559
DATA: dry_enclosure: ✅ PID_I: 186.524567
DATA: dry_enclosure: ✅ PID_D: -0.000105
DATA: dry_enclosure: ✅ PID_P: -0.005559
DATA: dry_enclosure: ✅ PID_I: 186.519012
DATA: dry_enclosure: ✅ PID_D: 0.000000
DATA: dry_enclosure: ✅ Sensor_9: temperature: 25.85 °C | humidity: 23.40 %RH
DATA: dry_enclosure: ✅ PID_P: -0.005768
DATA: dry_enclosure: ✅ PID_I: 186.513245
DATA: dry_enclosure: ✅ PID_D: -0.000210
Loop is running, OTA handle is active...
DATA: dry_enclosure: ✅ PID_P: -0.005768
DATA: dry_enclosure: ✅ PID_I: 186.507477
DATA: dry_enclosure: ✅ PID_D: 0.000000
DATA: dry_enclosure: ✅ Sensor_1: temperature: 25.85 °C | humidity: 25.00 %RH
DATA: dry_enclosure: ✅ PID_P: -0.005978
DATA: dry_enclosure: ✅ PID_I: 186.501495
DATA: dry_enclosure: ✅ PID_D: -0.000209
DATA: dry_enclosure: ✅ PID_P: -0.005978
DATA: dry_enclosure: ✅ PID_I: 186.495514
DATA: dry_enclosure: ✅ PID_D: 0.000000
DATA: dry_enclosure: ✅ Sensor_2: temperature: 26.32 °C | humidity: 24.50 %RH
DATA: dry_enclosure: ✅ PID_P: -0.006083
DATA: dry_enclosure: ✅ PID_I: 186.489426
DATA: dry_enclosure: ✅ PID_D: -0.000105
DATA: dry_enclosure: ✅ PID_P: -0.006083
DATA: dry_enclosure: ✅ PID_I: 186.483337
DATA: dry_enclosure: ✅ PID_D: 0.000000
[ID 3] Error: 0xE2
DATA: dry_enclosure: ✅ PID_P: -0.006083
DATA: dry_enclosure: ✅ PID_I: 186.442383
DATA: dry_enclosure: ✅ PID_D: 0.000000
Loop is running, OTA handle is active...
DATA: dry_enclosure: ✅ PID_P: -0.006083
DATA: dry_enclosure: ✅ PID_I: 186.436295
DATA: dry_enclosure: ✅ PID_D: 0.000000
DATA: dry_enclosure: ✅ Sensor_4: temperature: 25.57 °C | humidity: 24.20 %RH
DATA: dry_enclosure: ✅ PID_P: -0.006188
DATA: dry_enclosure: ✅ PID_I: 186.429413
DATA: dry_enclosure: ✅ PID_D: -0.000094
DATA: dry_enclosure: ✅ PID_P: -0.006188
DATA: dry_enclosure: ✅ PID_I: 186.423218
DATA: dry_enclosure: ✅ PID_D: 0.000000
DATA: dry_enclosure: ✅ PID_P: -0.006188
DATA: dry_enclosure: ✅ PID_I: 186.417023
DATA: dry_enclosure: ✅ PID_D: 0.000000
[ID 5] Error: 0xE2
DATA: dry_enclosure: ✅ PID_P: -0.006188
DATA: dry_enclosure: ✅ PID_I: 186.379166
DATA: dry_enclosure: ✅ PID_D: 0.000000
DATA: dry_enclosure: ✅ Fan_1: 1
DATA: dry_enclosure: ✅ Fan_2: 1
DATA: dry_enclosure: ✅ Fan_3: 1
DATA: dry_enclosure: ✅ Fan_4: 1
DATA: dry_enclosure: ✅ Fan_5: 1
DATA: dry_enclosure: ✅ Fan_6: 1
DATA: dry_enclosure: ✅ Fan_7: 1
DATA: dry_enclosure: ✅ Fan_8: 1
DATA: dry_enclosure: ✅ Fan_9: 1
DATA: dry_enclosure: ✅ Fan_10: 1
DATA: dry_enclosure: ✅ Fan_11: 1
DATA: dry_enclosure: ✅ Fan_12: 1
DATA: dry_enclosure: ✅ Heater_Percent: 0.0 %
DATA: dry_enclosure: ✅ Dehumidifier_Percent: 100.0 %RH
Loop is running, OTA handle is active...
DATA: dry_enclosure: ✅ PID_P: -0.006188
DATA: dry_enclosure: ✅ PID_I: 186.372971
DATA: dry_enclosure: ✅ PID_D: 0.000000
DATA: dry_enclosure: ✅ PID_P: -0.006188
DATA: dry_enclosure: ✅ PID_I: 186.366776
DATA: dry_enclosure: ✅ PID_D: 0.000000
DATA: dry_enclosure: ✅ Sensor_6: temperature: 25.95 °C | humidity: 24.90 %RH
DATA: dry_enclosure: ✅ PID_P: -0.006292
DATA: dry_enclosure: ✅ PID_I: 186.360489
DATA: dry_enclosure: ✅ PID_D: -0.000105
DATA: dry_enclosure: ✅ PID_P: -0.006292
DATA: dry_enclosure: ✅ PID_I: 186.354202
DATA: dry_enclosure: ✅ PID_D: 0.000000
DATA: dry_enclosure: ✅ Sensor_7: temperature: 26.41 °C | humidity: 23.00 %RH
DATA: dry_enclosure: ✅ PID_P: -0.006502
DATA: dry_enclosure: ✅ PID_I: 186.347702
DATA: dry_enclosure: ✅ PID_D: -0.000209
Loop is running, OTA handle is active...
DATA: dry_enclosure: ✅ PID_P: -0.006502
DATA: dry_enclosure: ✅ PID_I: 186.341202
DATA: dry_enclosure: ✅ PID_D: 0.000000
DATA: dry_enclosure: ✅ Sensor_8: temperature: 25.67 °C | humidity: 23.80 %RH
DATA: dry_enclosure: ✅ PID_P: -0.006502
DATA: dry_enclosure: ✅ PID_I: 186.334702
DATA: dry_enclosure: ✅ PID_D: 0.000000
DATA: dry_enclosure: ✅ PID_P: -0.006502
DATA: dry_enclosure: ✅ PID_I: 186.328201
DATA: dry_enclosure: ✅ PID_D: 0.000000
DATA: dry_enclosure: ✅ Sensor_9: temperature: 25.95 °C | humidity: 23.30 %RH
DATA: dry_enclosure: ✅ PID_P: -0.006606
DATA: dry_enclosure: ✅ PID_I: 186.321594
DATA: dry_enclosure: ✅ PID_D: -0.000105
DATA: dry_enclosure: ✅ PID_P: -0.006606
DATA: dry_enclosure: ✅ PID_I: 186.314987
DATA: dry_enclosure: ✅ PID_D: 0.000000
Loop is running, OTA handle is active...
DATA: dry_enclosure: ✅ Sensor_1: temperature: 25.85 °C | humidity: 25.00 %RH
[ID 5] Error: 0xE2
DATA: dry_enclosure: ✅ PID_P: -0.006815
DATA: dry_enclosure: ✅ PID_I: 186.171509
DATA: dry_enclosure: ✅ PID_D: 0.000000
DATA: dry_enclosure: ✅ Fan_1: 1
DATA: dry_enclosure: ✅ Fan_2: 1
DATA: dry_enclosure: ✅ Fan_3: 1
DATA: dry_enclosure: ✅ Fan_4: 1
DATA: dry_enclosure: ✅ Fan_5: 1
DATA: dry_enclosure: ✅ Fan_6: 1
DATA: dry_enclosure: ✅ Fan_7: 1
DATA: dry_enclosure: ✅ Fan_8: 1
DATA: dry_enclosure: ✅ Fan_9: 1
DATA: dry_enclosure: ✅ Fan_10: 1
DATA: dry_enclosure: ✅ Fan_11: 1
DATA: dry_enclosure: ✅ Fan_12: 1
DATA: dry_enclosure: ✅ Heater_Percent: 0.0 %
DATA: dry_enclosure: ✅ Dehumidifier_Percent: 100.0 %RH
Loop is running, OTA handle is active...
DATA: dry_enclosure: ✅ PID_P: -0.006815
DATA: dry_enclosure: ✅ PID_I: 186.164688
DATA: dry_enclosure: ✅ PID_D: 0.000000
DATA: dry_enclosure: ✅ Sensor_6: temperature: 25.95 °C | humidity: 24.80 %RH
DATA: dry_enclosure: ✅ PID_P: -0.006920
DATA: dry_enclosure: ✅ PID_I: 186.157394
DATA: dry_enclosure: ✅ PID_D: -0.000099
DATA: dry_enclosure: ✅ PID_P: -0.006920
DATA: dry_enclosure: ✅ PID_I: 186.150467
DATA: dry_enclosure: ✅ PID_D: 0.000000
DATA: dry_enclosure: ✅ Sensor_7: temperature: 26.41 °C | humidity: 23.00 %RH
DATA: dry_enclosure: ✅ PID_P: -0.006920
DATA: dry_enclosure: ✅ PID_I: 186.142654
DATA: dry_enclosure: ✅ PID_D: 0.000000
Loop is running, OTA handle is active...
DATA: dry_enclosure: ✅ PID_P: -0.006920
DATA: dry_enclosure: ✅ PID_I: 186.135727
DATA: dry_enclosure: ✅ PID_D: 0.000000
DATA: dry_enclosure: ✅ Sensor_8: temperature: 25.76 °C | humidity: 23.70 %RH
DATA: dry_enclosure: ✅ PID_P: -0.007025
DATA: dry_enclosure: ✅ PID_I: 186.127930
DATA: dry_enclosure: ✅ PID_D: -0.000094
DATA: dry_enclosure: ✅ PID_P: -0.007025
DATA: dry_enclosure: ✅ PID_I: 186.120911
DATA: dry_enclosure: ✅ PID_D: 0.000000
DATA: dry_enclosure: ✅ Sensor_9: temperature: 26.04 °C | humidity: 23.20 %RH
DATA: dry_enclosure: ✅ PID_P: -0.007129
DATA: dry_enclosure: ✅ PID_I: 186.112946
DATA: dry_enclosure: ✅ PID_D: -0.000094
DATA: dry_enclosure: ✅ PID_P: -0.007129
DATA: dry_enclosure: ✅ PID_I: 186.105820
DATA: dry_enclosure: ✅ PID_D: 0.000000
Loop is running, OTA handle is active...
DATA: dry_enclosure: ✅ Sensor_1: temperature: 25.95 °C | humidity: 24.90 %RH
DATA: dry_enclosure: ✅ PID_P: -0.007234
DATA: dry_enclosure: ✅ PID_I: 186.097641
DATA: dry_enclosure: ✅ PID_D: -0.000092
DATA: dry_enclosure: ✅ PID_P: -0.007234
DATA: dry_enclosure: ✅ PID_I: 186.090408
DATA: dry_enclosure: ✅ PID_D: 0.000000
DATA: dry_enclosure: ✅ Sensor_2: temperature: 26.51 °C | humidity: 24.30 %RH
DATA: dry_enclosure: ✅ PID_P: -0.007338
DATA: dry_enclosure: ✅ PID_I: 186.082077
DATA: dry_enclosure: ✅ PID_D: -0.000092
DATA: dry_enclosure: ✅ PID_P: -0.007338
DATA: dry_enclosure: ✅ PID_I: 186.074738
DATA: dry_enclosure: ✅ PID_D: 0.000000
[ID 3] Error: 0xE2
DATA: dry_enclosure: ✅ PID_P: -0.007338
DATA: dry_enclosure: ✅ PID_I: 186.022507
DATA: dry_enclosure: ✅ PID_D: 0.000000
Loop is running, OTA handle is active...
DATA: dry_enclosure: ✅ PID_P: -0.007338
DATA: dry_enclosure: ✅ PID_I: 186.015167
DATA: dry_enclosure: ✅ PID_D: 0.000000
DATA: dry_enclosure: ✅ Sensor_4: temperature: 25.67 °C | humidity: 24.00 %RH
DATA: dry_enclosure: ✅ PID_P: -0.007443
DATA: dry_enclosure: ✅ PID_I: 186.006805
DATA: dry_enclosure: ✅ PID_D: -0.000093
DATA: dry_enclosure: ✅ PID_P: -0.007443
DATA: dry_enclosure: ✅ PID_I: 185.999359
DATA: dry_enclosure: ✅ PID_D: 0.000000
[ID 5] Error: 0xE2
DATA: dry_enclosure: ✅ PID_P: -0.007443
DATA: dry_enclosure: ✅ PID_I: 185.946381
DATA: dry_enclosure: ✅ PID_D: 0.000000
DATA: dry_enclosure: ✅ Fan_1: 1
DATA: dry_enclosure: ✅ Fan_2: 1
DATA: dry_enclosure: ✅ Fan_3: 1
DATA: dry_enclosure: ✅ Fan_4: 1
DATA: dry_enclosure: ✅ Fan_5: 1
DATA: dry_enclosure: ✅ Fan_6: 1
DATA: dry_enclosure: ✅ Fan_7: 1
DATA: dry_enclosure: ✅ Fan_8: 1
DATA: dry_enclosure: ✅ Fan_9: 1
DATA: dry_enclosure: ✅ Fan_10: 1
DATA: dry_enclosure: ✅ Fan_11: 1
DATA: dry_enclosure: ✅ Fan_12: 1
DATA: dry_enclosure: ✅ Heater_Percent: 0.0 %
DATA: dry_enclosure: ✅ Dehumidifier_Percent: 100.0 %RH
Loop is running, OTA handle is active...
DATA: dry_enclosure: ✅ PID_P: -0.007443
DATA: dry_enclosure: ✅ PID_I: 185.938934
DATA: dry_enclosure: ✅ PID_D: 0.000000
DATA: dry_enclosure: ✅ Sensor_6: temperature: 26.04 °C | humidity: 24.70 %RH
DATA: dry_enclosure: ✅ PID_P: -0.007548
DATA: dry_enclosure: ✅ PID_I: 185.930695
DATA: dry_enclosure: ✅ PID_D: -0.000096
DATA: dry_enclosure: ✅ PID_P: -0.007548
DATA: dry_enclosure: ✅ PID_I: 185.923141
DATA: dry_enclosure: ✅ PID_D: 0.000000
DATA: dry_enclosure: ✅ Sensor_7: temperature: 26.51 °C | humidity: 22.90 %RH
DATA: dry_enclosure: ✅ PID_P: -0.007652
DATA: dry_enclosure: ✅ PID_I: 185.914413
DATA: dry_enclosure: ✅ PID_D: -0.000092
Loop is running, OTA handle is active...
DATA: dry_enclosure: ✅ PID_P: -0.007652
DATA: dry_enclosure: ✅ PID_I: 185.906769
DATA: dry_enclosure: ✅ PID_D: 0.000000
DATA: dry_enclosure: ✅ Sensor_8: temperature: 25.76 °C | humidity: 23.60 %RH
DATA: dry_enclosure: ✅ PID_P: -0.007757
DATA: dry_enclosure: ✅ PID_I: 185.898193
DATA: dry_enclosure: ✅ PID_D: -0.000095
DATA: dry_enclosure: ✅ PID_P: -0.007757
DATA: dry_enclosure: ✅ PID_I: 185.890442
DATA: dry_enclosure: ✅ PID_D: 0.000000
DATA: dry_enclosure: ✅ Sensor_9: temperature: 26.04 °C | humidity: 23.20 %RH
DATA: dry_enclosure: ✅ PID_P: -0.007757
DATA: dry_enclosure: ✅ PID_I: 185.881592
DATA: dry_enclosure: ✅ PID_D: 0.000000
DATA: dry_enclosure: ✅ PID_P: -0.007757
DATA: dry_enclosure: ✅ PID_I: 185.873840
DATA: dry_enclosure: ✅ PID_D: 0.000000
Loop is running, OTA handle is active...
DATA: dry_enclosure: ✅ Sensor_1: temperature: 25.95 °C | humidity: 24.70 %RH
DATA: dry_enclosure: ✅ PID_P: -0.007967
DATA: dry_enclosure: ✅ PID_I: 185.865067
DATA: dry_enclosure: ✅ PID_D: -0.000190
DATA: dry_enclosure: ✅ PID_P: -0.007967
DATA: dry_enclosure: ✅ PID_I: 185.857101
DATA: dry_enclosure: ✅ PID_D: 0.000000
DATA: dry_enclosure: ✅ Sensor_2: temperature: 26.51 °C | humidity: 24.30 %RH
DATA: dry_enclosure: ✅ PID_P: -0.007967
DATA: dry_enclosure: ✅ PID_I: 185.848160
DATA: dry_enclosure: ✅ PID_D: 0.000000
DATA: dry_enclosure: ✅ PID_P: -0.007967
DATA: dry_enclosure: ✅ PID_I: 185.840195
DATA: dry_enclosure: ✅ PID_D: 0.000000
[ID 3] Error: 0xE2
DATA: dry_enclosure: ✅ PID_P: -0.007967
DATA: dry_enclosure: ✅ PID_I: 185.783493
DATA: dry_enclosure: ✅ PID_D: 0.000000
Loop is running, OTA handle is active...
DATA: dry_enclosure: ✅ PID_P: -0.007967
DATA: dry_enclosure: ✅ PID_I: 185.775528
DATA: dry_enclosure: ✅ PID_D: 0.000000
DATA: dry_enclosure: ✅ Sensor_4: temperature: 25.76 °C | humidity: 23.90 %RH
DATA: dry_enclosure: ✅ PID_P: -0.008071
DATA: dry_enclosure: ✅ PID_I: 185.766495
DATA: dry_enclosure: ✅ PID_D: -0.000093
DATA: dry_enclosure: ✅ PID_P: -0.008071
DATA: dry_enclosure: ✅ PID_I: 185.758423
DATA: dry_enclosure: ✅ PID_D: 0.000000
DATA: dry_enclosure: ✅ PID_P: -0.008071
DATA: dry_enclosure: ✅ PID_I: 185.750351
DATA: dry_enclosure: ✅ PID_D: 0.000000
[ID 5] Error: 0xE2
DATA: dry_enclosure: ✅ PID_P: -0.008071
DATA: dry_enclosure: ✅ PID_I: 185.700958
DATA: dry_enclosure: ✅ PID_D: 0.000000
DATA: dry_enclosure: ✅ Fan_1: 1
DATA: dry_enclosure: ✅ Fan_2: 1
DATA: dry_enclosure: ✅ Fan_3: 1
DATA: dry_enclosure: ✅ Fan_4: 1
DATA: dry_enclosure: ✅ Fan_5: 1
DATA: dry_enclosure: ✅ Fan_6: 1
DATA: dry_enclosure: ✅ Fan_7: 1
DATA: dry_enclosure: ✅ Fan_8: 1
DATA: dry_enclosure: ✅ Fan_9: 1
DATA: dry_enclosure: ✅ Fan_10: 1
DATA: dry_enclosure: ✅ Fan_11: 1
DATA: dry_enclosure: ✅ Fan_12: 1
DATA: dry_enclosure: ✅ Heater_Percent: 0.0 %
DATA: dry_enclosure: ✅ Dehumidifier_Percent: 100.0 %RH
Loop is running, OTA handle is active...
DATA: dry_enclosure: ✅ PID_P: -0.008071
DATA: dry_enclosure: ✅ PID_I: 185.692886
DATA: dry_enclosure: ✅ PID_D: 0.000000
DATA: dry_enclosure: ✅ PID_P: -0.008071
DATA: dry_enclosure: ✅ PID_I: 185.684814
DATA: dry_enclosure: ✅ PID_D: 0.000000
DATA: dry_enclosure: ✅ Sensor_6: temperature: 26.04 °C | humidity: 24.70 %RH
DATA: dry_enclosure: ✅ PID_P: -0.008071
DATA: dry_enclosure: ✅ PID_I: 185.676743
DATA: dry_enclosure: ✅ PID_D: 0.000000
DATA: dry_enclosure: ✅ PID_P: -0.008071
DATA: dry_enclosure: ✅ PID_I: 185.668671
DATA: dry_enclosure: ✅ PID_D: 0.000000
DATA: dry_enclosure: ✅ Sensor_7: temperature: 26.51 °C | humidity: 22.90 %RH
DATA: dry_enclosure: ✅ PID_P: -0.008071
DATA: dry_enclosure: ✅ PID_I: 185.660599
DATA: dry_enclosure: ✅ PID_D: 0.000000
Loop is running, OTA handle is active...
DATA: dry_enclosure: ✅ PID_P: -0.008071
DATA: dry_enclosure: ✅ PID_I: 185.652527
DATA: dry_enclosure: ✅ PID_D: 0.000000
DATA: dry_enclosure: ✅ Sensor_8: temperature: 25.85 °C | humidity: 23.60 %RH
DATA: dry_enclosure: ✅ PID_P: -0.008071
DATA: dry_enclosure: ✅ PID_I: 185.644455
DATA: dry_enclosure: ✅ PID_D: 0.000000
DATA: dry_enclosure: ✅ PID_P: -0.008071
DATA: dry_enclosure: ✅ PID_I: 185.636383
DATA: dry_enclosure: ✅ PID_D: 0.000000
DATA: dry_enclosure: ✅ Sensor_9: temperature: 26.13 °C | humidity: 23.10 %RH
DATA: dry_enclosure: ✅ PID_P: -0.008175
DATA: dry_enclosure: ✅ PID_I: 185.628204
DATA: dry_enclosure: ✅ PID_D: -0.000104
DATA: dry_enclosure: ✅ PID_P: -0.008175
DATA: dry_enclosure: ✅ PID_I: 185.620026
DATA: dry_enclosure: ✅ PID_D: 0.000000
Loop is running, OTA handle is active...
DATA: dry_enclosure: ✅ Sensor_1: temperature: 26.04 °C | humidity: 24.70 %RH
DATA: dry_enclosure: ✅ PID_P: -0.008175
DATA: dry_enclosure: ✅ PID_I: 185.611847
DATA: dry_enclosure: ✅ PID_D: 0.000000
DATA: dry_enclosure: ✅ Fan_1: 1
DATA: dry_enclosure: ✅ Fan_2: 1
DATA: dry_enclosure: ✅ Fan_3: 1
DATA: dry_enclosure: ✅ Fan_4: 1
DATA: dry_enclosure: ✅ Fan_5: 1
DATA: dry_enclosure: ✅ Fan_6: 1
DATA: dry_enclosure: ✅ Fan_7: 1
DATA: dry_enclosure: ✅ Fan_8: 1
DATA: dry_enclosure: ✅ Fan_9: 1
DATA: dry_enclosure: ✅ Fan_10: 1
DATA: dry_enclosure: ✅ Fan_11: 1
DATA: dry_enclosure: ✅ Fan_12: 1
DATA: dry_enclosure: ✅ Heater_Percent: 0.0 %
DATA: dry_enclosure: ✅ Dehumidifier_Percent: 100.0 %RH
DATA: dry_enclosure: ✅ Fan_1: 1
DATA: dry_enclosure: ✅ Fan_2: 1
DATA: dry_enclosure: ✅ Fan_3: 1
DATA: dry_enclosure: ✅ Fan_4: 1
DATA: dry_enclosure: ✅ Fan_5: 1
DATA: dry_enclosure: ✅ Fan_6: 1
DATA: dry_enclosure: ✅ Fan_7: 1
DATA: dry_enclosure: ✅ Fan_8: 1
DATA: dry_enclosure: ✅ Fan_9: 1
DATA: dry_enclosure: ✅ Fan_10: 1
DATA: dry_enclosure: ✅ Fan_11: 1
DATA: dry_enclosure: ✅ Fan_12: 1
DATA: dry_enclosure: ✅ Heater_Percent: 0.0 %
DATA: dry_enclosure: ✅ Dehumidifier_Percent: 100.0 %RH
DATA: dry_enclosure: ✅ PID_P: -0.008175
DATA: dry_enclosure: ✅ PID_I: 185.603668
DATA: dry_enclosure: ✅ PID_D: 0.000000
DATA: dry_enclosure: ✅ Sensor_2: temperature: 26.60 °C | humidity: 24.20 %RH
DATA: dry_enclosure: ✅ PID_P: -0.008279
DATA: dry_enclosure: ✅ PID_I: 185.595383
DATA: dry_enclosure: ✅ PID_D: -0.000104
DATA: dry_enclosure: ✅ PID_P: -0.008279
DATA: dry_enclosure: ✅ PID_I: 185.587097
DATA: dry_enclosure: ✅ PID_D: 0.000000
[ID 3] Error: 0xE2
DATA: dry_enclosure: ✅ PID_P: -0.008279
DATA: dry_enclosure: ✅ PID_I: 185.530075
DATA: dry_enclosure: ✅ PID_D: 0.000000
Loop is running, OTA handle is active...
DATA: dry_enclosure: ✅ PID_P: -0.008279
DATA: dry_enclosure: ✅ PID_I: 185.521790
DATA: dry_enclosure: ✅ PID_D: 0.000000
DATA: dry_enclosure: ✅ Sensor_4: temperature: 25.76 °C | humidity: 23.90 %RH
DATA: dry_enclosure: ✅ PID_P: -0.008279
DATA: dry_enclosure: ✅ PID_I: 185.512527
DATA: dry_enclosure: ✅ PID_D: 0.000000
DATA: dry_enclosure: ✅ PID_P: -0.008279
DATA: dry_enclosure: ✅ PID_I: 185.504242
DATA: dry_enclosure: ✅ PID_D: 0.000000
[ID 5] Error: 0xE2
DATA: dry_enclosure: ✅ PID_P: -0.008279
DATA: dry_enclosure: ✅ PID_I: 185.445312
DATA: dry_enclosure: ✅ PID_D: 0.000000
DATA: dry_enclosure: ✅ Fan_1: 1
DATA: dry_enclosure: ✅ Fan_2: 1
DATA: dry_enclosure: ✅ Fan_3: 1
DATA: dry_enclosure: ✅ Fan_4: 1
DATA: dry_enclosure: ✅ Fan_5: 1
DATA: dry_enclosure: ✅ Fan_6: 1
DATA: dry_enclosure: ✅ Fan_7: 1
DATA: dry_enclosure: ✅ Fan_8: 1
DATA: dry_enclosure: ✅ Fan_9: 1
DATA: dry_enclosure: ✅ Fan_10: 1
DATA: dry_enclosure: ✅ Fan_11: 1
DATA: dry_enclosure: ✅ Fan_12: 1
DATA: dry_enclosure: ✅ Heater_Percent: 0.0 %
DATA: dry_enclosure: ✅ Dehumidifier_Percent: 100.0 %RH
Loop is running, OTA handle is active...
DATA: dry_enclosure: ✅ PID_P: -0.008279
DATA: dry_enclosure: ✅ PID_I: 185.437027
DATA: dry_enclosure: ✅ PID_D: 0.000000
DATA: dry_enclosure: ✅ Sensor_6: temperature: 26.13 °C | humidity: 24.60 %RH
DATA: dry_enclosure: ✅ PID_P: -0.008384
DATA: dry_enclosure: ✅ PID_I: 185.427429
DATA: dry_enclosure: ✅ PID_D: -0.000091
DATA: dry_enclosure: ✅ PID_P: -0.008384
DATA: dry_enclosure: ✅ PID_I: 185.419052
DATA: dry_enclosure: ✅ PID_D: 0.000000
DATA: dry_enclosure: ✅ Sensor_7: temperature: 26.60 °C | humidity: 22.70 %RH
DATA: dry_enclosure: ✅ PID_P: -0.008593
DATA: dry_enclosure: ✅ PID_I: 185.409470
DATA: dry_enclosure: ✅ PID_D: -0.000187
Loop is running, OTA handle is active...
DATA: dry_enclosure: ✅ PID_P: -0.008593
DATA: dry_enclosure: ✅ PID_I: 185.400879
DATA: dry_enclosure: ✅ PID_D: 0.000000
DATA: dry_enclosure: ✅ Sensor_8: temperature: 25.85 °C | humidity: 23.50 %RH
DATA: dry_enclosure: ✅ PID_P: -0.008698
DATA: dry_enclosure: ✅ PID_I: 185.391327
DATA: dry_enclosure: ✅ PID_D: -0.000095
DATA: dry_enclosure: ✅ PID_P: -0.008698
DATA: dry_enclosure: ✅ PID_I: 185.382629
DATA: dry_enclosure: ✅ PID_D: 0.000000
DATA: dry_enclosure: ✅ Sensor_9: temperature: 26.13 °C | humidity: 23.10 %RH
DATA: dry_enclosure: ✅ PID_P: -0.008698
DATA: dry_enclosure: ✅ PID_I: 185.372726
DATA: dry_enclosure: ✅ PID_D: 0.000000
DATA: dry_enclosure: ✅ PID_P: -0.008698
DATA: dry_enclosure: ✅ PID_I: 185.364029
DATA: dry_enclosure: ✅ PID_D: 0.000000
Loop is running, OTA handle is active...
DATA: dry_enclosure: ✅ Sensor_1: temperature: 26.04 °C | humidity: 24.60 %RH
DATA: dry_enclosure: ✅ PID_P: -0.008802
DATA: dry_enclosure: ✅ PID_I: 185.354263
DATA: dry_enclosure: ✅ PID_D: -0.000094
DATA: dry_enclosure: ✅ PID_P: -0.008802
DATA: dry_enclosure: ✅ PID_I: 185.345459
DATA: dry_enclosure: ✅ PID_D: 0.000000
DATA: dry_enclosure: ✅ Sensor_2: temperature: 26.60 °C | humidity: 24.10 %RH
DATA: dry_enclosure: ✅ PID_P: -0.008907
DATA: dry_enclosure: ✅ PID_I: 185.335388
DATA: dry_enclosure: ✅ PID_D: -0.000093
DATA: dry_enclosure: ✅ PID_P: -0.008907
DATA: dry_enclosure: ✅ PID_I: 185.326477
DATA: dry_enclosure: ✅ PID_D: 0.000000
[ID 3] Error: 0xE2
DATA: dry_enclosure: ✅ PID_P: -0.008907
DATA: dry_enclosure: ✅ PID_I: 185.263077
DATA: dry_enclosure: ✅ PID_D: 0.000000
Loop is running, OTA handle is active...
DATA: dry_enclosure: ✅ PID_P: -0.008907
DATA: dry_enclosure: ✅ PID_I: 185.254166
DATA: dry_enclosure: ✅ PID_D: 0.000000
DATA: dry_enclosure: ✅ PID_P: -0.008907
DATA: dry_enclosure: ✅ PID_I: 185.245255
DATA: dry_enclosure: ✅ PID_D: 0.000000
DATA: dry_enclosure: ✅ Sensor_4: temperature: 25.85 °C | humidity: 23.80 %RH
DATA: dry_enclosure: ✅ PID_P: -0.009012
DATA: dry_enclosure: ✅ PID_I: 185.236237
DATA: dry_enclosure: ✅ PID_D: -0.000104
DATA: dry_enclosure: ✅ PID_P: -0.009012
DATA: dry_enclosure: ✅ PID_I: 185.227219
DATA: dry_enclosure: ✅ PID_D: 0.000000
[ID 5] Error: 0xE2
DATA: dry_enclosure: ✅ PID_P: -0.009012
DATA: dry_enclosure: ✅ PID_I: 185.170929
DATA: dry_enclosure: ✅ PID_D: 0.000000
DATA: dry_enclosure: ✅ Fan_1: 1
DATA: dry_enclosure: ✅ Fan_2: 1
DATA: dry_enclosure: ✅ Fan_3: 1
DATA: dry_enclosure: ✅ Fan_4: 1
DATA: dry_enclosure: ✅ Fan_5: 1
DATA: dry_enclosure: ✅ Fan_6: 1
DATA: dry_enclosure: ✅ Fan_7: 1
DATA: dry_enclosure: ✅ Fan_8: 1
DATA: dry_enclosure: ✅ Fan_9: 1
DATA: dry_enclosure: ✅ Fan_10: 1
DATA: dry_enclosure: ✅ Fan_11: 1
DATA: dry_enclosure: ✅ Fan_12: 1
DATA: dry_enclosure: ✅ Heater_Percent: 0.0 %
DATA: dry_enclosure: ✅ Dehumidifier_Percent: 100.0 %RH
Loop is running, OTA handle is active...
DATA: dry_enclosure: ✅ PID_P: -0.009012
DATA: dry_enclosure: ✅ PID_I: 185.161911
DATA: dry_enclosure: ✅ PID_D: 0.000000
DATA: dry_enclosure: ✅ Sensor_6: temperature: 26.13 °C | humidity: 24.50 %RH
DATA: dry_enclosure: ✅ PID_P: -0.009116
DATA: dry_enclosure: ✅ PID_I: 185.151352
DATA: dry_enclosure: ✅ PID_D: -0.000090
DATA: dry_enclosure: ✅ PID_P: -0.009116
DATA: dry_enclosure: ✅ PID_I: 185.142242
DATA: dry_enclosure: ✅ PID_D: 0.000000
DATA: dry_enclosure: ✅ Sensor_7: temperature: 26.60 °C | humidity: 22.70 %RH
DATA: dry_enclosure: ✅ PID_P: -0.009116
DATA: dry_enclosure: ✅ PID_I: 185.132034
DATA: dry_enclosure: ✅ PID_D: 0.000000
Loop is running, OTA handle is active...
DATA: dry_enclosure: ✅ PID_P: -0.009116
DATA: dry_enclosure: ✅ PID_I: 185.122925
DATA: dry_enclosure: ✅ PID_D: 0.000000
DATA: dry_enclosure: ✅ Sensor_8: temperature: 25.95 °C | humidity: 23.40 %RH
DATA: dry_enclosure: ✅ PID_P: -0.009221
DATA: dry_enclosure: ✅ PID_I: 185.112839
DATA: dry_enclosure: ✅ PID_D: -0.000095
DATA: dry_enclosure: ✅ PID_P: -0.009221
DATA: dry_enclosure: ✅ PID_I: 185.103622
DATA: dry_enclosure: ✅ PID_D: 0.000000
DATA: dry_enclosure: ✅ Sensor_9: temperature: 26.13 °C | humidity: 23.00 %RH
DATA: dry_enclosure: ✅ PID_P: -0.009326
DATA: dry_enclosure: ✅ PID_I: 185.093109
DATA: dry_enclosure: ✅ PID_D: -0.000093
DATA: dry_enclosure: ✅ PID_P: -0.009326
DATA: dry_enclosure: ✅ PID_I: 185.083786
DATA: dry_enclosure: ✅ PID_D: 0.000000
Loop is running, OTA handle is active...
DATA: dry_enclosure: ✅ Sensor_1: temperature: 26.13 °C | humidity: 24.50 %RH
DATA: dry_enclosure: ✅ PID_P: -0.009430
DATA: dry_enclosure: ✅ PID_I: 185.073273
DATA: dry_enclosure: ✅ PID_D: -0.000094
DATA: dry_enclosure: ✅ PID_P: -0.009430
DATA: dry_enclosure: ✅ PID_I: 185.063843
DATA: dry_enclosure: ✅ PID_D: 0.000000
DATA: dry_enclosure: ✅ Sensor_2: temperature: 26.69 °C | humidity: 24.00 %RH
DATA: dry_enclosure: ✅ PID_P: -0.009534
DATA: dry_enclosure: ✅ PID_I: 185.053192
DATA: dry_enclosure: ✅ PID_D: -0.000093
DATA: dry_enclosure: ✅ PID_P: -0.009534
DATA: dry_enclosure: ✅ PID_I: 185.043655
DATA: dry_enclosure: ✅ PID_D: 0.000000
[ID 3] Error: 0xE2
DATA: dry_enclosure: ✅ PID_P: -0.009534
DATA: dry_enclosure: ✅ PID_I: 184.975800
DATA: dry_enclosure: ✅ PID_D: 0.000000
Loop is running, OTA handle is active...
DATA: dry_enclosure: ✅ PID_P: -0.009534
DATA: dry_enclosure: ✅ PID_I: 184.966263
DATA: dry_enclosure: ✅ PID_D: 0.000000
DATA: dry_enclosure: ✅ Sensor_4: temperature: 25.85 °C | humidity: 23.70 %RH
DATA: dry_enclosure: ✅ PID_P: -0.009639
DATA: dry_enclosure: ✅ PID_I: 184.955399
DATA: dry_enclosure: ✅ PID_D: -0.000093
DATA: dry_enclosure: ✅ PID_P: -0.009639
DATA: dry_enclosure: ✅ PID_I: 184.945755
DATA: dry_enclosure: ✅ PID_D: 0.000000
[ID 5] Error: 0xE2
DATA: dry_enclosure: ✅ PID_P: -0.009639
DATA: dry_enclosure: ✅ PID_I: 184.877151
DATA: dry_enclosure: ✅ PID_D: 0.000000
DATA: dry_enclosure: ✅ Fan_1: 1
DATA: dry_enclosure: ✅ Fan_2: 1
DATA: dry_enclosure: ✅ Fan_3: 1
DATA: dry_enclosure: ✅ Fan_4: 1
DATA: dry_enclosure: ✅ Fan_5: 1
DATA: dry_enclosure: ✅ Fan_6: 1
DATA: dry_enclosure: ✅ Fan_7: 1
DATA: dry_enclosure: ✅ Fan_8: 1
DATA: dry_enclosure: ✅ Fan_9: 1
DATA: dry_enclosure: ✅ Fan_10: 1
DATA: dry_enclosure: ✅ Fan_11: 1
DATA: dry_enclosure: ✅ Fan_12: 1
DATA: dry_enclosure: ✅ Heater_Percent: 0.0 %
DATA: dry_enclosure: ✅ Dehumidifier_Percent: 100.0 %RH
Loop is running, OTA handle is active...
DATA: dry_enclosure: ✅ PID_P: -0.009639
DATA: dry_enclosure: ✅ PID_I: 184.867508
DATA: dry_enclosure: ✅ PID_D: 0.000000
DATA: dry_enclosure: ✅ Sensor_6: temperature: 26.23 °C | humidity: 24.40 %RH
DATA: dry_enclosure: ✅ PID_P: -0.009743
DATA: dry_enclosure: ✅ PID_I: 184.856308
DATA: dry_enclosure: ✅ PID_D: -0.000091
DATA: dry_enclosure: ✅ PID_P: -0.009743
DATA: dry_enclosure: ✅ PID_I: 184.846558
DATA: dry_enclosure: ✅ PID_D: 0.000000
DATA: dry_enclosure: ✅ Sensor_7: temperature: 26.69 °C | humidity: 22.60 %RH
DATA: dry_enclosure: ✅ PID_P: -0.009848
DATA: dry_enclosure: ✅ PID_I: 184.835495
DATA: dry_enclosure: ✅ PID_D: -0.000093
Loop is running, OTA handle is active...
DATA: dry_enclosure: ✅ PID_P: -0.009848
DATA: dry_enclosure: ✅ PID_I: 184.825653
DATA: dry_enclosure: ✅ PID_D: 0.000000
DATA: dry_enclosure: ✅ Sensor_8: temperature: 25.95 °C | humidity: 23.30 %RH
DATA: dry_enclosure: ✅ PID_P: -0.009953
DATA: dry_enclosure: ✅ PID_I: 184.814789
DATA: dry_enclosure: ✅ PID_D: -0.000096
DATA: dry_enclosure: ✅ PID_P: -0.009953
DATA: dry_enclosure: ✅ PID_I: 184.804840
DATA: dry_enclosure: ✅ PID_D: 0.000000
DATA: dry_enclosure: ✅ Sensor_9: temperature: 26.23 °C | humidity: 22.90 %RH
DATA: dry_enclosure: ✅ PID_P: -0.010057
DATA: dry_enclosure: ✅ PID_I: 184.793579
DATA: dry_enclosure: ✅ PID_D: -0.000093
DATA: dry_enclosure: ✅ PID_P: -0.010057
DATA: dry_enclosure: ✅ PID_I: 184.783524
DATA: dry_enclosure: ✅ PID_D: 0.000000
Loop is running, OTA handle is active...
DATA: dry_enclosure: ✅ Sensor_1: temperature: 26.13 °C | humidity: 24.40 %RH
DATA: dry_enclosure: ✅ PID_P: -0.010162
DATA: dry_enclosure: ✅ PID_I: 184.772217
DATA: dry_enclosure: ✅ PID_D: -0.000094
DATA: dry_enclosure: ✅ PID_P: -0.010162
DATA: dry_enclosure: ✅ PID_I: 184.762054
DATA: dry_enclosure: ✅ PID_D: 0.000000
DATA: dry_enclosure: ✅ Sensor_2: temperature: 26.69 °C | humidity: 23.90 %RH
DATA: dry_enclosure: ✅ PID_P: -0.010266
DATA: dry_enclosure: ✅ PID_I: 184.750412
DATA: dry_enclosure: ✅ PID_D: -0.000092
DATA: dry_enclosure: ✅ PID_P: -0.010266
DATA: dry_enclosure: ✅ PID_I: 184.740143
DATA: dry_enclosure: ✅ PID_D: 0.000000
[ID 3] Error: 0xE2
DATA: dry_enclosure: ✅ PID_P: -0.010266
DATA: dry_enclosure: ✅ PID_I: 184.667084
DATA: dry_enclosure: ✅ PID_D: 0.000000
Loop is running, OTA handle is active...
DATA: dry_enclosure: ✅ PID_P: -0.010266
DATA: dry_enclosure: ✅ PID_I: 184.656815
DATA: dry_enclosure: ✅ PID_D: 0.000000
DATA: dry_enclosure: ✅ Sensor_4: temperature: 25.95 °C | humidity: 23.60 %RH
DATA: dry_enclosure: ✅ PID_P: -0.010371
DATA: dry_enclosure: ✅ PID_I: 184.645096
DATA: dry_enclosure: ✅ PID_D: -0.000092
DATA: dry_enclosure: ✅ PID_P: -0.010371
DATA: dry_enclosure: ✅ PID_I: 184.634720
DATA: dry_enclosure: ✅ PID_D: 0.000000
[ID 5] Error: 0xE2
DATA: dry_enclosure: ✅ PID_P: -0.010371
DATA: dry_enclosure: ✅ PID_I: 184.560913
DATA: dry_enclosure: ✅ PID_D: 0.000000
DATA: dry_enclosure: ✅ Fan_1: 1
DATA: dry_enclosure: ✅ Fan_2: 1
DATA: dry_enclosure: ✅ Fan_3: 1
DATA: dry_enclosure: ✅ Fan_4: 1
DATA: dry_enclosure: ✅ Fan_5: 1
DATA: dry_enclosure: ✅ Fan_6: 1
DATA: dry_enclosure: ✅ Fan_7: 1
DATA: dry_enclosure: ✅ Fan_8: 1
DATA: dry_enclosure: ✅ Fan_9: 1
DATA: dry_enclosure: ✅ Fan_10: 1
DATA: dry_enclosure: ✅ Fan_11: 1
DATA: dry_enclosure: ✅ Fan_12: 1
DATA: dry_enclosure: ✅ Heater_Percent: 0.0 %
DATA: dry_enclosure: ✅ Dehumidifier_Percent: 100.0 %RH
Loop is running, OTA handle is active...
DATA: dry_enclosure: ✅ PID_P: -0.010371
DATA: dry_enclosure: ✅ PID_I: 184.550537
DATA: dry_enclosure: ✅ PID_D: 0.000000
DATA: dry_enclosure: ✅ PID_P: -0.010371
DATA: dry_enclosure: ✅ PID_I: 184.540161
DATA: dry_enclosure: ✅ PID_D: 0.000000
DATA: dry_enclosure: ✅ Sensor_6: temperature: 26.23 °C | humidity: 24.30 %RH
DATA: dry_enclosure: ✅ PID_P: -0.010475
DATA: dry_enclosure: ✅ PID_I: 184.529678
DATA: dry_enclosure: ✅ PID_D: -0.000105
DATA: dry_enclosure: ✅ PID_P: -0.010475
DATA: dry_enclosure: ✅ PID_I: 184.519196
DATA: dry_enclosure: ✅ PID_D: 0.000000
DATA: dry_enclosure: ✅ Sensor_7: temperature: 26.69 °C | humidity: 22.50 %RH
DATA: dry_enclosure: ✅ PID_P: -0.010580
DATA: dry_enclosure: ✅ PID_I: 184.508621
DATA: dry_enclosure: ✅ PID_D: -0.000105
Loop is running, OTA handle is active...
DATA: dry_enclosure: ✅ PID_P: -0.010580
DATA: dry_enclosure: ✅ PID_I: 184.498047
DATA: dry_enclosure: ✅ PID_D: 0.000000
DATA: dry_enclosure: ✅ Sensor_8: temperature: 25.95 °C | humidity: 23.30 %RH
DATA: dry_enclosure: ✅ PID_P: -0.010580
DATA: dry_enclosure: ✅ PID_I: 184.487473
DATA: dry_enclosure: ✅ PID_D: 0.000000
DATA: dry_enclosure: ✅ PID_P: -0.010580
DATA: dry_enclosure: ✅ PID_I: 184.476898
DATA: dry_enclosure: ✅ PID_D: 0.000000
DATA: dry_enclosure: ✅ Sensor_9: temperature: 26.23 °C | humidity: 22.80 %RH
DATA: dry_enclosure: ✅ PID_P: -0.010685
DATA: dry_enclosure: ✅ PID_I: 184.466217
DATA: dry_enclosure: ✅ PID_D: -0.000105
DATA: dry_enclosure: ✅ PID_P: -0.010685
DATA: dry_enclosure: ✅ PID_I: 184.455536
DATA: dry_enclosure: ✅ PID_D: 0.000000
Loop is running, OTA handle is active...
DATA: dry_enclosure: ✅ Sensor_1: temperature: 26.23 °C | humidity: 24.30 %RH
DATA: dry_enclosure: ✅ PID_P: -0.010789
DATA: dry_enclosure: ✅ PID_I: 184.444748
DATA: dry_enclosure: ✅ PID_D: -0.000104
DATA: dry_enclosure: ✅ PID_P: -0.010789
DATA: dry_enclosure: ✅ PID_I: 184.433960
DATA: dry_enclosure: ✅ PID_D: 0.000000
DATA: dry_enclosure: ✅ Sensor_2: temperature: 26.79 °C | humidity: 23.80 %RH
DATA: dry_enclosure: ✅ PID_P: -0.010893
DATA: dry_enclosure: ✅ PID_I: 184.423065
DATA: dry_enclosure: ✅ PID_D: -0.000104
DATA: dry_enclosure: ✅ PID_P: -0.010893
DATA: dry_enclosure: ✅ PID_I: 184.412170
DATA: dry_enclosure: ✅ PID_D: 0.000000
[ID 3] Error: 0xE2
DATA: dry_enclosure: ✅ PID_P: -0.010893
DATA: dry_enclosure: ✅ PID_I: 184.336716
DATA: dry_enclosure: ✅ PID_D: 0.000000
Loop is running, OTA handle is active...
DATA: dry_enclosure: ✅ PID_P: -0.010893
DATA: dry_enclosure: ✅ PID_I: 184.325821
DATA: dry_enclosure: ✅ PID_D: 0.000000
DATA: dry_enclosure: ✅ Sensor_4: temperature: 25.95 °C | humidity: 23.60 %RH
DATA: dry_enclosure: ✅ PID_P: -0.010893
DATA: dry_enclosure: ✅ PID_I: 184.313583
DATA: dry_enclosure: ✅ PID_D: 0.000000
DATA: dry_enclosure: ✅ PID_P: -0.010893
DATA: dry_enclosure: ✅ PID_I: 184.302689
DATA: dry_enclosure: ✅ PID_D: 0.000000
[ID 5] Error: 0xE2
DATA: dry_enclosure: ✅ PID_P: -0.010893
DATA: dry_enclosure: ✅ PID_I: 184.225159
DATA: dry_enclosure: ✅ PID_D: 0.000000
DATA: dry_enclosure: ✅ Fan_1: 1
DATA: dry_enclosure: ✅ Fan_2: 1
DATA: dry_enclosure: ✅ Fan_3: 1
DATA: dry_enclosure: ✅ Fan_4: 1
DATA: dry_enclosure: ✅ Fan_5: 1
DATA: dry_enclosure: ✅ Fan_6: 1
DATA: dry_enclosure: ✅ Fan_7: 1
DATA: dry_enclosure: ✅ Fan_8: 1
DATA: dry_enclosure: ✅ Fan_9: 1
DATA: dry_enclosure: ✅ Fan_10: 1
DATA: dry_enclosure: ✅ Fan_11: 1
DATA: dry_enclosure: ✅ Fan_12: 1
DATA: dry_enclosure: ✅ Heater_Percent: 0.0 %
DATA: dry_enclosure: ✅ Dehumidifier_Percent: 100.0 %RH
Loop is running, OTA handle is active...
DATA: dry_enclosure: ✅ PID_P: -0.010893
DATA: dry_enclosure: ✅ PID_I: 184.214264
DATA: dry_enclosure: ✅ PID_D: 0.000000
DATA: dry_enclosure: ✅ PID_P: -0.010893
DATA: dry_enclosure: ✅ PID_I: 184.203369
DATA: dry_enclosure: ✅ PID_D: 0.000000
DATA: dry_enclosure: ✅ Sensor_6: temperature: 26.32 °C | humidity: 24.30 %RH
DATA: dry_enclosure: ✅ PID_P: -0.010893
DATA: dry_enclosure: ✅ PID_I: 184.192474
DATA: dry_enclosure: ✅ PID_D: 0.000000
DATA: dry_enclosure: ✅ PID_P: -0.010893
DATA: dry_enclosure: ✅ PID_I: 184.181580
DATA: dry_enclosure: ✅ PID_D: 0.000000
DATA: dry_enclosure: ✅ Sensor_7: temperature: 26.79 °C | humidity: 22.40 %RH
DATA: dry_enclosure: ✅ PID_P: -0.010997
DATA: dry_enclosure: ✅ PID_I: 184.170578
DATA: dry_enclosure: ✅ PID_D: -0.000104
Loop is running, OTA handle is active...
DATA: dry_enclosure: ✅ PID_P: -0.010997
DATA: dry_enclosure: ✅ PID_I: 184.159576
DATA: dry_enclosure: ✅ PID_D: 0.000000
DATA: dry_enclosure: ✅ Sensor_8: temperature: 26.04 °C | humidity: 23.20 %RH
DATA: dry_enclosure: ✅ PID_P: -0.011101
DATA: dry_enclosure: ✅ PID_I: 184.148468
DATA: dry_enclosure: ✅ PID_D: -0.000104
DATA: dry_enclosure: ✅ PID_P: -0.011101
DATA: dry_enclosure: ✅ PID_I: 184.137360
DATA: dry_enclosure: ✅ PID_D: 0.000000
DATA: dry_enclosure: ✅ Sensor_9: temperature: 26.32 °C | humidity: 22.80 %RH
DATA: dry_enclosure: ✅ PID_P: -0.011101
DATA: dry_enclosure: ✅ PID_I: 184.126251
DATA: dry_enclosure: ✅ PID_D: 0.000000
DATA: dry_enclosure: ✅ PID_P: -0.011101
DATA: dry_enclosure: ✅ PID_I: 184.115143
DATA: dry_enclosure: ✅ PID_D: 0.000000
Loop is running, OTA handle is active...
DATA: dry_enclosure: ✅ Sensor_1: temperature: 26.23 °C | humidity: 24.30 %RH
DATA: dry_enclosure: ✅ PID_P: -0.011101
DATA: dry_enclosure: ✅ PID_I: 184.104034
DATA: dry_enclosure: ✅ PID_D: 0.000000
DATA: dry_enclosure: ✅ PID_P: -0.011101
DATA: dry_enclosure: ✅ PID_I: 184.092926
DATA: dry_enclosure: ✅ PID_D: 0.000000
DATA: dry_enclosure: ✅ Sensor_2: temperature: 26.79 °C | humidity: 23.80 %RH
DATA: dry_enclosure: ✅ PID_P: -0.011101
DATA: dry_enclosure: ✅ PID_I: 184.081818
DATA: dry_enclosure: ✅ PID_D: 0.000000
DATA: dry_enclosure: ✅ PID_P: -0.011101
DATA: dry_enclosure: ✅ PID_I: 184.070709
DATA: dry_enclosure: ✅ PID_D: 0.000000
[ID 3] Error: 0xE2
DATA: dry_enclosure: ✅ PID_P: -0.011101
DATA: dry_enclosure: ✅ PID_I: 183.995193
DATA: dry_enclosure: ✅ PID_D: 0.000000
Loop is running, OTA handle is active...
DATA: dry_enclosure: ✅ PID_P: -0.011101
DATA: dry_enclosure: ✅ PID_I: 183.984085
DATA: dry_enclosure: ✅ PID_D: 0.000000
DATA: dry_enclosure: ✅ PID_P: -0.011101
DATA: dry_enclosure: ✅ PID_I: 183.972977
DATA: dry_enclosure: ✅ PID_D: 0.000000
DATA: dry_enclosure: ✅ Sensor_4: temperature: 25.95 °C | humidity: 23.50 %RH
DATA: dry_enclosure: ✅ PID_P: -0.011206
DATA: dry_enclosure: ✅ PID_I: 183.961777
DATA: dry_enclosure: ✅ PID_D: -0.000105
DATA: dry_enclosure: ✅ PID_P: -0.011206
DATA: dry_enclosure: ✅ PID_I: 183.950577
DATA: dry_enclosure: ✅ PID_D: 0.000000
[ID 5] Error: 0xE2
DATA: dry_enclosure: ✅ PID_P: -0.011206
DATA: dry_enclosure: ✅ PID_I: 183.880402
DATA: dry_enclosure: ✅ PID_D: 0.000000
DATA: dry_enclosure: ✅ Fan_1: 1
DATA: dry_enclosure: ✅ Fan_2: 1
DATA: dry_enclosure: ✅ Fan_3: 1
DATA: dry_enclosure: ✅ Fan_4: 1
DATA: dry_enclosure: ✅ Fan_5: 1
DATA: dry_enclosure: ✅ Fan_6: 1
DATA: dry_enclosure: ✅ Fan_7: 1
DATA: dry_enclosure: ✅ Fan_8: 1
DATA: dry_enclosure: ✅ Fan_9: 1
DATA: dry_enclosure: ✅ Fan_10: 1
DATA: dry_enclosure: ✅ Fan_11: 1
DATA: dry_enclosure: ✅ Fan_12: 1
DATA: dry_enclosure: ✅ Heater_Percent: 0.0 %
DATA: dry_enclosure: ✅ Dehumidifier_Percent: 100.0 %RH
Loop is running, OTA handle is active...
DATA: dry_enclosure: ✅ PID_P: -0.011206
DATA: dry_enclosure: ✅ PID_I: 183.869202
DATA: dry_enclosure: ✅ PID_D: 0.000000
DATA: dry_enclosure: ✅ Sensor_6: temperature: 26.32 °C | humidity: 24.20 %RH
DATA: dry_enclosure: ✅ PID_P: -0.011310
DATA: dry_enclosure: ✅ PID_I: 183.856018
DATA: dry_enclosure: ✅ PID_D: -0.000090
DATA: dry_enclosure: ✅ PID_P: -0.011310
DATA: dry_enclosure: ✅ PID_I: 183.844711
DATA: dry_enclosure: ✅ PID_D: 0.000000
DATA: dry_enclosure: ✅ Sensor_7: temperature: 26.79 °C | humidity: 22.40 %RH
DATA: dry_enclosure: ✅ PID_P: -0.011310
DATA: dry_enclosure: ✅ PID_I: 183.832016
DATA: dry_enclosure: ✅ PID_D: 0.000000
Loop is running, OTA handle is active...
DATA: dry_enclosure: ✅ PID_P: -0.011310
DATA: dry_enclosure: ✅ PID_I: 183.820709
DATA: dry_enclosure: ✅ PID_D: 0.000000
DATA: dry_enclosure: ✅ Sensor_8: temperature: 26.04 °C | humidity: 23.10 %RH
DATA: dry_enclosure: ✅ PID_P: -0.011415
DATA: dry_enclosure: ✅ PID_I: 183.808350
DATA: dry_enclosure: ✅ PID_D: -0.000097
DATA: dry_enclosure: ✅ PID_P: -0.011415
DATA: dry_enclosure: ✅ PID_I: 183.796936
DATA: dry_enclosure: ✅ PID_D: 0.000000
DATA: dry_enclosure: ✅ Sensor_9: temperature: 26.32 °C | humidity: 22.70 %RH
DATA: dry_enclosure: ✅ PID_P: -0.011520
DATA: dry_enclosure: ✅ PID_I: 183.783966
DATA: dry_enclosure: ✅ PID_D: -0.000093
DATA: dry_enclosure: ✅ PID_P: -0.011520
DATA: dry_enclosure: ✅ PID_I: 183.772446
DATA: dry_enclosure: ✅ PID_D: 0.000000
Loop is running, OTA handle is active...
DATA: dry_enclosure: ✅ Sensor_1: temperature: 26.32 °C | humidity: 24.20 %RH
DATA: dry_enclosure: ✅ PID_P: -0.011624
DATA: dry_enclosure: ✅ PID_I: 183.759293
DATA: dry_enclosure: ✅ PID_D: -0.000092
DATA: dry_enclosure: ✅ PID_P: -0.011624
DATA: dry_enclosure: ✅ PID_I: 183.747665
DATA: dry_enclosure: ✅ PID_D: 0.000000
DATA: dry_enclosure: ✅ Sensor_2: temperature: 26.88 °C | humidity: 23.70 %RH
DATA: dry_enclosure: ✅ PID_P: -0.011728
DATA: dry_enclosure: ✅ PID_I: 183.734558
DATA: dry_enclosure: ✅ PID_D: -0.000093
DATA: dry_enclosure: ✅ PID_P: -0.011728
DATA: dry_enclosure: ✅ PID_I: 183.722824
DATA: dry_enclosure: ✅ PID_D: 0.000000
DATA: dry_enclosure: ✅ PID_P: -0.011728
DATA: dry_enclosure: ✅ PID_I: 183.711090
DATA: dry_enclosure: ✅ PID_D: 0.000000
[ID 3] Error: 0xE2
DATA: dry_enclosure: ✅ PID_P: -0.011728
DATA: dry_enclosure: ✅ PID_I: 183.639328
DATA: dry_enclosure: ✅ PID_D: 0.000000
Loop is running, OTA handle is active...
DATA: dry_enclosure: ✅ PID_P: -0.011728
DATA: dry_enclosure: ✅ PID_I: 183.627594
DATA: dry_enclosure: ✅ PID_D: 0.000000
DATA: dry_enclosure: ✅ PID_P: -0.011728
DATA: dry_enclosure: ✅ PID_I: 183.615860
DATA: dry_enclosure: ✅ PID_D: 0.000000
DATA: dry_enclosure: ✅ Sensor_4: temperature: 26.04 °C | humidity: 23.40 %RH
DATA: dry_enclosure: ✅ PID_P: -0.011832
DATA: dry_enclosure: ✅ PID_I: 183.604034
DATA: dry_enclosure: ✅ PID_D: -0.000104
DATA: dry_enclosure: ✅ PID_P: -0.011832
DATA: dry_enclosure: ✅ PID_I: 183.592209
DATA: dry_enclosure: ✅ PID_D: 0.000000
[ID 5] Error: 0xE2
DATA: dry_enclosure: ✅ PID_P: -0.011832
DATA: dry_enclosure: ✅ PID_I: 183.517990
DATA: dry_enclosure: ✅ PID_D: 0.000000
DATA: dry_enclosure: ✅ Fan_1: 1
DATA: dry_enclosure: ✅ Fan_2: 1
DATA: dry_enclosure: ✅ Fan_3: 1
DATA: dry_enclosure: ✅ Fan_4: 1
DATA: dry_enclosure: ✅ Fan_5: 1
DATA: dry_enclosure: ✅ Fan_6: 1
DATA: dry_enclosure: ✅ Fan_7: 1
DATA: dry_enclosure: ✅ Fan_8: 1
DATA: dry_enclosure: ✅ Fan_9: 1
DATA: dry_enclosure: ✅ Fan_10: 1
DATA: dry_enclosure: ✅ Fan_11: 1
DATA: dry_enclosure: ✅ Fan_12: 1
DATA: dry_enclosure: ✅ Heater_Percent: 0.0 %
DATA: dry_enclosure: ✅ Dehumidifier_Percent: 100.0 %RH
Loop is running, OTA handle is active...
DATA: dry_enclosure: ✅ PID_P: -0.011832
DATA: dry_enclosure: ✅ PID_I: 183.506165
DATA: dry_enclosure: ✅ PID_D: 0.000000
DATA: dry_enclosure: ✅ Sensor_6: temperature: 26.41 °C | humidity: 24.10 %RH
DATA: dry_enclosure: ✅ PID_P: -0.011937
DATA: dry_enclosure: ✅ PID_I: 183.492493
DATA: dry_enclosure: ✅ PID_D: -0.000091
DATA: dry_enclosure: ✅ PID_P: -0.011937
DATA: dry_enclosure: ✅ PID_I: 183.480560
DATA: dry_enclosure: ✅ PID_D: 0.000000
DATA: dry_enclosure: ✅ Sensor_7: temperature: 26.88 °C | humidity: 22.20 %RH
DATA: dry_enclosure: ✅ PID_P: -0.012146
DATA: dry_enclosure: ✅ PID_I: 183.466995
DATA: dry_enclosure: ✅ PID_D: -0.000187
Loop is running, OTA handle is active...
DATA: dry_enclosure: ✅ PID_P: -0.012146
DATA: dry_enclosure: ✅ PID_I: 183.454849
DATA: dry_enclosure: ✅ PID_D: 0.000000
DATA: dry_enclosure: ✅ PID_P: -0.012146
DATA: dry_enclosure: ✅ PID_I: 183.442703
DATA: dry_enclosure: ✅ PID_D: 0.000000
DATA: dry_enclosure: ✅ Sensor_8: temperature: 26.13 °C | humidity: 23.00 %RH
DATA: dry_enclosure: ✅ PID_P: -0.012250
DATA: dry_enclosure: ✅ PID_I: 183.430450
DATA: dry_enclosure: ✅ PID_D: -0.000104
DATA: dry_enclosure: ✅ PID_P: -0.012250
DATA: dry_enclosure: ✅ PID_I: 183.418198
DATA: dry_enclosure: ✅ PID_D: 0.000000
DATA: dry_enclosure: ✅ Sensor_9: temperature: 26.41 °C | humidity: 22.50 %RH
DATA: dry_enclosure: ✅ PID_P: -0.012459
DATA: dry_enclosure: ✅ PID_I: 183.405746
DATA: dry_enclosure: ✅ PID_D: -0.000209
Loop is running, OTA handle is active...
DATA: dry_enclosure: ✅ PID_P: -0.012459
DATA: dry_enclosure: ✅ PID_I: 183.393295
DATA: dry_enclosure: ✅ PID_D: 0.000000
DATA: dry_enclosure: ✅ Sensor_1: temperature: 26.32 °C | humidity: 24.10 %RH
DATA: dry_enclosure: ✅ PID_P: -0.012563
DATA: dry_enclosure: ✅ PID_I: 183.380737
DATA: dry_enclosure: ✅ PID_D: -0.000105
DATA: dry_enclosure: ✅ PID_P: -0.012563
DATA: dry_enclosure: ✅ PID_I: 183.368179
DATA: dry_enclosure: ✅ PID_D: 0.000000
DATA: dry_enclosure: ✅ Sensor_2: temperature: 26.88 °C | humidity: 23.60 %RH
DATA: dry_enclosure: ✅ PID_P: -0.012668
DATA: dry_enclosure: ✅ PID_I: 183.355515
DATA: dry_enclosure: ✅ PID_D: -0.000105
DATA: dry_enclosure: ✅ PID_P: -0.012668
DATA: dry_enclosure: ✅ PID_I: 183.342850
DATA: dry_enclosure: ✅ PID_D: 0.000000
[ID 3] Error: 0xE2
DATA: dry_enclosure: ✅ PID_P: -0.012668
DATA: dry_enclosure: ✅ PID_I: 183.259323
DATA: dry_enclosure: ✅ PID_D: 0.000000
Loop is running, OTA handle is active...
DATA: dry_enclosure: ✅ PID_P: -0.012668
DATA: dry_enclosure: ✅ PID_I: 183.246658
DATA: dry_enclosure: ✅ PID_D: 0.000000
DATA: dry_enclosure: ✅ Sensor_4: temperature: 26.04 °C | humidity: 23.30 %RH
DATA: dry_enclosure: ✅ PID_P: -0.012773
DATA: dry_enclosure: ✅ PID_I: 183.232315
DATA: dry_enclosure: ✅ PID_D: -0.000093
DATA: dry_enclosure: ✅ PID_P: -0.012773
DATA: dry_enclosure: ✅ PID_I: 183.219543
DATA: dry_enclosure: ✅ PID_D: 0.000000
DATA: dry_enclosure: ✅ PID_P: -0.012773
DATA: dry_enclosure: ✅ PID_I: 183.206772
DATA: dry_enclosure: ✅ PID_D: 0.000000
[ID 5] Error: 0xE2
DATA: dry_enclosure: ✅ PID_P: -0.012773
DATA: dry_enclosure: ✅ PID_I: 183.128616
DATA: dry_enclosure: ✅ PID_D: 0.000000
DATA: dry_enclosure: ✅ Fan_1: 1
DATA: dry_enclosure: ✅ Fan_2: 1
DATA: dry_enclosure: ✅ Fan_3: 1
DATA: dry_enclosure: ✅ Fan_4: 1
DATA: dry_enclosure: ✅ Fan_5: 1
DATA: dry_enclosure: ✅ Fan_6: 1
DATA: dry_enclosure: ✅ Fan_7: 1
DATA: dry_enclosure: ✅ Fan_8: 1
DATA: dry_enclosure: ✅ Fan_9: 1
DATA: dry_enclosure: ✅ Fan_10: 1
DATA: dry_enclosure: ✅ Fan_11: 1
DATA: dry_enclosure: ✅ Fan_12: 1
DATA: dry_enclosure: ✅ Heater_Percent: 0.0 %
DATA: dry_enclosure: ✅ Dehumidifier_Percent: 100.0 %RH
Loop is running, OTA handle is active...
DATA: dry_enclosure: ✅ PID_P: -0.012773
DATA: dry_enclosure: ✅ PID_I: 183.115845
DATA: dry_enclosure: ✅ PID_D: 0.000000
DATA: dry_enclosure: ✅ PID_P: -0.012773
DATA: dry_enclosure: ✅ PID_I: 183.103073
DATA: dry_enclosure: ✅ PID_D: 0.000000
DATA: dry_enclosure: ✅ Sensor_6: temperature: 26.41 °C | humidity: 24.00 %RH
DATA: dry_enclosure: ✅ PID_P: -0.012877
DATA: dry_enclosure: ✅ PID_I: 183.090195
DATA: dry_enclosure: ✅ PID_D: -0.000105
DATA: dry_enclosure: ✅ PID_P: -0.012877
DATA: dry_enclosure: ✅ PID_I: 183.077316
DATA: dry_enclosure: ✅ PID_D: 0.000000
DATA: dry_enclosure: ✅ Sensor_7: temperature: 26.88 °C | humidity: 22.10 %RH
DATA: dry_enclosure: ✅ PID_P: -0.012982
DATA: dry_enclosure: ✅ PID_I: 183.064331
DATA: dry_enclosure: ✅ PID_D: -0.000105
Loop is running, OTA handle is active...
DATA: dry_enclosure: ✅ PID_P: -0.012982
DATA: dry_enclosure: ✅ PID_I: 183.051346
DATA: dry_enclosure: ✅ PID_D: 0.000000
DATA: dry_enclosure: ✅ Sensor_8: temperature: 26.13 °C | humidity: 22.90 %RH
DATA: dry_enclosure: ✅ PID_P: -0.013087
DATA: dry_enclosure: ✅ PID_I: 183.038254
DATA: dry_enclosure: ✅ PID_D: -0.000105
DATA: dry_enclosure: ✅ PID_P: -0.013087
DATA: dry_enclosure: ✅ PID_I: 183.025162
DATA: dry_enclosure: ✅ PID_D: 0.000000
DATA: dry_enclosure: ✅ Sensor_9: temperature: 26.41 °C | humidity: 22.50 %RH
DATA: dry_enclosure: ✅ PID_P: -0.013087
DATA: dry_enclosure: ✅ PID_I: 183.012070
DATA: dry_enclosure: ✅ PID_D: 0.000000
DATA: dry_enclosure: ✅ PID_P: -0.013087
DATA: dry_enclosure: ✅ PID_I: 182.998978
DATA: dry_enclosure: ✅ PID_D: 0.000000
Loop is running, OTA handle is active...
DATA: dry_enclosure: ✅ Sensor_1: temperature: 26.41 °C | humidity: 23.90 %RH
DATA: dry_enclosure: ✅ PID_P: -0.013295
DATA: dry_enclosure: ✅ PID_I: 182.985687
DATA: dry_enclosure: ✅ PID_D: -0.000209
DATA: dry_enclosure: ✅ PID_P: -0.013295
DATA: dry_enclosure: ✅ PID_I: 182.972397
DATA: dry_enclosure: ✅ PID_D: 0.000000
DATA: dry_enclosure: ✅ Sensor_2: temperature: 26.97 °C | humidity: 23.40 %RH
DATA: dry_enclosure: ✅ PID_P: -0.013504
DATA: dry_enclosure: ✅ PID_I: 182.958893
DATA: dry_enclosure: ✅ PID_D: -0.000209
DATA: dry_enclosure: ✅ PID_P: -0.013504
DATA: dry_enclosure: ✅ PID_I: 182.945389
DATA: dry_enclosure: ✅ PID_D: 0.000000
[ID 3] Error: 0xE2
DATA: dry_enclosure: ✅ PID_P: -0.013504
DATA: dry_enclosure: ✅ PID_I: 182.852371
DATA: dry_enclosure: ✅ PID_D: 0.000000
Loop is running, OTA handle is active...
DATA: dry_enclosure: ✅ PID_P: -0.013504
DATA: dry_enclosure: ✅ PID_I: 182.838867
DATA: dry_enclosure: ✅ PID_D: 0.000000
DATA: dry_enclosure: ✅ Sensor_4: temperature: 26.13 °C | humidity: 23.20 %RH
DATA: dry_enclosure: ✅ PID_P: -0.013608
DATA: dry_enclosure: ✅ PID_I: 182.823624
DATA: dry_enclosure: ✅ PID_D: -0.000093
DATA: dry_enclosure: ✅ PID_P: -0.013608
DATA: dry_enclosure: ✅ PID_I: 182.810013
DATA: dry_enclosure: ✅ PID_D: 0.000000
[ID 5] Error: 0xE2
DATA: dry_enclosure: ✅ PID_P: -0.013608
DATA: dry_enclosure: ✅ PID_I: 182.713165
DATA: dry_enclosure: ✅ PID_D: 0.000000
DATA: dry_enclosure: ✅ Fan_1: 1
DATA: dry_enclosure: ✅ Fan_2: 1
DATA: dry_enclosure: ✅ Fan_3: 1
DATA: dry_enclosure: ✅ Fan_4: 1
DATA: dry_enclosure: ✅ Fan_5: 1
DATA: dry_enclosure: ✅ Fan_6: 1
DATA: dry_enclosure: ✅ Fan_7: 1
DATA: dry_enclosure: ✅ Fan_8: 1
DATA: dry_enclosure: ✅ Fan_9: 1
DATA: dry_enclosure: ✅ Fan_10: 1
DATA: dry_enclosure: ✅ Fan_11: 1
DATA: dry_enclosure: ✅ Fan_12: 1
DATA: dry_enclosure: ✅ Heater_Percent: 0.0 %
DATA: dry_enclosure: ✅ Dehumidifier_Percent: 100.0 %RH
Loop is running, OTA handle is active...
DATA: dry_enclosure: ✅ PID_P: -0.013608
DATA: dry_enclosure: ✅ PID_I: 182.699554
DATA: dry_enclosure: ✅ PID_D: 0.000000
DATA: dry_enclosure: ✅ Sensor_6: temperature: 26.51 °C | humidity: 23.90 %RH
DATA: dry_enclosure: ✅ PID_P: -0.013712
DATA: dry_enclosure: ✅ PID_I: 182.683716
DATA: dry_enclosure: ✅ PID_D: -0.000090
DATA: dry_enclosure: ✅ PID_P: -0.013712
DATA: dry_enclosure: ✅ PID_I: 182.669998
DATA: dry_enclosure: ✅ PID_D: 0.000000
DATA: dry_enclosure: ✅ Sensor_7: temperature: 26.97 °C | humidity: 22.00 %RH
DATA: dry_enclosure: ✅ PID_P: -0.013816
DATA: dry_enclosure: ✅ PID_I: 182.654602
DATA: dry_enclosure: ✅ PID_D: -0.000093
Loop is running, OTA handle is active...
DATA: dry_enclosure: ✅ PID_P: -0.013816
DATA: dry_enclosure: ✅ PID_I: 182.640793
DATA: dry_enclosure: ✅ PID_D: 0.000000
DATA: dry_enclosure: ✅ Sensor_8: temperature: 26.13 °C | humidity: 22.90 %RH
DATA: dry_enclosure: ✅ PID_P: -0.013816
DATA: dry_enclosure: ✅ PID_I: 182.625717
DATA: dry_enclosure: ✅ PID_D: 0.000000
DATA: dry_enclosure: ✅ PID_P: -0.013816
DATA: dry_enclosure: ✅ PID_I: 182.611908
DATA: dry_enclosure: ✅ PID_D: 0.000000
DATA: dry_enclosure: ✅ Sensor_9: temperature: 26.41 °C | humidity: 22.40 %RH
DATA: dry_enclosure: ✅ PID_P: -0.013921
DATA: dry_enclosure: ✅ PID_I: 182.596268
DATA: dry_enclosure: ✅ PID_D: -0.000093
DATA: dry_enclosure: ✅ PID_P: -0.013921
DATA: dry_enclosure: ✅ PID_I: 182.582352
DATA: dry_enclosure: ✅ PID_D: 0.000000
Loop is running, OTA handle is active...
DATA: dry_enclosure: ✅ Sensor_1: temperature: 26.41 °C | humidity: 23.90 %RH
DATA: dry_enclosure: ✅ PID_P: -0.013921
DATA: dry_enclosure: ✅ PID_I: 182.566498
DATA: dry_enclosure: ✅ PID_D: 0.000000
DATA: dry_enclosure: ✅ PID_P: -0.013921
DATA: dry_enclosure: ✅ PID_I: 182.552582
DATA: dry_enclosure: ✅ PID_D: 0.000000
DATA: dry_enclosure: ✅ PID_P: -0.013921
DATA: dry_enclosure: ✅ PID_I: 182.538666
DATA: dry_enclosure: ✅ PID_D: 0.000000
DATA: dry_enclosure: ✅ Sensor_2: temperature: 26.97 °C | humidity: 23.40 %RH
DATA: dry_enclosure: ✅ PID_P: -0.013921
DATA: dry_enclosure: ✅ PID_I: 182.524750
DATA: dry_enclosure: ✅ PID_D: 0.000000
DATA: dry_enclosure: ✅ PID_P: -0.013921
DATA: dry_enclosure: ✅ PID_I: 182.510834
DATA: dry_enclosure: ✅ PID_D: 0.000000
[ID 3] Error: 0xE2
DATA: dry_enclosure: ✅ PID_P: -0.013921
DATA: dry_enclosure: ✅ PID_I: 182.424011
DATA: dry_enclosure: ✅ PID_D: 0.000000
Loop is running, OTA handle is active...
DATA: dry_enclosure: ✅ PID_P: -0.013921
DATA: dry_enclosure: ✅ PID_I: 182.410095
DATA: dry_enclosure: ✅ PID_D: 0.000000
DATA: dry_enclosure: ✅ Sensor_4: temperature: 26.13 °C | humidity: 23.10 %RH
DATA: dry_enclosure: ✅ PID_P: -0.014026
DATA: dry_enclosure: ✅ PID_I: 182.394043
DATA: dry_enclosure: ✅ PID_D: -0.000091
DATA: dry_enclosure: ✅ PID_P: -0.014026
DATA: dry_enclosure: ✅ PID_I: 182.380020
DATA: dry_enclosure: ✅ PID_D: 0.000000
[ID 5] Error: 0xE2
DATA: dry_enclosure: ✅ PID_P: -0.014026
DATA: dry_enclosure: ✅ PID_I: 182.280197
DATA: dry_enclosure: ✅ PID_D: 0.000000
DATA: dry_enclosure: ✅ Fan_1: 1
DATA: dry_enclosure: ✅ Fan_2: 1
DATA: dry_enclosure: ✅ Fan_3: 1
DATA: dry_enclosure: ✅ Fan_4: 1
DATA: dry_enclosure: ✅ Fan_5: 1
DATA: dry_enclosure: ✅ Fan_6: 1
DATA: dry_enclosure: ✅ Fan_7: 1
DATA: dry_enclosure: ✅ Fan_8: 1
DATA: dry_enclosure: ✅ Fan_9: 1
DATA: dry_enclosure: ✅ Fan_10: 1
DATA: dry_enclosure: ✅ Fan_11: 1
DATA: dry_enclosure: ✅ Fan_12: 1
DATA: dry_enclosure: ✅ Heater_Percent: 0.0 %
DATA: dry_enclosure: ✅ Dehumidifier_Percent: 100.0 %RH
Loop is running, OTA handle is active...
DATA: dry_enclosure: ✅ PID_P: -0.014026
DATA: dry_enclosure: ✅ PID_I: 182.266174
DATA: dry_enclosure: ✅ PID_D: 0.000000
DATA: dry_enclosure: ✅ Sensor_6: temperature: 26.51 °C | humidity: 23.80 %RH
DATA: dry_enclosure: ✅ PID_P: -0.014131
DATA: dry_enclosure: ✅ PID_I: 182.249924
DATA: dry_enclosure: ✅ PID_D: -0.000091
DATA: dry_enclosure: ✅ PID_P: -0.014131
DATA: dry_enclosure: ✅ PID_I: 182.235794
DATA: dry_enclosure: ✅ PID_D: 0.000000
DATA: dry_enclosure: ✅ Sensor_7: temperature: 26.97 °C | humidity: 22.00 %RH
DATA: dry_enclosure: ✅ PID_P: -0.014131
DATA: dry_enclosure: ✅ PID_I: 182.220032
DATA: dry_enclosure: ✅ PID_D: 0.000000
Loop is running, OTA handle is active...
DATA: dry_enclosure: ✅ PID_P: -0.014131
DATA: dry_enclosure: ✅ PID_I: 182.205902
DATA: dry_enclosure: ✅ PID_D: 0.000000
DATA: dry_enclosure: ✅ PID_P: -0.014131
DATA: dry_enclosure: ✅ PID_I: 182.191772
DATA: dry_enclosure: ✅ PID_D: 0.000000
DATA: dry_enclosure: ✅ Sensor_8: temperature: 26.23 °C | humidity: 22.80 %RH
DATA: dry_enclosure: ✅ PID_P: -0.014235
DATA: dry_enclosure: ✅ PID_I: 182.177536
DATA: dry_enclosure: ✅ PID_D: -0.000104
DATA: dry_enclosure: ✅ PID_P: -0.014235
DATA: dry_enclosure: ✅ PID_I: 182.163300
DATA: dry_enclosure: ✅ PID_D: 0.000000
DATA: dry_enclosure: ✅ Sensor_9: temperature: 26.51 °C | humidity: 22.30 %RH
DATA: dry_enclosure: ✅ PID_P: -0.014339
DATA: dry_enclosure: ✅ PID_I: 182.148956
DATA: dry_enclosure: ✅ PID_D: -0.000104
Loop is running, OTA handle is active...
DATA: dry_enclosure: ✅ PID_P: -0.014339
DATA: dry_enclosure: ✅ PID_I: 182.134613
DATA: dry_enclosure: ✅ PID_D: 0.000000
DATA: dry_enclosure: ✅ Sensor_1: temperature: 26.41 °C | humidity: 23.80 %RH
DATA: dry_enclosure: ✅ PID_P: -0.014443
DATA: dry_enclosure: ✅ PID_I: 182.120163
DATA: dry_enclosure: ✅ PID_D: -0.000105
DATA: dry_enclosure: ✅ PID_P: -0.014443
DATA: dry_enclosure: ✅ PID_I: 182.105713
DATA: dry_enclosure: ✅ PID_D: 0.000000
DATA: dry_enclosure: ✅ Sensor_2: temperature: 26.97 °C | humidity: 23.30 %RH
DATA: dry_enclosure: ✅ PID_P: -0.014548
DATA: dry_enclosure: ✅ PID_I: 182.091171
DATA: dry_enclosure: ✅ PID_D: -0.000105
DATA: dry_enclosure: ✅ PID_P: -0.014548
DATA: dry_enclosure: ✅ PID_I: 182.076630
DATA: dry_enclosure: ✅ PID_D: 0.000000
[ID 3] Error: 0xE2
DATA: dry_enclosure: ✅ PID_P: -0.014548
DATA: dry_enclosure: ✅ PID_I: 181.981094
DATA: dry_enclosure: ✅ PID_D: 0.000000
Loop is running, OTA handle is active...
DATA: dry_enclosure: ✅ PID_P: -0.014548
DATA: dry_enclosure: ✅ PID_I: 181.966553
DATA: dry_enclosure: ✅ PID_D: 0.000000
DATA: dry_enclosure: ✅ Sensor_4: temperature: 26.23 °C | humidity: 23.00 %RH
DATA: dry_enclosure: ✅ PID_P: -0.014652
DATA: dry_enclosure: ✅ PID_I: 181.949875
DATA: dry_enclosure: ✅ PID_D: -0.000091
DATA: dry_enclosure: ✅ PID_P: -0.014652
DATA: dry_enclosure: ✅ PID_I: 181.935226
DATA: dry_enclosure: ✅ PID_D: 0.000000
[ID 5] Error: 0xE2
DATA: dry_enclosure: ✅ PID_P: -0.014652
DATA: dry_enclosure: ✅ PID_I: 181.830948
DATA: dry_enclosure: ✅ PID_D: 0.000000
DATA: dry_enclosure: ✅ Fan_1: 1
DATA: dry_enclosure: ✅ Fan_2: 1
DATA: dry_enclosure: ✅ Fan_3: 1
DATA: dry_enclosure: ✅ Fan_4: 1
DATA: dry_enclosure: ✅ Fan_5: 1
DATA: dry_enclosure: ✅ Fan_6: 1
DATA: dry_enclosure: ✅ Fan_7: 1
DATA: dry_enclosure: ✅ Fan_8: 1
DATA: dry_enclosure: ✅ Fan_9: 1
DATA: dry_enclosure: ✅ Fan_10: 1
DATA: dry_enclosure: ✅ Fan_11: 1
DATA: dry_enclosure: ✅ Fan_12: 1
DATA: dry_enclosure: ✅ Heater_Percent: 0.0 %
DATA: dry_enclosure: ✅ Dehumidifier_Percent: 100.0 %RH
Loop is running, OTA handle is active...
DATA: dry_enclosure: ✅ PID_P: -0.014652
DATA: dry_enclosure: ✅ PID_I: 181.816299
DATA: dry_enclosure: ✅ PID_D: 0.000000
DATA: dry_enclosure: ✅ Sensor_6: temperature: 26.51 °C | humidity: 23.70 %RH
DATA: dry_enclosure: ✅ PID_P: -0.014757
DATA: dry_enclosure: ✅ PID_I: 181.799393
DATA: dry_enclosure: ✅ PID_D: -0.000091
DATA: dry_enclosure: ✅ PID_P: -0.014757
DATA: dry_enclosure: ✅ PID_I: 181.784637
DATA: dry_enclosure: ✅ PID_D: 0.000000
DATA: dry_enclosure: ✅ Sensor_7: temperature: 27.07 °C | humidity: 21.90 %RH
DATA: dry_enclosure: ✅ PID_P: -0.014861
DATA: dry_enclosure: ✅ PID_I: 181.768097
DATA: dry_enclosure: ✅ PID_D: -0.000093
Loop is running, OTA handle is active...
DATA: dry_enclosure: ✅ PID_P: -0.014861
DATA: dry_enclosure: ✅ PID_I: 181.753235
DATA: dry_enclosure: ✅ PID_D: 0.000000
DATA: dry_enclosure: ✅ Sensor_8: temperature: 26.23 °C | humidity: 22.70 %RH
DATA: dry_enclosure: ✅ PID_P: -0.014965
DATA: dry_enclosure: ✅ PID_I: 181.736832
DATA: dry_enclosure: ✅ PID_D: -0.000095
DATA: dry_enclosure: ✅ PID_P: -0.014965
DATA: dry_enclosure: ✅ PID_I: 181.721863
DATA: dry_enclosure: ✅ PID_D: 0.000000
DATA: dry_enclosure: ✅ PID_P: -0.014965
DATA: dry_enclosure: ✅ PID_I: 181.706894
DATA: dry_enclosure: ✅ PID_D: 0.000000
DATA: dry_enclosure: ✅ Sensor_9: temperature: 26.51 °C | humidity: 22.20 %RH
DATA: dry_enclosure: ✅ PID_P: -0.015070
DATA: dry_enclosure: ✅ PID_I: 181.691818
DATA: dry_enclosure: ✅ PID_D: -0.000105
Loop is running, OTA handle is active...
DATA: dry_enclosure: ✅ PID_P: -0.015070
DATA: dry_enclosure: ✅ PID_I: 181.676743
DATA: dry_enclosure: ✅ PID_D: 0.000000
DATA: dry_enclosure: ✅ Sensor_1: temperature: 26.51 °C | humidity: 23.70 %RH
DATA: dry_enclosure: ✅ PID_P: -0.015174
DATA: dry_enclosure: ✅ PID_I: 181.661575
DATA: dry_enclosure: ✅ PID_D: -0.000104
DATA: dry_enclosure: ✅ PID_P: -0.015174
DATA: dry_enclosure: ✅ PID_I: 181.646408
DATA: dry_enclosure: ✅ PID_D: 0.000000
DATA: dry_enclosure: ✅ Sensor_2: temperature: 27.07 °C | humidity: 23.20 %RH
DATA: dry_enclosure: ✅ PID_P: -0.015278
DATA: dry_enclosure: ✅ PID_I: 181.631134
DATA: dry_enclosure: ✅ PID_D: -0.000104
DATA: dry_enclosure: ✅ PID_P: -0.015278
DATA: dry_enclosure: ✅ PID_I: 181.615860
DATA: dry_enclosure: ✅ PID_D: 0.000000
[ID 3] Error: 0xE2
DATA: dry_enclosure: ✅ PID_P: -0.015278
DATA: dry_enclosure: ✅ PID_I: 181.516800
DATA: dry_enclosure: ✅ PID_D: 0.000000
Loop is running, OTA handle is active...
DATA: dry_enclosure: ✅ PID_P: -0.015278
DATA: dry_enclosure: ✅ PID_I: 181.501526
DATA: dry_enclosure: ✅ PID_D: 0.000000
DATA: dry_enclosure: ✅ PID_P: -0.015278
DATA: dry_enclosure: ✅ PID_I: 181.486252
DATA: dry_enclosure: ✅ PID_D: 0.000000
DATA: dry_enclosure: ✅ Sensor_4: temperature: 26.23 °C | humidity: 22.90 %RH
DATA: dry_enclosure: ✅ PID_P: -0.015382
DATA: dry_enclosure: ✅ PID_I: 181.470871
DATA: dry_enclosure: ✅ PID_D: -0.000105
DATA: dry_enclosure: ✅ PID_P: -0.015382
DATA: dry_enclosure: ✅ PID_I: 181.455490
DATA: dry_enclosure: ✅ PID_D: 0.000000
[ID 5] Error: 0xE2
DATA: dry_enclosure: ✅ PID_P: -0.015382
DATA: dry_enclosure: ✅ PID_I: 181.359329
DATA: dry_enclosure: ✅ PID_D: 0.000000
DATA: dry_enclosure: ✅ Fan_1: 1
DATA: dry_enclosure: ✅ Fan_2: 1
DATA: dry_enclosure: ✅ Fan_3: 1
DATA: dry_enclosure: ✅ Fan_4: 1
DATA: dry_enclosure: ✅ Fan_5: 1
DATA: dry_enclosure: ✅ Fan_6: 1
DATA: dry_enclosure: ✅ Fan_7: 1
DATA: dry_enclosure: ✅ Fan_8: 1
DATA: dry_enclosure: ✅ Fan_9: 1
DATA: dry_enclosure: ✅ Fan_10: 1
DATA: dry_enclosure: ✅ Fan_11: 1
DATA: dry_enclosure: ✅ Fan_12: 1
DATA: dry_enclosure: ✅ Heater_Percent: 0.0 %
DATA: dry_enclosure: ✅ Dehumidifier_Percent: 100.0 %RH
Loop is running, OTA handle is active...
DATA: dry_enclosure: ✅ PID_P: -0.015382
DATA: dry_enclosure: ✅ PID_I: 181.343948
DATA: dry_enclosure: ✅ PID_D: 0.000000
DATA: dry_enclosure: ✅ Sensor_6: temperature: 26.60 °C | humidity: 23.60 %RH
DATA: dry_enclosure: ✅ PID_P: -0.015486
DATA: dry_enclosure: ✅ PID_I: 181.326294
DATA: dry_enclosure: ✅ PID_D: -0.000091
DATA: dry_enclosure: ✅ PID_P: -0.015486
DATA: dry_enclosure: ✅ PID_I: 181.310806
DATA: dry_enclosure: ✅ PID_D: 0.000000
DATA: dry_enclosure: ✅ Sensor_7: temperature: 27.07 °C | humidity: 21.80 %RH
DATA: dry_enclosure: ✅ PID_P: -0.015591
DATA: dry_enclosure: ✅ PID_I: 181.293365
DATA: dry_enclosure: ✅ PID_D: -0.000094
Loop is running, OTA handle is active...
DATA: dry_enclosure: ✅ PID_P: -0.015591
DATA: dry_enclosure: ✅ PID_I: 181.277771
DATA: dry_enclosure: ✅ PID_D: 0.000000
DATA: dry_enclosure: ✅ Sensor_8: temperature: 26.23 °C | humidity: 22.60 %RH
DATA: dry_enclosure: ✅ PID_P: -0.015696
DATA: dry_enclosure: ✅ PID_I: 181.260117
DATA: dry_enclosure: ✅ PID_D: -0.000093
DATA: dry_enclosure: ✅ PID_P: -0.015696
DATA: dry_enclosure: ✅ PID_I: 181.244415
DATA: dry_enclosure: ✅ PID_D: 0.000000
DATA: dry_enclosure: ✅ PID_P: -0.015696
DATA: dry_enclosure: ✅ PID_I: 181.228714
DATA: dry_enclosure: ✅ PID_D: 0.000000
DATA: dry_enclosure: ✅ Sensor_9: temperature: 26.60 °C | humidity: 22.10 %RH
DATA: dry_enclosure: ✅ PID_P: -0.015800
DATA: dry_enclosure: ✅ PID_I: 181.212921
DATA: dry_enclosure: ✅ PID_D: -0.000104
Loop is running, OTA handle is active...
DATA: dry_enclosure: ✅ PID_P: -0.015800
DATA: dry_enclosure: ✅ PID_I: 181.197128
DATA: dry_enclosure: ✅ PID_D: 0.000000
DATA: dry_enclosure: ✅ Sensor_1: temperature: 26.51 °C | humidity: 23.60 %RH
DATA: dry_enclosure: ✅ PID_P: -0.015904
DATA: dry_enclosure: ✅ PID_I: 181.181229
DATA: dry_enclosure: ✅ PID_D: -0.000105
DATA: dry_enclosure: ✅ PID_P: -0.015904
DATA: dry_enclosure: ✅ PID_I: 181.165329
DATA: dry_enclosure: ✅ PID_D: 0.000000
DATA: dry_enclosure: ✅ Sensor_2: temperature: 27.07 °C | humidity: 23.10 %RH
DATA: dry_enclosure: ✅ PID_P: -0.016009
DATA: dry_enclosure: ✅ PID_I: 181.149323
DATA: dry_enclosure: ✅ PID_D: -0.000105
DATA: dry_enclosure: ✅ PID_P: -0.016009
DATA: dry_enclosure: ✅ PID_I: 181.133316
DATA: dry_enclosure: ✅ PID_D: 0.000000
[ID 3] Error: 0xE2
DATA: dry_enclosure: ✅ PID_P: -0.016009
DATA: dry_enclosure: ✅ PID_I: 181.029861
DATA: dry_enclosure: ✅ PID_D: 0.000000
Loop is running, OTA handle is active...
DATA: dry_enclosure: ✅ PID_P: -0.016009
DATA: dry_enclosure: ✅ PID_I: 181.013855
DATA: dry_enclosure: ✅ PID_D: 0.000000
DATA: dry_enclosure: ✅ PID_P: -0.016009
DATA: dry_enclosure: ✅ PID_I: 180.997849
DATA: dry_enclosure: ✅ PID_D: 0.000000
DATA: dry_enclosure: ✅ Sensor_4: temperature: 26.23 °C | humidity: 22.80 %RH
DATA: dry_enclosure: ✅ PID_P: -0.016113
DATA: dry_enclosure: ✅ PID_I: 180.981735
DATA: dry_enclosure: ✅ PID_D: -0.000105
DATA: dry_enclosure: ✅ PID_P: -0.016113
DATA: dry_enclosure: ✅ PID_I: 180.965622
DATA: dry_enclosure: ✅ PID_D: 0.000000
[ID 5] Error: 0xE2
DATA: dry_enclosure: ✅ PID_P: -0.016113
DATA: dry_enclosure: ✅ PID_I: 180.864990
DATA: dry_enclosure: ✅ PID_D: 0.000000
DATA: dry_enclosure: ✅ Fan_1: 1
DATA: dry_enclosure: ✅ Fan_2: 1
DATA: dry_enclosure: ✅ Fan_3: 1
DATA: dry_enclosure: ✅ Fan_4: 1
DATA: dry_enclosure: ✅ Fan_5: 1
DATA: dry_enclosure: ✅ Fan_6: 1
DATA: dry_enclosure: ✅ Fan_7: 1
DATA: dry_enclosure: ✅ Fan_8: 1
DATA: dry_enclosure: ✅ Fan_9: 1
DATA: dry_enclosure: ✅ Fan_10: 1
DATA: dry_enclosure: ✅ Fan_11: 1
DATA: dry_enclosure: ✅ Fan_12: 1
DATA: dry_enclosure: ✅ Heater_Percent: 0.0 %
DATA: dry_enclosure: ✅ Dehumidifier_Percent: 100.0 %RH
Loop is running, OTA handle is active...
DATA: dry_enclosure: ✅ PID_P: -0.016113
DATA: dry_enclosure: ✅ PID_I: 180.848877
DATA: dry_enclosure: ✅ PID_D: 0.000000
DATA: dry_enclosure: ✅ Sensor_6: temperature: 26.60 °C | humidity: 23.60 %RH
DATA: dry_enclosure: ✅ PID_P: -0.016113
DATA: dry_enclosure: ✅ PID_I: 180.830475
DATA: dry_enclosure: ✅ PID_D: 0.000000
DATA: dry_enclosure: ✅ PID_P: -0.016113
DATA: dry_enclosure: ✅ PID_I: 180.814362
DATA: dry_enclosure: ✅ PID_D: 0.000000
DATA: dry_enclosure: ✅ PID_P: -0.016113
DATA: dry_enclosure: ✅ PID_I: 180.798248
DATA: dry_enclosure: ✅ PID_D: 0.000000
DATA: dry_enclosure: ✅ Sensor_7: temperature: 27.07 °C | humidity: 21.80 %RH
Loop is running, OTA handle is active...
DATA: dry_enclosure: ✅ PID_P: -0.016113
DATA: dry_enclosure: ✅ PID_I: 180.782135
DATA: dry_enclosure: ✅ PID_D: 0.000000
DATA: dry_enclosure: ✅ PID_P: -0.016113
DATA: dry_enclosure: ✅ PID_I: 180.766022
DATA: dry_enclosure: ✅ PID_D: 0.000000
DATA: dry_enclosure: ✅ Sensor_8: temperature: 26.32 °C | humidity: 22.50 %RH
DATA: dry_enclosure: ✅ PID_P: -0.016217
DATA: dry_enclosure: ✅ PID_I: 180.749802
DATA: dry_enclosure: ✅ PID_D: -0.000104
DATA: dry_enclosure: ✅ PID_P: -0.016217
DATA: dry_enclosure: ✅ PID_I: 180.733582
DATA: dry_enclosure: ✅ PID_D: 0.000000
DATA: dry_enclosure: ✅ Sensor_9: temperature: 26.60 °C | humidity: 22.10 %RH
DATA: dry_enclosure: ✅ PID_P: -0.016217
DATA: dry_enclosure: ✅ PID_I: 180.717361
DATA: dry_enclosure: ✅ PID_D: 0.000000
Loop is running, OTA handle is active...
DATA: dry_enclosure: ✅ PID_P: -0.016217
DATA: dry_enclosure: ✅ PID_I: 180.701141
DATA: dry_enclosure: ✅ PID_D: 0.000000
DATA: dry_enclosure: ✅ Sensor_1: temperature: 26.60 °C | humidity: 23.60 %RH
DATA: dry_enclosure: ✅ PID_P: -0.016217
DATA: dry_enclosure: ✅ PID_I: 180.684921
DATA: dry_enclosure: ✅ PID_D: 0.000001
DATA: dry_enclosure: ✅ PID_P: -0.016217
DATA: dry_enclosure: ✅ PID_I: 180.668701
DATA: dry_enclosure: ✅ PID_D: 0.000000
DATA: dry_enclosure: ✅ Sensor_2: temperature: 27.16 °C | humidity: 23.10 %RH
DATA: dry_enclosure: ✅ PID_P: -0.016216
DATA: dry_enclosure: ✅ PID_I: 180.652481
DATA: dry_enclosure: ✅ PID_D: 0.000001
DATA: dry_enclosure: ✅ PID_P: -0.016216
DATA: dry_enclosure: ✅ PID_I: 180.636261
DATA: dry_enclosure: ✅ PID_D: 0.000000
[ID 3] Error: 0xE2
DATA: dry_enclosure: ✅ PID_P: -0.016216
DATA: dry_enclosure: ✅ PID_I: 180.526840
DATA: dry_enclosure: ✅ PID_D: 0.000000
Loop is running, OTA handle is active...
DATA: dry_enclosure: ✅ PID_P: -0.016216
DATA: dry_enclosure: ✅ PID_I: 180.510620
DATA: dry_enclosure: ✅ PID_D: 0.000000
DATA: dry_enclosure: ✅ Sensor_4: temperature: 26.32 °C | humidity: 22.80 %RH
DATA: dry_enclosure: ✅ PID_P: -0.016215
DATA: dry_enclosure: ✅ PID_I: 180.492432
DATA: dry_enclosure: ✅ PID_D: 0.000001
DATA: dry_enclosure: ✅ PID_P: -0.016215
DATA: dry_enclosure: ✅ PID_I: 180.476212
DATA: dry_enclosure: ✅ PID_D: 0.000000
DATA: dry_enclosure: ✅ PID_P: -0.016215
DATA: dry_enclosure: ✅ PID_I: 180.459991
DATA: dry_enclosure: ✅ PID_D: 0.000000
[ID 5] Error: 0xE2
DATA: dry_enclosure: ✅ PID_P: -0.016215
DATA: dry_enclosure: ✅ PID_I: 180.360764
DATA: dry_enclosure: ✅ PID_D: 0.000000
DATA: dry_enclosure: ✅ Fan_1: 1
DATA: dry_enclosure: ✅ Fan_2: 1
DATA: dry_enclosure: ✅ Fan_3: 1
DATA: dry_enclosure: ✅ Fan_4: 1
DATA: dry_enclosure: ✅ Fan_5: 1
DATA: dry_enclosure: ✅ Fan_6: 1
DATA: dry_enclosure: ✅ Fan_7: 1
DATA: dry_enclosure: ✅ Fan_8: 1
DATA: dry_enclosure: ✅ Fan_9: 1
DATA: dry_enclosure: ✅ Fan_10: 1
DATA: dry_enclosure: ✅ Fan_11: 1
DATA: dry_enclosure: ✅ Fan_12: 1
DATA: dry_enclosure: ✅ Heater_Percent: 0.0 %
DATA: dry_enclosure: ✅ Dehumidifier_Percent: 100.0 %RH
Loop is running, OTA handle is active...
DATA: dry_enclosure: ✅ PID_P: -0.016215
DATA: dry_enclosure: ✅ PID_I: 180.344543
DATA: dry_enclosure: ✅ PID_D: 0.000000
DATA: dry_enclosure: ✅ Sensor_6: temperature: 26.69 °C | humidity: 23.50 %RH
DATA: dry_enclosure: ✅ PID_P: -0.016319
DATA: dry_enclosure: ✅ PID_I: 180.325592
DATA: dry_enclosure: ✅ PID_D: -0.000089
DATA: dry_enclosure: ✅ PID_P: -0.016319
DATA: dry_enclosure: ✅ PID_I: 180.309280
DATA: dry_enclosure: ✅ PID_D: 0.000000
DATA: dry_enclosure: ✅ Sensor_7: temperature: 27.16 °C | humidity: 21.60 %RH
DATA: dry_enclosure: ✅ PID_P: -0.016528
DATA: dry_enclosure: ✅ PID_I: 180.290558
DATA: dry_enclosure: ✅ PID_D: -0.000184
Loop is running, OTA handle is active...
DATA: dry_enclosure: ✅ PID_P: -0.016528
DATA: dry_enclosure: ✅ PID_I: 180.274033
DATA: dry_enclosure: ✅ PID_D: 0.000000
DATA: dry_enclosure: ✅ PID_P: -0.016528
DATA: dry_enclosure: ✅ PID_I: 180.257507
DATA: dry_enclosure: ✅ PID_D: 0.000000
DATA: dry_enclosure: ✅ Sensor_8: temperature: 26.32 °C | humidity: 22.50 %RH
DATA: dry_enclosure: ✅ PID_P: -0.016528
DATA: dry_enclosure: ✅ PID_I: 180.240982
DATA: dry_enclosure: ✅ PID_D: 0.000000
DATA: dry_enclosure: ✅ PID_P: -0.016528
DATA: dry_enclosure: ✅ PID_I: 180.224457
DATA: dry_enclosure: ✅ PID_D: 0.000000
DATA: dry_enclosure: ✅ Sensor_9: temperature: 26.60 °C | humidity: 22.00 %RH
DATA: dry_enclosure: ✅ PID_P: -0.016632
DATA: dry_enclosure: ✅ PID_I: 180.207825
DATA: dry_enclosure: ✅ PID_D: -0.000105
Loop is running, OTA handle is active...
DATA: dry_enclosure: ✅ PID_P: -0.016632
DATA: dry_enclosure: ✅ PID_I: 180.191193
DATA: dry_enclosure: ✅ PID_D: 0.000000
DATA: dry_enclosure: ✅ Sensor_1: temperature: 26.60 °C | humidity: 23.50 %RH
DATA: dry_enclosure: ✅ PID_P: -0.016737
DATA: dry_enclosure: ✅ PID_I: 180.174454
DATA: dry_enclosure: ✅ PID_D: -0.000105
DATA: dry_enclosure: ✅ PID_P: -0.016737
DATA: dry_enclosure: ✅ PID_I: 180.157715
DATA: dry_enclosure: ✅ PID_D: 0.000000
DATA: dry_enclosure: ✅ Sensor_2: temperature: 27.16 °C | humidity: 23.00 %RH
DATA: dry_enclosure: ✅ PID_P: -0.016841
DATA: dry_enclosure: ✅ PID_I: 180.140869
DATA: dry_enclosure: ✅ PID_D: -0.000105
DATA: dry_enclosure: ✅ PID_P: -0.016841
DATA: dry_enclosure: ✅ PID_I: 180.124023
DATA: dry_enclosure: ✅ PID_D: 0.000000
[ID 3] Error: 0xE2
DATA: dry_enclosure: ✅ PID_P: -0.016841
DATA: dry_enclosure: ✅ PID_I: 180.013458
DATA: dry_enclosure: ✅ PID_D: 0.000000
Loop is running, OTA handle is active...
DATA: dry_enclosure: ✅ PID_P: -0.016841
DATA: dry_enclosure: ✅ PID_I: 179.996613
DATA: dry_enclosure: ✅ PID_D: 0.000000
DATA: dry_enclosure: ✅ Sensor_4: temperature: 26.32 °C | humidity: 22.70 %RH
DATA: dry_enclosure: ✅ PID_P: -0.016946
DATA: dry_enclosure: ✅ PID_I: 179.977509
DATA: dry_enclosure: ✅ PID_D: -0.000093
DATA: dry_enclosure: ✅ PID_P: -0.016946
DATA: dry_enclosure: ✅ PID_I: 179.960556
DATA: dry_enclosure: ✅ PID_D: 0.000000
[ID 5] Error: 0xE2
DATA: dry_enclosure: ✅ PID_P: -0.016946
DATA: dry_enclosure: ✅ PID_I: 179.839951
DATA: dry_enclosure: ✅ PID_D: 0.000000
DATA: dry_enclosure: ✅ Fan_1: 1
DATA: dry_enclosure: ✅ Fan_2: 1
DATA: dry_enclosure: ✅ Fan_3: 1
DATA: dry_enclosure: ✅ Fan_4: 1
DATA: dry_enclosure: ✅ Fan_5: 1
DATA: dry_enclosure: ✅ Fan_6: 1
DATA: dry_enclosure: ✅ Fan_7: 1
DATA: dry_enclosure: ✅ Fan_8: 1
DATA: dry_enclosure: ✅ Fan_9: 1
DATA: dry_enclosure: ✅ Fan_10: 1
DATA: dry_enclosure: ✅ Fan_11: 1
DATA: dry_enclosure: ✅ Fan_12: 1
DATA: dry_enclosure: ✅ Heater_Percent: 0.0 %
DATA: dry_enclosure: ✅ Dehumidifier_Percent: 100.0 %RH
Loop is running, OTA handle is active...
DATA: dry_enclosure: ✅ PID_P: -0.016946
DATA: dry_enclosure: ✅ PID_I: 179.822998
DATA: dry_enclosure: ✅ PID_D: 0.000000
DATA: dry_enclosure: ✅ Sensor_6: temperature: 26.69 °C | humidity: 23.40 %RH
DATA: dry_enclosure: ✅ PID_P: -0.017051
DATA: dry_enclosure: ✅ PID_I: 179.803604
DATA: dry_enclosure: ✅ PID_D: -0.000092
DATA: dry_enclosure: ✅ PID_P: -0.017051
DATA: dry_enclosure: ✅ PID_I: 179.786560
DATA: dry_enclosure: ✅ PID_D: 0.000000
DATA: dry_enclosure: ✅ Sensor_7: temperature: 27.16 °C | humidity: 21.50 %RH
DATA: dry_enclosure: ✅ PID_P: -0.017155
DATA: dry_enclosure: ✅ PID_I: 179.766937
DATA: dry_enclosure: ✅ PID_D: -0.000091
Loop is running, OTA handle is active...
DATA: dry_enclosure: ✅ PID_P: -0.017155
DATA: dry_enclosure: ✅ PID_I: 179.749786
DATA: dry_enclosure: ✅ PID_D: 0.000000
DATA: dry_enclosure: ✅ PID_P: -0.017155
DATA: dry_enclosure: ✅ PID_I: 179.732635
DATA: dry_enclosure: ✅ PID_D: 0.000000
DATA: dry_enclosure: ✅ Sensor_8: temperature: 26.41 °C | humidity: 22.40 %RH
DATA: dry_enclosure: ✅ PID_P: -0.017259
DATA: dry_enclosure: ✅ PID_I: 179.715378
DATA: dry_enclosure: ✅ PID_D: -0.000104
DATA: dry_enclosure: ✅ PID_P: -0.017259
DATA: dry_enclosure: ✅ PID_I: 179.698120
DATA: dry_enclosure: ✅ PID_D: 0.000000
DATA: dry_enclosure: ✅ Sensor_9: temperature: 26.69 °C | humidity: 21.90 %RH
DATA: dry_enclosure: ✅ PID_P: -0.017363
DATA: dry_enclosure: ✅ PID_I: 179.680756
DATA: dry_enclosure: ✅ PID_D: -0.000104
Loop is running, OTA handle is active...
DATA: dry_enclosure: ✅ PID_P: -0.017363
DATA: dry_enclosure: ✅ PID_I: 179.663391
DATA: dry_enclosure: ✅ PID_D: 0.000000
DATA: dry_enclosure: ✅ Sensor_1: temperature: 26.60 °C | humidity: 23.40 %RH
DATA: dry_enclosure: ✅ PID_P: -0.017467
DATA: dry_enclosure: ✅ PID_I: 179.645920
DATA: dry_enclosure: ✅ PID_D: -0.000105
DATA: dry_enclosure: ✅ PID_P: -0.017467
DATA: dry_enclosure: ✅ PID_I: 179.628448
DATA: dry_enclosure: ✅ PID_D: 0.000000
DATA: dry_enclosure: ✅ Sensor_2: temperature: 27.16 °C | humidity: 22.90 %RH
DATA: dry_enclosure: ✅ PID_P: -0.017572
DATA: dry_enclosure: ✅ PID_I: 179.610870
DATA: dry_enclosure: ✅ PID_D: -0.000105
DATA: dry_enclosure: ✅ PID_P: -0.017572
DATA: dry_enclosure: ✅ PID_I: 179.593292
DATA: dry_enclosure: ✅ PID_D: 0.000000
DATA: dry_enclosure: ✅ Fan_1: 1
DATA: dry_enclosure: ✅ Fan_2: 1
DATA: dry_enclosure: ✅ Fan_3: 1
DATA: dry_enclosure: ✅ Fan_4: 1
DATA: dry_enclosure: ✅ Fan_5: 1
DATA: dry_enclosure: ✅ Fan_6: 1
DATA: dry_enclosure: ✅ Fan_7: 1
DATA: dry_enclosure: ✅ Fan_8: 1
DATA: dry_enclosure: ✅ Fan_9: 1
DATA: dry_enclosure: ✅ Fan_10: 1
DATA: dry_enclosure: ✅ Fan_11: 1
DATA: dry_enclosure: ✅ Fan_12: 1
DATA: dry_enclosure: ✅ Heater_Percent: 0.0 %
DATA: dry_enclosure: ✅ Dehumidifier_Percent: 100.0 %RH
DATA: dry_enclosure: ✅ Fan_1: 1
DATA: dry_enclosure: ✅ Fan_2: 1
DATA: dry_enclosure: ✅ Fan_3: 1
DATA: dry_enclosure: ✅ Fan_4: 1
DATA: dry_enclosure: ✅ Fan_5: 1
DATA: dry_enclosure: ✅ Fan_6: 1
DATA: dry_enclosure: ✅ Fan_7: 1
DATA: dry_enclosure: ✅ Fan_8: 1
DATA: dry_enclosure: ✅ Fan_9: 1
DATA: dry_enclosure: ✅ Fan_10: 1
DATA: dry_enclosure: ✅ Fan_11: 1
DATA: dry_enclosure: ✅ Fan_12: 1
DATA: dry_enclosure: ✅ Heater_Percent: 0.0 %
DATA: dry_enclosure: ✅ Dehumidifier_Percent: 100.0 %RH
[ID 3] Error: 0xE2
DATA: dry_enclosure: ✅ PID_P: -0.017572
DATA: dry_enclosure: ✅ PID_I: 179.477173
DATA: dry_enclosure: ✅ PID_D: 0.000000
Loop is running, OTA handle is active...
DATA: dry_enclosure: ✅ PID_P: -0.017572
DATA: dry_enclosure: ✅ PID_I: 179.459595
DATA: dry_enclosure: ✅ PID_D: 0.000000
DATA: dry_enclosure: ✅ PID_P: -0.017572
DATA: dry_enclosure: ✅ PID_I: 179.442017
DATA: dry_enclosure: ✅ PID_D: 0.000000
DATA: dry_enclosure: ✅ Sensor_4: temperature: 26.32 °C | humidity: 22.60 %RH
DATA: dry_enclosure: ✅ PID_P: -0.017677
DATA: dry_enclosure: ✅ PID_I: 179.424347
DATA: dry_enclosure: ✅ PID_D: -0.000105
DATA: dry_enclosure: ✅ PID_P: -0.017677
DATA: dry_enclosure: ✅ PID_I: 179.406677
DATA: dry_enclosure: ✅ PID_D: 0.000000
[ID 5] Error: 0xE2
DATA: dry_enclosure: ✅ PID_P: -0.017677
DATA: dry_enclosure: ✅ PID_I: 179.296463
DATA: dry_enclosure: ✅ PID_D: 0.000000
DATA: dry_enclosure: ✅ Fan_1: 1
DATA: dry_enclosure: ✅ Fan_2: 1
DATA: dry_enclosure: ✅ Fan_3: 1
DATA: dry_enclosure: ✅ Fan_4: 1
DATA: dry_enclosure: ✅ Fan_5: 1
DATA: dry_enclosure: ✅ Fan_6: 1
DATA: dry_enclosure: ✅ Fan_7: 1
DATA: dry_enclosure: ✅ Fan_8: 1
DATA: dry_enclosure: ✅ Fan_9: 1
DATA: dry_enclosure: ✅ Fan_10: 1
DATA: dry_enclosure: ✅ Fan_11: 1
DATA: dry_enclosure: ✅ Fan_12: 1
DATA: dry_enclosure: ✅ Heater_Percent: 0.0 %
DATA: dry_enclosure: ✅ Dehumidifier_Percent: 100.0 %RH
Loop is running, OTA handle is active...
DATA: dry_enclosure: ✅ PID_P: -0.017677
DATA: dry_enclosure: ✅ PID_I: 179.278793
DATA: dry_enclosure: ✅ PID_D: 0.000000
DATA: dry_enclosure: ✅ PID_P: -0.017677
DATA: dry_enclosure: ✅ PID_I: 179.261124
DATA: dry_enclosure: ✅ PID_D: 0.000000
DATA: dry_enclosure: ✅ Sensor_6: temperature: 26.69 °C | humidity: 23.20 %RH
DATA: dry_enclosure: ✅ PID_P: -0.017886
DATA: dry_enclosure: ✅ PID_I: 179.243240
DATA: dry_enclosure: ✅ PID_D: -0.000209
DATA: dry_enclosure: ✅ PID_P: -0.017886
DATA: dry_enclosure: ✅ PID_I: 179.225357
DATA: dry_enclosure: ✅ PID_D: 0.000000
DATA: dry_enclosure: ✅ Sensor_7: temperature: 27.25 °C | humidity: 21.50 %RH
DATA: dry_enclosure: ✅ PID_P: -0.017885
DATA: dry_enclosure: ✅ PID_I: 179.207474
DATA: dry_enclosure: ✅ PID_D: 0.000001
Loop is running, OTA handle is active...
DATA: dry_enclosure: ✅ PID_P: -0.017885
DATA: dry_enclosure: ✅ PID_I: 179.189590
DATA: dry_enclosure: ✅ PID_D: 0.000000
DATA: dry_enclosure: ✅ Sensor_8: temperature: 26.41 °C | humidity: 22.30 %RH
DATA: dry_enclosure: ✅ PID_P: -0.017990
DATA: dry_enclosure: ✅ PID_I: 179.171600
DATA: dry_enclosure: ✅ PID_D: -0.000105
DATA: dry_enclosure: ✅ PID_P: -0.017990
DATA: dry_enclosure: ✅ PID_I: 179.153610
DATA: dry_enclosure: ✅ PID_D: 0.000000
DATA: dry_enclosure: ✅ Sensor_9: temperature: 26.69 °C | humidity: 21.80 %RH
DATA: dry_enclosure: ✅ PID_P: -0.018094
DATA: dry_enclosure: ✅ PID_I: 179.135513
DATA: dry_enclosure: ✅ PID_D: -0.000105
DATA: dry_enclosure: ✅ PID_P: -0.018094
DATA: dry_enclosure: ✅ PID_I: 179.117416
DATA: dry_enclosure: ✅ PID_D: 0.000000
Loop is running, OTA handle is active...
DATA: dry_enclosure: ✅ Sensor_1: temperature: 26.69 °C | humidity: 23.20 %RH
DATA: dry_enclosure: ✅ PID_P: -0.018303
DATA: dry_enclosure: ✅ PID_I: 179.099121
DATA: dry_enclosure: ✅ PID_D: -0.000208
DATA: dry_enclosure: ✅ PID_P: -0.018303
DATA: dry_enclosure: ✅ PID_I: 179.080826
DATA: dry_enclosure: ✅ PID_D: 0.000000
DATA: dry_enclosure: ✅ Sensor_2: temperature: 27.25 °C | humidity: 22.80 %RH
DATA: dry_enclosure: ✅ PID_P: -0.018406
DATA: dry_enclosure: ✅ PID_I: 179.062424
DATA: dry_enclosure: ✅ PID_D: -0.000104
DATA: dry_enclosure: ✅ PID_P: -0.018406
DATA: dry_enclosure: ✅ PID_I: 179.044022
DATA: dry_enclosure: ✅ PID_D: 0.000000
[ID 3] Error: 0xE2
DATA: dry_enclosure: ✅ PID_P: -0.018406
DATA: dry_enclosure: ✅ PID_I: 178.917145
DATA: dry_enclosure: ✅ PID_D: 0.000000
Loop is running, OTA handle is active...
DATA: dry_enclosure: ✅ PID_P: -0.018406
DATA: dry_enclosure: ✅ PID_I: 178.898743
DATA: dry_enclosure: ✅ PID_D: 0.000000
DATA: dry_enclosure: ✅ Sensor_4: temperature: 26.23 °C | humidity: 22.10 %RH
DATA: dry_enclosure: ✅ PID_P: -0.018930
DATA: dry_enclosure: ✅ PID_I: 178.877640
DATA: dry_enclosure: ✅ PID_D: -0.000470
DATA: dry_enclosure: ✅ PID_P: -0.018930
DATA: dry_enclosure: ✅ PID_I: 178.858704
DATA: dry_enclosure: ✅ PID_D: 0.000000
DATA: dry_enclosure: ✅ PID_P: -0.018930
DATA: dry_enclosure: ✅ PID_I: 178.839767
DATA: dry_enclosure: ✅ PID_D: 0.000000
[ID 5] Error: 0xE2
DATA: dry_enclosure: ✅ PID_P: -0.018930
DATA: dry_enclosure: ✅ PID_I: 178.723938
DATA: dry_enclosure: ✅ PID_D: 0.000000
DATA: dry_enclosure: ✅ Fan_1: 1
DATA: dry_enclosure: ✅ Fan_2: 1
DATA: dry_enclosure: ✅ Fan_3: 1
DATA: dry_enclosure: ✅ Fan_4: 1
DATA: dry_enclosure: ✅ Fan_5: 1
DATA: dry_enclosure: ✅ Fan_6: 1
DATA: dry_enclosure: ✅ Fan_7: 1
DATA: dry_enclosure: ✅ Fan_8: 1
DATA: dry_enclosure: ✅ Fan_9: 1
DATA: dry_enclosure: ✅ Fan_10: 1
DATA: dry_enclosure: ✅ Fan_11: 1
DATA: dry_enclosure: ✅ Fan_12: 1
DATA: dry_enclosure: ✅ Heater_Percent: 0.0 %
DATA: dry_enclosure: ✅ Dehumidifier_Percent: 100.0 %RH
Loop is running, OTA handle is active...
DATA: dry_enclosure: ✅ PID_P: -0.018930
DATA: dry_enclosure: ✅ PID_I: 178.705002
DATA: dry_enclosure: ✅ PID_D: 0.000000
DATA: dry_enclosure: ✅ Sensor_6: temperature: 26.69 °C | humidity: 22.70 %RH
DATA: dry_enclosure: ✅ PID_P: -0.019453
DATA: dry_enclosure: ✅ PID_I: 178.682617
DATA: dry_enclosure: ✅ PID_D: -0.000454
DATA: dry_enclosure: ✅ PID_P: -0.019453
DATA: dry_enclosure: ✅ PID_I: 178.663162
DATA: dry_enclosure: ✅ PID_D: 0.000000
DATA: dry_enclosure: ✅ Sensor_7: temperature: 27.25 °C | humidity: 21.00 %RH
DATA: dry_enclosure: ✅ PID_P: -0.019976
DATA: dry_enclosure: ✅ PID_I: 178.640762
DATA: dry_enclosure: ✅ PID_D: -0.000466
Loop is running, OTA handle is active...
DATA: dry_enclosure: ✅ PID_P: -0.019976
DATA: dry_enclosure: ✅ PID_I: 178.620789
DATA: dry_enclosure: ✅ PID_D: 0.000000
DATA: dry_enclosure: ✅ Sensor_8: temperature: 26.23 °C | humidity: 21.50 %RH
DATA: dry_enclosure: ✅ PID_P: -0.020815
DATA: dry_enclosure: ✅ PID_I: 178.597397
DATA: dry_enclosure: ✅ PID_D: -0.000746
DATA: dry_enclosure: ✅ PID_P: -0.020815
DATA: dry_enclosure: ✅ PID_I: 178.576584
DATA: dry_enclosure: ✅ PID_D: 0.000000
DATA: dry_enclosure: ✅ Sensor_9: temperature: 26.69 °C | humidity: 21.20 %RH
DATA: dry_enclosure: ✅ PID_P: -0.021442
DATA: dry_enclosure: ✅ PID_I: 178.552246
DATA: dry_enclosure: ✅ PID_D: -0.000553
DATA: dry_enclosure: ✅ PID_P: -0.021442
DATA: dry_enclosure: ✅ PID_I: 178.530807
DATA: dry_enclosure: ✅ PID_D: 0.000000
Loop is running, OTA handle is active...
DATA: dry_enclosure: ✅ Sensor_1: temperature: 26.51 °C | humidity: 22.30 %RH
DATA: dry_enclosure: ✅ PID_P: -0.022386
DATA: dry_enclosure: ✅ PID_I: 178.505890
DATA: dry_enclosure: ✅ PID_D: -0.000848
DATA: dry_enclosure: ✅ PID_P: -0.022386
DATA: dry_enclosure: ✅ PID_I: 178.483505
DATA: dry_enclosure: ✅ PID_D: 0.000000
DATA: dry_enclosure: ✅ Sensor_2: temperature: 27.16 °C | humidity: 22.00 %RH
DATA: dry_enclosure: ✅ PID_P: -0.023223
DATA: dry_enclosure: ✅ PID_I: 178.457214
DATA: dry_enclosure: ✅ PID_D: -0.000740
DATA: dry_enclosure: ✅ PID_P: -0.023223
DATA: dry_enclosure: ✅ PID_I: 178.433990
DATA: dry_enclosure: ✅ PID_D: 0.000000
DATA: dry_enclosure: ✅ PID_P: -0.023223
DATA: dry_enclosure: ✅ PID_I: 178.410767
DATA: dry_enclosure: ✅ PID_D: 0.000000
[ID 3] Error: 0xE2
DATA: dry_enclosure: ✅ PID_P: -0.023223
DATA: dry_enclosure: ✅ PID_I: 178.268661
DATA: dry_enclosure: ✅ PID_D: 0.000000
Loop is running, OTA handle is active...
DATA: dry_enclosure: ✅ PID_P: -0.023223
DATA: dry_enclosure: ✅ PID_I: 178.245438
DATA: dry_enclosure: ✅ PID_D: 0.000000
DATA: dry_enclosure: ✅ Sensor_4: temperature: 25.76 °C | humidity: 22.20 %RH
DATA: dry_enclosure: ✅ PID_P: -0.023124
DATA: dry_enclosure: ✅ PID_I: 178.218979
DATA: dry_enclosure: ✅ PID_D: 0.000087
DATA: dry_enclosure: ✅ PID_P: -0.023124
DATA: dry_enclosure: ✅ PID_I: 178.195862
DATA: dry_enclosure: ✅ PID_D: 0.000000
[ID 5] Error: 0xE2
DATA: dry_enclosure: ✅ PID_P: -0.023124
DATA: dry_enclosure: ✅ PID_I: 178.031296
DATA: dry_enclosure: ✅ PID_D: 0.000000
DATA: dry_enclosure: ✅ Fan_1: 1
DATA: dry_enclosure: ✅ Fan_2: 1
DATA: dry_enclosure: ✅ Fan_3: 1
DATA: dry_enclosure: ✅ Fan_4: 1
DATA: dry_enclosure: ✅ Fan_5: 1
DATA: dry_enclosure: ✅ Fan_6: 1
DATA: dry_enclosure: ✅ Fan_7: 1
DATA: dry_enclosure: ✅ Fan_8: 1
DATA: dry_enclosure: ✅ Fan_9: 1
DATA: dry_enclosure: ✅ Fan_10: 1
DATA: dry_enclosure: ✅ Fan_11: 1
DATA: dry_enclosure: ✅ Fan_12: 1
DATA: dry_enclosure: ✅ Heater_Percent: 0.0 %
DATA: dry_enclosure: ✅ Dehumidifier_Percent: 100.0 %RH
Loop is running, OTA handle is active...
DATA: dry_enclosure: ✅ PID_P: -0.023124
DATA: dry_enclosure: ✅ PID_I: 178.008179
DATA: dry_enclosure: ✅ PID_D: 0.000000
DATA: dry_enclosure: ✅ Sensor_6: temperature: 26.41 °C | humidity: 22.40 %RH
DATA: dry_enclosure: ✅ PID_P: -0.023441
DATA: dry_enclosure: ✅ PID_I: 177.981430
DATA: dry_enclosure: ✅ PID_D: -0.000278
DATA: dry_enclosure: ✅ PID_P: -0.023441
DATA: dry_enclosure: ✅ PID_I: 177.957993
DATA: dry_enclosure: ✅ PID_D: 0.000000
DATA: dry_enclosure: ✅ Sensor_7: temperature: 27.16 °C | humidity: 20.50 %RH
DATA: dry_enclosure: ✅ PID_P: -0.023965
DATA: dry_enclosure: ✅ PID_I: 177.930939
DATA: dry_enclosure: ✅ PID_D: -0.000464
Loop is running, OTA handle is active...
DATA: dry_enclosure: ✅ PID_P: -0.023965
DATA: dry_enclosure: ✅ PID_I: 177.906967
DATA: dry_enclosure: ✅ PID_D: 0.000000
DATA: dry_enclosure: ✅ Sensor_8: temperature: 25.76 °C | humidity: 21.50 %RH
DATA: dry_enclosure: ✅ PID_P: -0.023971
DATA: dry_enclosure: ✅ PID_I: 177.880737
DATA: dry_enclosure: ✅ PID_D: -0.000005
DATA: dry_enclosure: ✅ PID_P: -0.023971
DATA: dry_enclosure: ✅ PID_I: 177.856766
DATA: dry_enclosure: ✅ PID_D: 0.000000
DATA: dry_enclosure: ✅ Sensor_9: temperature: 26.51 °C | humidity: 20.80 %RH
DATA: dry_enclosure: ✅ PID_P: -0.024391
DATA: dry_enclosure: ✅ PID_I: 177.829391
DATA: dry_enclosure: ✅ PID_D: -0.000375
DATA: dry_enclosure: ✅ PID_P: -0.024391
DATA: dry_enclosure: ✅ PID_I: 177.804993
DATA: dry_enclosure: ✅ PID_D: 0.000000
Loop is running, OTA handle is active...
DATA: dry_enclosure: ✅ Sensor_1: temperature: 26.13 °C | humidity: 22.40 %RH
DATA: dry_enclosure: ✅ PID_P: -0.024291
DATA: dry_enclosure: ✅ PID_I: 177.777985
DATA: dry_enclosure: ✅ PID_D: 0.000090
DATA: dry_enclosure: ✅ PID_P: -0.024291
DATA: dry_enclosure: ✅ PID_I: 177.753693
DATA: dry_enclosure: ✅ PID_D: 0.000000
DATA: dry_enclosure: ✅ Sensor_2: temperature: 26.88 °C | humidity: 22.00 %RH
DATA: dry_enclosure: ✅ PID_P: -0.024294
DATA: dry_enclosure: ✅ PID_I: 177.725800
DATA: dry_enclosure: ✅ PID_D: -0.000003
DATA: dry_enclosure: ✅ PID_P: -0.024294
DATA: dry_enclosure: ✅ PID_I: 177.701508
DATA: dry_enclosure: ✅ PID_D: 0.000000
[ID 3] Error: 0xE2
DATA: dry_enclosure: ✅ PID_P: -0.024294
DATA: dry_enclosure: ✅ PID_I: 177.528610
DATA: dry_enclosure: ✅ PID_D: 0.000000
Loop is running, OTA handle is active...
DATA: dry_enclosure: ✅ PID_P: -0.024294
DATA: dry_enclosure: ✅ PID_I: 177.504318
DATA: dry_enclosure: ✅ PID_D: 0.000000
DATA: dry_enclosure: ✅ PID_P: -0.024294
DATA: dry_enclosure: ✅ PID_I: 177.480026
DATA: dry_enclosure: ✅ PID_D: 0.000000
DATA: dry_enclosure: ✅ Sensor_4: temperature: 24.92 °C | humidity: 24.10 %RH
DATA: dry_enclosure: ✅ PID_P: -0.022314
DATA: dry_enclosure: ✅ PID_I: 177.457718
DATA: dry_enclosure: ✅ PID_D: 0.001981
DATA: dry_enclosure: ✅ PID_P: -0.022314
DATA: dry_enclosure: ✅ PID_I: 177.435410
DATA: dry_enclosure: ✅ PID_D: 0.000000
[ID 5] Error: 0xE2
DATA: dry_enclosure: ✅ PID_P: -0.022314
DATA: dry_enclosure: ✅ PID_I: 177.296280
DATA: dry_enclosure: ✅ PID_D: 0.000000
DATA: dry_enclosure: ✅ Fan_1: 1
DATA: dry_enclosure: ✅ Fan_2: 1
DATA: dry_enclosure: ✅ Fan_3: 1
DATA: dry_enclosure: ✅ Fan_4: 1
DATA: dry_enclosure: ✅ Fan_5: 1
DATA: dry_enclosure: ✅ Fan_6: 1
DATA: dry_enclosure: ✅ Fan_7: 1
DATA: dry_enclosure: ✅ Fan_8: 1
DATA: dry_enclosure: ✅ Fan_9: 1
DATA: dry_enclosure: ✅ Fan_10: 1
DATA: dry_enclosure: ✅ Fan_11: 1
DATA: dry_enclosure: ✅ Fan_12: 1
DATA: dry_enclosure: ✅ Heater_Percent: 0.0 %
DATA: dry_enclosure: ✅ Dehumidifier_Percent: 100.0 %RH
Loop is running, OTA handle is active...
DATA: dry_enclosure: ✅ PID_P: -0.022314
DATA: dry_enclosure: ✅ PID_I: 177.273972
DATA: dry_enclosure: ✅ PID_D: 0.000000
DATA: dry_enclosure: ✅ Sensor_6: temperature: 26.04 °C | humidity: 23.60 %RH
DATA: dry_enclosure: ✅ PID_P: -0.021060
DATA: dry_enclosure: ✅ PID_I: 177.249496
DATA: dry_enclosure: ✅ PID_D: 0.001079
DATA: dry_enclosure: ✅ PID_P: -0.021060
DATA: dry_enclosure: ✅ PID_I: 177.228439
DATA: dry_enclosure: ✅ PID_D: 0.000000
DATA: dry_enclosure: ✅ Sensor_7: temperature: 26.97 °C | humidity: 21.30 %RH
DATA: dry_enclosure: ✅ PID_P: -0.020224
DATA: dry_enclosure: ✅ PID_I: 177.205521
DATA: dry_enclosure: ✅ PID_D: 0.000738
Loop is running, OTA handle is active...
DATA: dry_enclosure: ✅ PID_P: -0.020224
DATA: dry_enclosure: ✅ PID_I: 177.185303
DATA: dry_enclosure: ✅ PID_D: 0.000000
DATA: dry_enclosure: ✅ Sensor_8: temperature: 25.29 °C | humidity: 23.20 %RH
DATA: dry_enclosure: ✅ PID_P: -0.018447
DATA: dry_enclosure: ✅ PID_I: 177.165100
DATA: dry_enclosure: ✅ PID_D: 0.001623
DATA: dry_enclosure: ✅ PID_P: -0.018447
DATA: dry_enclosure: ✅ PID_I: 177.146652
DATA: dry_enclosure: ✅ PID_D: 0.000000
DATA: dry_enclosure: ✅ Sensor_9: temperature: 26.32 °C | humidity: 22.00 %RH
DATA: dry_enclosure: ✅ PID_P: -0.017190
DATA: dry_enclosure: ✅ PID_I: 177.127075
DATA: dry_enclosure: ✅ PID_D: 0.001103
DATA: dry_enclosure: ✅ PID_P: -0.017190
DATA: dry_enclosure: ✅ PID_I: 177.109879
DATA: dry_enclosure: ✅ PID_D: 0.000000
Loop is running, OTA handle is active...
DATA: dry_enclosure: ✅ Sensor_1: temperature: 25.76 °C | humidity: 24.00 %RH
DATA: dry_enclosure: ✅ PID_P: -0.015516
DATA: dry_enclosure: ✅ PID_I: 177.092529
DATA: dry_enclosure: ✅ PID_D: 0.001498
DATA: dry_enclosure: ✅ PID_P: -0.015516
DATA: dry_enclosure: ✅ PID_I: 177.077011
DATA: dry_enclosure: ✅ PID_D: 0.000000
DATA: dry_enclosure: ✅ PID_P: -0.015516
DATA: dry_enclosure: ✅ PID_I: 177.061493
DATA: dry_enclosure: ✅ PID_D: 0.000000
DATA: dry_enclosure: ✅ Sensor_2: temperature: 26.51 °C | humidity: 23.10 %RH
DATA: dry_enclosure: ✅ PID_P: -0.014365
DATA: dry_enclosure: ✅ PID_I: 177.047134
DATA: dry_enclosure: ✅ PID_D: 0.001151
DATA: dry_enclosure: ✅ PID_P: -0.014365
DATA: dry_enclosure: ✅ PID_I: 177.032776
DATA: dry_enclosure: ✅ PID_D: 0.000000
[ID 3] Error: 0xE2
DATA: dry_enclosure: ✅ PID_P: -0.014365
DATA: dry_enclosure: ✅ PID_I: 176.943069
DATA: dry_enclosure: ✅ PID_D: 0.000000
Loop is running, OTA handle is active...
DATA: dry_enclosure: ✅ PID_P: -0.014365
DATA: dry_enclosure: ✅ PID_I: 176.928711
DATA: dry_enclosure: ✅ PID_D: 0.000000
DATA: dry_enclosure: ✅ Sensor_4: temperature: 24.27 °C | humidity: 24.70 %RH
DATA: dry_enclosure: ✅ PID_P: -0.013741
DATA: dry_enclosure: ✅ PID_I: 176.913406
DATA: dry_enclosure: ✅ PID_D: 0.000561
DATA: dry_enclosure: ✅ PID_P: -0.013741
DATA: dry_enclosure: ✅ PID_I: 176.899658
DATA: dry_enclosure: ✅ PID_D: 0.000000
[ID 5] Error: 0xE2
DATA: dry_enclosure: ✅ PID_P: -0.013741
DATA: dry_enclosure: ✅ PID_I: 176.801865
DATA: dry_enclosure: ✅ PID_D: 0.000000
DATA: dry_enclosure: ✅ Fan_1: 1
DATA: dry_enclosure: ✅ Fan_2: 1
DATA: dry_enclosure: ✅ Fan_3: 1
DATA: dry_enclosure: ✅ Fan_4: 1
DATA: dry_enclosure: ✅ Fan_5: 1
DATA: dry_enclosure: ✅ Fan_6: 1
DATA: dry_enclosure: ✅ Fan_7: 1
DATA: dry_enclosure: ✅ Fan_8: 1
DATA: dry_enclosure: ✅ Fan_9: 1
DATA: dry_enclosure: ✅ Fan_10: 1
DATA: dry_enclosure: ✅ Fan_11: 1
DATA: dry_enclosure: ✅ Fan_12: 1
DATA: dry_enclosure: ✅ Heater_Percent: 0.0 %
DATA: dry_enclosure: ✅ Dehumidifier_Percent: 100.0 %RH
Loop is running, OTA handle is active...
DATA: dry_enclosure: ✅ PID_P: -0.013741
DATA: dry_enclosure: ✅ PID_I: 176.788116
DATA: dry_enclosure: ✅ PID_D: 0.000000
DATA: dry_enclosure: ✅ Sensor_6: temperature: 25.76 °C | humidity: 24.00 %RH
DATA: dry_enclosure: ✅ PID_P: -0.013323
DATA: dry_enclosure: ✅ PID_I: 176.772598
DATA: dry_enclosure: ✅ PID_D: 0.000359
DATA: dry_enclosure: ✅ PID_P: -0.013323
DATA: dry_enclosure: ✅ PID_I: 176.759277
DATA: dry_enclosure: ✅ PID_D: 0.000000
DATA: dry_enclosure: ✅ Sensor_7: temperature: 26.79 °C | humidity: 21.50 %RH
DATA: dry_enclosure: ✅ PID_P: -0.013114
DATA: dry_enclosure: ✅ PID_I: 176.744522
DATA: dry_enclosure: ✅ PID_D: 0.000185
Loop is running, OTA handle is active...
DATA: dry_enclosure: ✅ PID_P: -0.013114
DATA: dry_enclosure: ✅ PID_I: 176.731415
DATA: dry_enclosure: ✅ PID_D: 0.000000
DATA: dry_enclosure: ✅ Sensor_8: temperature: 24.92 °C | humidity: 23.60 %RH
DATA: dry_enclosure: ✅ PID_P: -0.012697
DATA: dry_enclosure: ✅ PID_I: 176.717499
DATA: dry_enclosure: ✅ PID_D: 0.000381
DATA: dry_enclosure: ✅ PID_P: -0.012697
DATA: dry_enclosure: ✅ PID_I: 176.704803
DATA: dry_enclosure: ✅ PID_D: 0.000000
DATA: dry_enclosure: ✅ Sensor_9: temperature: 26.13 °C | humidity: 22.10 %RH
DATA: dry_enclosure: ✅ PID_P: -0.012593
DATA: dry_enclosure: ✅ PID_I: 176.690720
DATA: dry_enclosure: ✅ PID_D: 0.000093
DATA: dry_enclosure: ✅ PID_P: -0.012593
DATA: dry_enclosure: ✅ PID_I: 176.678131
DATA: dry_enclosure: ✅ PID_D: 0.000000
Loop is running, OTA handle is active...
DATA: dry_enclosure: ✅ Sensor_1: temperature: 25.39 °C | humidity: 24.30 %RH
DATA: dry_enclosure: ✅ PID_P: -0.012280
DATA: dry_enclosure: ✅ PID_I: 176.664261
DATA: dry_enclosure: ✅ PID_D: 0.000277
DATA: dry_enclosure: ✅ PID_P: -0.012280
DATA: dry_enclosure: ✅ PID_I: 176.651978
DATA: dry_enclosure: ✅ PID_D: 0.000000
DATA: dry_enclosure: ✅ PID_P: -0.012280
DATA: dry_enclosure: ✅ PID_I: 176.639694
DATA: dry_enclosure: ✅ PID_D: 0.000000
DATA: dry_enclosure: ✅ Sensor_2: temperature: 26.23 °C | humidity: 23.40 %RH
DATA: dry_enclosure: ✅ PID_P: -0.011967
DATA: dry_enclosure: ✅ PID_I: 176.627731
DATA: dry_enclosure: ✅ PID_D: 0.000313
DATA: dry_enclosure: ✅ PID_P: -0.011967
DATA: dry_enclosure: ✅ PID_I: 176.615768
DATA: dry_enclosure: ✅ PID_D: 0.000000
[ID 3] Error: 0xE2
DATA: dry_enclosure: ✅ PID_P: -0.011967
DATA: dry_enclosure: ✅ PID_I: 176.540787
DATA: dry_enclosure: ✅ PID_D: 0.000000
Loop is running, OTA handle is active...
DATA: dry_enclosure: ✅ PID_P: -0.011967
DATA: dry_enclosure: ✅ PID_I: 176.528824
DATA: dry_enclosure: ✅ PID_D: 0.000000
DATA: dry_enclosure: ✅ Sensor_4: temperature: 23.99 °C | humidity: 25.00 %RH
DATA: dry_enclosure: ✅ PID_P: -0.011654
DATA: dry_enclosure: ✅ PID_I: 176.515915
DATA: dry_enclosure: ✅ PID_D: 0.000283
DATA: dry_enclosure: ✅ PID_P: -0.011654
DATA: dry_enclosure: ✅ PID_I: 176.504257
DATA: dry_enclosure: ✅ PID_D: 0.000000
[ID 5] Error: 0xE2
DATA: dry_enclosure: ✅ PID_P: -0.011654
DATA: dry_enclosure: ✅ PID_I: 176.421326
DATA: dry_enclosure: ✅ PID_D: 0.000000
DATA: dry_enclosure: ✅ Fan_1: 1
DATA: dry_enclosure: ✅ Fan_2: 1
DATA: dry_enclosure: ✅ Fan_3: 1
DATA: dry_enclosure: ✅ Fan_4: 1
DATA: dry_enclosure: ✅ Fan_5: 1
DATA: dry_enclosure: ✅ Fan_6: 1
DATA: dry_enclosure: ✅ Fan_7: 1
DATA: dry_enclosure: ✅ Fan_8: 1
DATA: dry_enclosure: ✅ Fan_9: 1
DATA: dry_enclosure: ✅ Fan_10: 1
DATA: dry_enclosure: ✅ Fan_11: 1
DATA: dry_enclosure: ✅ Fan_12: 1
DATA: dry_enclosure: ✅ Heater_Percent: 0.0 %
DATA: dry_enclosure: ✅ Dehumidifier_Percent: 6.5 %RH
Loop is running, OTA handle is active...
DATA: dry_enclosure: ✅ PID_P: -0.011654
DATA: dry_enclosure: ✅ PID_I: 176.409668
DATA: dry_enclosure: ✅ PID_D: 0.000000
DATA: dry_enclosure: ✅ Sensor_6: temperature: 25.57 °C | humidity: 24.10 %RH
DATA: dry_enclosure: ✅ PID_P: -0.011550
DATA: dry_enclosure: ✅ PID_I: 176.396347
DATA: dry_enclosure: ✅ PID_D: 0.000090
DATA: dry_enclosure: ✅ PID_P: -0.011550
DATA: dry_enclosure: ✅ PID_I: 176.384796
DATA: dry_enclosure: ✅ PID_D: 0.000000
DATA: dry_enclosure: ✅ Sensor_7: temperature: 26.69 °C | humidity: 21.50 %RH
DATA: dry_enclosure: ✅ PID_P: -0.011550
DATA: dry_enclosure: ✅ PID_I: 176.371750
DATA: dry_enclosure: ✅ PID_D: -0.000000
Loop is running, OTA handle is active...
DATA: dry_enclosure: ✅ PID_P: -0.011550
DATA: dry_enclosure: ✅ PID_I: 176.360199
DATA: dry_enclosure: ✅ PID_D: 0.000000
DATA: dry_enclosure: ✅ Sensor_8: temperature: 24.83 °C | humidity: 23.60 %RH
DATA: dry_enclosure: ✅ PID_P: -0.011551
DATA: dry_enclosure: ✅ PID_I: 176.347580
DATA: dry_enclosure: ✅ PID_D: -0.000000
DATA: dry_enclosure: ✅ PID_P: -0.011551
DATA: dry_enclosure: ✅ PID_I: 176.336029
DATA: dry_enclosure: ✅ PID_D: 0.000000
DATA: dry_enclosure: ✅ Sensor_9: temperature: 25.95 °C | humidity: 22.10 %RH
DATA: dry_enclosure: ✅ PID_P: -0.011552
DATA: dry_enclosure: ✅ PID_I: 176.322922
DATA: dry_enclosure: ✅ PID_D: -0.000001
DATA: dry_enclosure: ✅ PID_P: -0.011552
DATA: dry_enclosure: ✅ PID_I: 176.311371
DATA: dry_enclosure: ✅ PID_D: 0.000000
Loop is running, OTA handle is active...
DATA: dry_enclosure: ✅ Sensor_1: temperature: 25.20 °C | humidity: 24.40 %RH
DATA: dry_enclosure: ✅ PID_P: -0.011448
DATA: dry_enclosure: ✅ PID_I: 176.298325
DATA: dry_enclosure: ✅ PID_D: 0.000091
DATA: dry_enclosure: ✅ PID_P: -0.011448
DATA: dry_enclosure: ✅ PID_I: 176.286880
DATA: dry_enclosure: ✅ PID_D: 0.000000
DATA: dry_enclosure: ✅ Sensor_2: temperature: 26.04 °C | humidity: 23.50 %RH
DATA: dry_enclosure: ✅ PID_P: -0.011344
DATA: dry_enclosure: ✅ PID_I: 176.273941
DATA: dry_enclosure: ✅ PID_D: 0.000091
DATA: dry_enclosure: ✅ PID_P: -0.011344
DATA: dry_enclosure: ✅ PID_I: 176.262604
DATA: dry_enclosure: ✅ PID_D: 0.000000
[ID 3] Error: 0xE2
DATA: dry_enclosure: ✅ PID_P: -0.011344
DATA: dry_enclosure: ✅ PID_I: 176.181870
DATA: dry_enclosure: ✅ PID_D: 0.000000
Loop is running, OTA handle is active...
DATA: dry_enclosure: ✅ PID_P: -0.011344
DATA: dry_enclosure: ✅ PID_I: 176.170532
DATA: dry_enclosure: ✅ PID_D: 0.000000
DATA: dry_enclosure: ✅ PID_P: -0.011344
DATA: dry_enclosure: ✅ PID_I: 176.159195
DATA: dry_enclosure: ✅ PID_D: 0.000000
DATA: dry_enclosure: ✅ Sensor_4: temperature: 24.08 °C | humidity: 24.80 %RH
DATA: dry_enclosure: ✅ PID_P: -0.011553
DATA: dry_enclosure: ✅ PID_I: 176.147644
DATA: dry_enclosure: ✅ PID_D: -0.000210
DATA: dry_enclosure: ✅ PID_P: -0.011553
DATA: dry_enclosure: ✅ PID_I: 176.136093
DATA: dry_enclosure: ✅ PID_D: 0.000000
[ID 5] Error: 0xE2
DATA: dry_enclosure: ✅ PID_P: -0.011553
DATA: dry_enclosure: ✅ PID_I: 176.063919
DATA: dry_enclosure: ✅ PID_D: 0.000000
DATA: dry_enclosure: ✅ Fan_1: 1
DATA: dry_enclosure: ✅ Fan_2: 1
DATA: dry_enclosure: ✅ Fan_3: 1
DATA: dry_enclosure: ✅ Fan_4: 1
DATA: dry_enclosure: ✅ Fan_5: 1
DATA: dry_enclosure: ✅ Fan_6: 1
DATA: dry_enclosure: ✅ Fan_7: 1
DATA: dry_enclosure: ✅ Fan_8: 1
DATA: dry_enclosure: ✅ Fan_9: 1
DATA: dry_enclosure: ✅ Fan_10: 1
DATA: dry_enclosure: ✅ Fan_11: 1
DATA: dry_enclosure: ✅ Fan_12: 1
DATA: dry_enclosure: ✅ Heater_Percent: 0.0 %
DATA: dry_enclosure: ✅ Dehumidifier_Percent: 16.8 %RH
Loop is running, OTA handle is active...
DATA: dry_enclosure: ✅ PID_P: -0.011553
DATA: dry_enclosure: ✅ PID_I: 176.052368
DATA: dry_enclosure: ✅ PID_D: 0.000000
DATA: dry_enclosure: ✅ Sensor_6: temperature: 25.48 °C | humidity: 24.20 %RH
DATA: dry_enclosure: ✅ PID_P: -0.011449
DATA: dry_enclosure: ✅ PID_I: 176.039337
DATA: dry_enclosure: ✅ PID_D: 0.000092
DATA: dry_enclosure: ✅ PID_P: -0.011449
DATA: dry_enclosure: ✅ PID_I: 176.027893
DATA: dry_enclosure: ✅ PID_D: 0.000000
DATA: dry_enclosure: ✅ Sensor_7: temperature: 26.60 °C | humidity: 21.60 %RH
DATA: dry_enclosure: ✅ PID_P: -0.011344
DATA: dry_enclosure: ✅ PID_I: 176.014893
DATA: dry_enclosure: ✅ PID_D: 0.000091
Loop is running, OTA handle is active...
DATA: dry_enclosure: ✅ PID_P: -0.011344
DATA: dry_enclosure: ✅ PID_I: 176.003555
DATA: dry_enclosure: ✅ PID_D: 0.000000
DATA: dry_enclosure: ✅ Sensor_8: temperature: 24.92 °C | humidity: 23.60 %RH
DATA: dry_enclosure: ✅ PID_P: -0.011344
DATA: dry_enclosure: ✅ PID_I: 175.991608
DATA: dry_enclosure: ✅ PID_D: 0.000000
DATA: dry_enclosure: ✅ PID_P: -0.011344
DATA: dry_enclosure: ✅ PID_I: 175.980270
DATA: dry_enclosure: ✅ PID_D: 0.000000
DATA: dry_enclosure: ✅ Sensor_9: temperature: 25.85 °C | humidity: 22.10 %RH
DATA: dry_enclosure: ✅ PID_P: -0.011344
DATA: dry_enclosure: ✅ PID_I: 175.967560
DATA: dry_enclosure: ✅ PID_D: -0.000000
DATA: dry_enclosure: ✅ PID_P: -0.011344
DATA: dry_enclosure: ✅ PID_I: 175.956223
DATA: dry_enclosure: ✅ PID_D: 0.000000
Loop is running, OTA handle is active...
DATA: dry_enclosure: ✅ Sensor_1: temperature: 25.20 °C | humidity: 24.40 %RH
DATA: dry_enclosure: ✅ PID_P: -0.011344
DATA: dry_enclosure: ✅ PID_I: 175.943161
DATA: dry_enclosure: ✅ PID_D: 0.000000
DATA: dry_enclosure: ✅ PID_P: -0.011344
DATA: dry_enclosure: ✅ PID_I: 175.931824
DATA: dry_enclosure: ✅ PID_D: 0.000000
DATA: dry_enclosure: ✅ Sensor_2: temperature: 26.04 °C | humidity: 23.60 %RH
DATA: dry_enclosure: ✅ PID_P: -0.011239
DATA: dry_enclosure: ✅ PID_I: 175.919418
DATA: dry_enclosure: ✅ PID_D: 0.000095
DATA: dry_enclosure: ✅ PID_P: -0.011239
DATA: dry_enclosure: ✅ PID_I: 175.908173
DATA: dry_enclosure: ✅ PID_D: 0.000000
[ID 3] Error: 0xE2
DATA: dry_enclosure: ✅ PID_P: -0.011239
DATA: dry_enclosure: ✅ PID_I: 175.828186
DATA: dry_enclosure: ✅ PID_D: 0.000000
Loop is running, OTA handle is active...
DATA: dry_enclosure: ✅ PID_P: -0.011239
DATA: dry_enclosure: ✅ PID_I: 175.816940
DATA: dry_enclosure: ✅ PID_D: 0.000000
DATA: dry_enclosure: ✅ Sensor_4: temperature: 24.27 °C | humidity: 24.60 %RH
DATA: dry_enclosure: ✅ PID_P: -0.011448
DATA: dry_enclosure: ✅ PID_I: 175.803894
DATA: dry_enclosure: ✅ PID_D: -0.000183
DATA: dry_enclosure: ✅ PID_P: -0.011448
DATA: dry_enclosure: ✅ PID_I: 175.792450
DATA: dry_enclosure: ✅ PID_D: 0.000000
[ID 5] Error: 0xE2
DATA: dry_enclosure: ✅ PID_P: -0.011448
DATA: dry_enclosure: ✅ PID_I: 175.710968
DATA: dry_enclosure: ✅ PID_D: 0.000000
DATA: dry_enclosure: ✅ Fan_1: 1
DATA: dry_enclosure: ✅ Fan_2: 1
DATA: dry_enclosure: ✅ Fan_3: 1
DATA: dry_enclosure: ✅ Fan_4: 1
DATA: dry_enclosure: ✅ Fan_5: 1
DATA: dry_enclosure: ✅ Fan_6: 1
DATA: dry_enclosure: ✅ Fan_7: 1
DATA: dry_enclosure: ✅ Fan_8: 1
DATA: dry_enclosure: ✅ Fan_9: 1
DATA: dry_enclosure: ✅ Fan_10: 1
DATA: dry_enclosure: ✅ Fan_11: 1
DATA: dry_enclosure: ✅ Fan_12: 1
DATA: dry_enclosure: ✅ Heater_Percent: 0.0 %
DATA: dry_enclosure: ✅ Dehumidifier_Percent: 51.2 %RH
Loop is running, OTA handle is active...
DATA: dry_enclosure: ✅ PID_P: -0.011448
DATA: dry_enclosure: ✅ PID_I: 175.699524
DATA: dry_enclosure: ✅ PID_D: 0.000000
DATA: dry_enclosure: ✅ Sensor_6: temperature: 25.48 °C | humidity: 24.10 %RH
DATA: dry_enclosure: ✅ PID_P: -0.011553
DATA: dry_enclosure: ✅ PID_I: 175.686188
DATA: dry_enclosure: ✅ PID_D: -0.000091
DATA: dry_enclosure: ✅ PID_P: -0.011553
DATA: dry_enclosure: ✅ PID_I: 175.674637
DATA: dry_enclosure: ✅ PID_D: 0.000000
DATA: dry_enclosure: ✅ PID_P: -0.011553
DATA: dry_enclosure: ✅ PID_I: 175.663086
DATA: dry_enclosure: ✅ PID_D: 0.000000
DATA: dry_enclosure: ✅ Sensor_7: temperature: 26.51 °C | humidity: 21.60 %RH
Loop is running, OTA handle is active...
DATA: dry_enclosure: ✅ PID_P: -0.011554
DATA: dry_enclosure: ✅ PID_I: 175.651535
DATA: dry_enclosure: ✅ PID_D: -0.000001
DATA: dry_enclosure: ✅ PID_P: -0.011554
DATA: dry_enclosure: ✅ PID_I: 175.639984
DATA: dry_enclosure: ✅ PID_D: 0.000000
DATA: dry_enclosure: ✅ Sensor_8: temperature: 25.01 °C | humidity: 23.30 %RH
DATA: dry_enclosure: ✅ PID_P: -0.011868
DATA: dry_enclosure: ✅ PID_I: 175.628113
DATA: dry_enclosure: ✅ PID_D: -0.000315
DATA: dry_enclosure: ✅ PID_P: -0.011868
DATA: dry_enclosure: ✅ PID_I: 175.616241
DATA: dry_enclosure: ✅ PID_D: 0.000000
DATA: dry_enclosure: ✅ Sensor_9: temperature: 25.85 °C | humidity: 22.10 %RH
DATA: dry_enclosure: ✅ PID_P: -0.011868
DATA: dry_enclosure: ✅ PID_I: 175.604370
DATA: dry_enclosure: ✅ PID_D: 0.000000
Loop is running, OTA handle is active...
DATA: dry_enclosure: ✅ PID_P: -0.011868
DATA: dry_enclosure: ✅ PID_I: 175.592499
DATA: dry_enclosure: ✅ PID_D: 0.000000
DATA: dry_enclosure: ✅ Sensor_1: temperature: 25.20 °C | humidity: 24.30 %RH
DATA: dry_enclosure: ✅ PID_P: -0.011973
DATA: dry_enclosure: ✅ PID_I: 175.580521
DATA: dry_enclosure: ✅ PID_D: -0.000105
DATA: dry_enclosure: ✅ PID_P: -0.011973
DATA: dry_enclosure: ✅ PID_I: 175.568542
DATA: dry_enclosure: ✅ PID_D: 0.000000
DATA: dry_enclosure: ✅ Sensor_2: temperature: 26.04 °C | humidity: 23.50 %RH
DATA: dry_enclosure: ✅ PID_P: -0.012078
DATA: dry_enclosure: ✅ PID_I: 175.556458
DATA: dry_enclosure: ✅ PID_D: -0.000105
DATA: dry_enclosure: ✅ PID_P: -0.012078
DATA: dry_enclosure: ✅ PID_I: 175.544373
DATA: dry_enclosure: ✅ PID_D: 0.000000
[ID 3] Error: 0xE2
DATA: dry_enclosure: ✅ PID_P: -0.012078
DATA: dry_enclosure: ✅ PID_I: 175.463196
DATA: dry_enclosure: ✅ PID_D: 0.000000
Loop is running, OTA handle is active...
DATA: dry_enclosure: ✅ PID_P: -0.012078
DATA: dry_enclosure: ✅ PID_I: 175.451111
DATA: dry_enclosure: ✅ PID_D: 0.000000
DATA: dry_enclosure: ✅ PID_P: -0.012078
DATA: dry_enclosure: ✅ PID_I: 175.439026
DATA: dry_enclosure: ✅ PID_D: 0.000000
DATA: dry_enclosure: ✅ Sensor_4: temperature: 24.55 °C | humidity: 24.10 %RH
DATA: dry_enclosure: ✅ PID_P: -0.012602
DATA: dry_enclosure: ✅ PID_I: 175.426422
DATA: dry_enclosure: ✅ PID_D: -0.000523
DATA: dry_enclosure: ✅ PID_P: -0.012602
DATA: dry_enclosure: ✅ PID_I: 175.413818
DATA: dry_enclosure: ✅ PID_D: 0.000000
[ID 5] Error: 0xE2
DATA: dry_enclosure: ✅ PID_P: -0.012602
DATA: dry_enclosure: ✅ PID_I: 175.335068
DATA: dry_enclosure: ✅ PID_D: 0.000000
DATA: dry_enclosure: ✅ Fan_1: 1
DATA: dry_enclosure: ✅ Fan_2: 1
DATA: dry_enclosure: ✅ Fan_3: 1
DATA: dry_enclosure: ✅ Fan_4: 1
DATA: dry_enclosure: ✅ Fan_5: 1
DATA: dry_enclosure: ✅ Fan_6: 1
DATA: dry_enclosure: ✅ Fan_7: 1
DATA: dry_enclosure: ✅ Fan_8: 1
DATA: dry_enclosure: ✅ Fan_9: 1
DATA: dry_enclosure: ✅ Fan_10: 1
DATA: dry_enclosure: ✅ Fan_11: 1
DATA: dry_enclosure: ✅ Fan_12: 1
DATA: dry_enclosure: ✅ Heater_Percent: 0.0 %
DATA: dry_enclosure: ✅ Dehumidifier_Percent: 51.1 %RH
Loop is running, OTA handle is active...
DATA: dry_enclosure: ✅ PID_P: -0.012602
DATA: dry_enclosure: ✅ PID_I: 175.322464
DATA: dry_enclosure: ✅ PID_D: 0.000000
DATA: dry_enclosure: ✅ Sensor_6: temperature: 25.57 °C | humidity: 23.90 %RH
DATA: dry_enclosure: ✅ PID_P: -0.012811
DATA: dry_enclosure: ✅ PID_I: 175.307907
DATA: dry_enclosure: ✅ PID_D: -0.000184
DATA: dry_enclosure: ✅ PID_P: -0.012811
DATA: dry_enclosure: ✅ PID_I: 175.295090
DATA: dry_enclosure: ✅ PID_D: 0.000000
DATA: dry_enclosure: ✅ PID_P: -0.012811
DATA: dry_enclosure: ✅ PID_I: 175.282272
DATA: dry_enclosure: ✅ PID_D: 0.000000
DATA: dry_enclosure: ✅ Sensor_7: temperature: 26.51 °C | humidity: 21.60 %RH
Loop is running, OTA handle is active...
DATA: dry_enclosure: ✅ PID_P: -0.012811
DATA: dry_enclosure: ✅ PID_I: 175.269455
DATA: dry_enclosure: ✅ PID_D: 0.000000
DATA: dry_enclosure: ✅ PID_P: -0.012811
DATA: dry_enclosure: ✅ PID_I: 175.256638
DATA: dry_enclosure: ✅ PID_D: 0.000000
DATA: dry_enclosure: ✅ Sensor_8: temperature: 25.20 °C | humidity: 23.10 %RH
DATA: dry_enclosure: ✅ PID_P: -0.013020
DATA: dry_enclosure: ✅ PID_I: 175.243622
DATA: dry_enclosure: ✅ PID_D: -0.000209
DATA: dry_enclosure: ✅ PID_P: -0.013020
DATA: dry_enclosure: ✅ PID_I: 175.230606
DATA: dry_enclosure: ✅ PID_D: 0.000000
DATA: dry_enclosure: ✅ Sensor_9: temperature: 25.85 °C | humidity: 22.10 %RH
DATA: dry_enclosure: ✅ PID_P: -0.013020
DATA: dry_enclosure: ✅ PID_I: 175.217590
DATA: dry_enclosure: ✅ PID_D: 0.000000
Loop is running, OTA handle is active...
DATA: dry_enclosure: ✅ PID_P: -0.013020
DATA: dry_enclosure: ✅ PID_I: 175.204575
DATA: dry_enclosure: ✅ PID_D: 0.000000
DATA: dry_enclosure: ✅ Sensor_1: temperature: 25.29 °C | humidity: 24.20 %RH
DATA: dry_enclosure: ✅ PID_P: -0.013125
DATA: dry_enclosure: ✅ PID_I: 175.191452
DATA: dry_enclosure: ✅ PID_D: -0.000104
DATA: dry_enclosure: ✅ PID_P: -0.013125
DATA: dry_enclosure: ✅ PID_I: 175.178329
DATA: dry_enclosure: ✅ PID_D: 0.000000
DATA: dry_enclosure: ✅ Sensor_2: temperature: 26.04 °C | humidity: 23.40 %RH
DATA: dry_enclosure: ✅ PID_P: -0.013230
DATA: dry_enclosure: ✅ PID_I: 175.165100
DATA: dry_enclosure: ✅ PID_D: -0.000105
DATA: dry_enclosure: ✅ PID_P: -0.013230
DATA: dry_enclosure: ✅ PID_I: 175.151871
DATA: dry_enclosure: ✅ PID_D: 0.000000
[ID 3] Error: 0xE2
DATA: dry_enclosure: ✅ PID_P: -0.013230
DATA: dry_enclosure: ✅ PID_I: 175.062836
DATA: dry_enclosure: ✅ PID_D: 0.000000
Loop is running, OTA handle is active...
DATA: dry_enclosure: ✅ PID_P: -0.013230
DATA: dry_enclosure: ✅ PID_I: 175.049606
DATA: dry_enclosure: ✅ PID_D: 0.000000
DATA: dry_enclosure: ✅ Sensor_4: temperature: 24.73 °C | humidity: 23.80 %RH
DATA: dry_enclosure: ✅ PID_P: -0.013543
DATA: dry_enclosure: ✅ PID_I: 175.034134
DATA: dry_enclosure: ✅ PID_D: -0.000275
DATA: dry_enclosure: ✅ PID_P: -0.013543
DATA: dry_enclosure: ✅ PID_I: 175.020584
DATA: dry_enclosure: ✅ PID_D: 0.000000
[ID 5] Error: 0xE2
DATA: dry_enclosure: ✅ PID_P: -0.013543
DATA: dry_enclosure: ✅ PID_I: 174.924194
DATA: dry_enclosure: ✅ PID_D: 0.000000
DATA: dry_enclosure: ✅ Fan_1: 1
DATA: dry_enclosure: ✅ Fan_2: 1
DATA: dry_enclosure: ✅ Fan_3: 1
DATA: dry_enclosure: ✅ Fan_4: 1
DATA: dry_enclosure: ✅ Fan_5: 1
DATA: dry_enclosure: ✅ Fan_6: 1
DATA: dry_enclosure: ✅ Fan_7: 1
DATA: dry_enclosure: ✅ Fan_8: 1
DATA: dry_enclosure: ✅ Fan_9: 1
DATA: dry_enclosure: ✅ Fan_10: 1
DATA: dry_enclosure: ✅ Fan_11: 1
DATA: dry_enclosure: ✅ Fan_12: 1
DATA: dry_enclosure: ✅ Heater_Percent: 0.0 %
DATA: dry_enclosure: ✅ Dehumidifier_Percent: 50.9 %RH
Loop is running, OTA handle is active...
DATA: dry_enclosure: ✅ PID_P: -0.013543
DATA: dry_enclosure: ✅ PID_I: 174.910645
DATA: dry_enclosure: ✅ PID_D: 0.000000
DATA: dry_enclosure: ✅ Sensor_6: temperature: 25.67 °C | humidity: 23.80 %RH
DATA: dry_enclosure: ✅ PID_P: -0.013648
DATA: dry_enclosure: ✅ PID_I: 174.894760
DATA: dry_enclosure: ✅ PID_D: -0.000090
DATA: dry_enclosure: ✅ PID_P: -0.013648
DATA: dry_enclosure: ✅ PID_I: 174.881119
DATA: dry_enclosure: ✅ PID_D: 0.000000
DATA: dry_enclosure: ✅ PID_P: -0.013648
DATA: dry_enclosure: ✅ PID_I: 174.867477
DATA: dry_enclosure: ✅ PID_D: 0.000000
DATA: dry_enclosure: ✅ Sensor_7: temperature: 26.51 °C | humidity: 21.60 %RH
Loop is running, OTA handle is active...
DATA: dry_enclosure: ✅ PID_P: -0.013648
DATA: dry_enclosure: ✅ PID_I: 174.853836
DATA: dry_enclosure: ✅ PID_D: 0.000000
DATA: dry_enclosure: ✅ PID_P: -0.013648
DATA: dry_enclosure: ✅ PID_I: 174.840195
DATA: dry_enclosure: ✅ PID_D: 0.000000
DATA: dry_enclosure: ✅ Sensor_8: temperature: 25.29 °C | humidity: 22.90 %RH
DATA: dry_enclosure: ✅ PID_P: -0.013857
DATA: dry_enclosure: ✅ PID_I: 174.826340
DATA: dry_enclosure: ✅ PID_D: -0.000209
DATA: dry_enclosure: ✅ PID_P: -0.013857
DATA: dry_enclosure: ✅ PID_I: 174.812485
DATA: dry_enclosure: ✅ PID_D: 0.000000
DATA: dry_enclosure: ✅ Sensor_9: temperature: 25.85 °C | humidity: 22.00 %RH
DATA: dry_enclosure: ✅ PID_P: -0.013962
DATA: dry_enclosure: ✅ PID_I: 174.798523
DATA: dry_enclosure: ✅ PID_D: -0.000105
Loop is running, OTA handle is active...
DATA: dry_enclosure: ✅ PID_P: -0.013962
DATA: dry_enclosure: ✅ PID_I: 174.784561
DATA: dry_enclosure: ✅ PID_D: 0.000000
DATA: dry_enclosure: ✅ Sensor_1: temperature: 25.39 °C | humidity: 24.10 %RH
DATA: dry_enclosure: ✅ PID_P: -0.014067
DATA: dry_enclosure: ✅ PID_I: 174.770493
DATA: dry_enclosure: ✅ PID_D: -0.000104
DATA: dry_enclosure: ✅ PID_P: -0.014067
DATA: dry_enclosure: ✅ PID_I: 174.756424
DATA: dry_enclosure: ✅ PID_D: 0.000000
DATA: dry_enclosure: ✅ Sensor_2: temperature: 26.13 °C | humidity: 23.40 %RH
DATA: dry_enclosure: ✅ PID_P: -0.014066
DATA: dry_enclosure: ✅ PID_I: 174.742355
DATA: dry_enclosure: ✅ PID_D: 0.000001
DATA: dry_enclosure: ✅ PID_P: -0.014066
DATA: dry_enclosure: ✅ PID_I: 174.728287
DATA: dry_enclosure: ✅ PID_D: 0.000000
[ID 3] Error: 0xE2
DATA: dry_enclosure: ✅ PID_P: -0.014066
DATA: dry_enclosure: ✅ PID_I: 174.633911
DATA: dry_enclosure: ✅ PID_D: 0.000000
Loop is running, OTA handle is active...
DATA: dry_enclosure: ✅ PID_P: -0.014066
DATA: dry_enclosure: ✅ PID_I: 174.619843
DATA: dry_enclosure: ✅ PID_D: 0.000000
DATA: dry_enclosure: ✅ Sensor_4: temperature: 24.92 °C | humidity: 23.50 %RH
DATA: dry_enclosure: ✅ PID_P: -0.014379
DATA: dry_enclosure: ✅ PID_I: 174.603500
DATA: dry_enclosure: ✅ PID_D: -0.000276
DATA: dry_enclosure: ✅ PID_P: -0.014379
DATA: dry_enclosure: ✅ PID_I: 174.589127
DATA: dry_enclosure: ✅ PID_D: 0.000000
[ID 5] Error: 0xE2
DATA: dry_enclosure: ✅ PID_P: -0.014379
DATA: dry_enclosure: ✅ PID_I: 174.486786
DATA: dry_enclosure: ✅ PID_D: 0.000000
DATA: dry_enclosure: ✅ Fan_1: 1
DATA: dry_enclosure: ✅ Fan_2: 1
DATA: dry_enclosure: ✅ Fan_3: 1
DATA: dry_enclosure: ✅ Fan_4: 1
DATA: dry_enclosure: ✅ Fan_5: 1
DATA: dry_enclosure: ✅ Fan_6: 1
DATA: dry_enclosure: ✅ Fan_7: 1
DATA: dry_enclosure: ✅ Fan_8: 1
DATA: dry_enclosure: ✅ Fan_9: 1
DATA: dry_enclosure: ✅ Fan_10: 1
DATA: dry_enclosure: ✅ Fan_11: 1
DATA: dry_enclosure: ✅ Fan_12: 1
DATA: dry_enclosure: ✅ Heater_Percent: 0.0 %
DATA: dry_enclosure: ✅ Dehumidifier_Percent: 50.8 %RH
Loop is running, OTA handle is active...
DATA: dry_enclosure: ✅ PID_P: -0.014379
DATA: dry_enclosure: ✅ PID_I: 174.472412
DATA: dry_enclosure: ✅ PID_D: 0.000000
DATA: dry_enclosure: ✅ Sensor_6: temperature: 25.67 °C | humidity: 23.70 %RH
DATA: dry_enclosure: ✅ PID_P: -0.014484
DATA: dry_enclosure: ✅ PID_I: 174.455811
DATA: dry_enclosure: ✅ PID_D: -0.000092
DATA: dry_enclosure: ✅ PID_P: -0.014484
DATA: dry_enclosure: ✅ PID_I: 174.441330
DATA: dry_enclosure: ✅ PID_D: 0.000000
DATA: dry_enclosure: ✅ Sensor_7: temperature: 26.51 °C | humidity: 21.50 %RH
DATA: dry_enclosure: ✅ PID_P: -0.014589
DATA: dry_enclosure: ✅ PID_I: 174.425064
DATA: dry_enclosure: ✅ PID_D: -0.000094
Loop is running, OTA handle is active...
DATA: dry_enclosure: ✅ PID_P: -0.014589
DATA: dry_enclosure: ✅ PID_I: 174.410477
DATA: dry_enclosure: ✅ PID_D: 0.000000
DATA: dry_enclosure: ✅ Sensor_8: temperature: 25.39 °C | humidity: 22.70 %RH
DATA: dry_enclosure: ✅ PID_P: -0.014799
DATA: dry_enclosure: ✅ PID_I: 174.394196
DATA: dry_enclosure: ✅ PID_D: -0.000190
DATA: dry_enclosure: ✅ PID_P: -0.014799
DATA: dry_enclosure: ✅ PID_I: 174.379395
DATA: dry_enclosure: ✅ PID_D: 0.000000
DATA: dry_enclosure: ✅ Sensor_9: temperature: 25.95 °C | humidity: 22.00 %RH
DATA: dry_enclosure: ✅ PID_P: -0.014798
DATA: dry_enclosure: ✅ PID_I: 174.362549
DATA: dry_enclosure: ✅ PID_D: 0.000001
DATA: dry_enclosure: ✅ PID_P: -0.014798
DATA: dry_enclosure: ✅ PID_I: 174.347748
DATA: dry_enclosure: ✅ PID_D: 0.000000
Loop is running, OTA handle is active...
DATA: dry_enclosure: ✅ Sensor_1: temperature: 25.48 °C | humidity: 23.90 %RH
DATA: dry_enclosure: ✅ PID_P: -0.015007
DATA: dry_enclosure: ✅ PID_I: 174.330917
DATA: dry_enclosure: ✅ PID_D: -0.000187
DATA: dry_enclosure: ✅ PID_P: -0.015007
DATA: dry_enclosure: ✅ PID_I: 174.315903
DATA: dry_enclosure: ✅ PID_D: 0.000000
DATA: dry_enclosure: ✅ Sensor_2: temperature: 26.13 °C | humidity: 23.20 %RH
DATA: dry_enclosure: ✅ PID_P: -0.015217
DATA: dry_enclosure: ✅ PID_I: 174.298264
DATA: dry_enclosure: ✅ PID_D: -0.000181
DATA: dry_enclosure: ✅ PID_P: -0.015217
DATA: dry_enclosure: ✅ PID_I: 174.283051
DATA: dry_enclosure: ✅ PID_D: 0.000000
[ID 3] Error: 0xE2
DATA: dry_enclosure: ✅ PID_P: -0.015217
DATA: dry_enclosure: ✅ PID_I: 174.174759
DATA: dry_enclosure: ✅ PID_D: 0.000000
Loop is running, OTA handle is active...
DATA: dry_enclosure: ✅ PID_P: -0.015217
DATA: dry_enclosure: ✅ PID_I: 174.159546
DATA: dry_enclosure: ✅ PID_D: 0.000000
DATA: dry_enclosure: ✅ Sensor_4: temperature: 25.11 °C | humidity: 23.30 %RH
DATA: dry_enclosure: ✅ PID_P: -0.015426
DATA: dry_enclosure: ✅ PID_I: 174.142410
DATA: dry_enclosure: ✅ PID_D: -0.000188
DATA: dry_enclosure: ✅ PID_P: -0.015426
DATA: dry_enclosure: ✅ PID_I: 174.126984
DATA: dry_enclosure: ✅ PID_D: 0.000000
[ID 5] Error: 0xE2
DATA: dry_enclosure: ✅ PID_P: -0.015426
DATA: dry_enclosure: ✅ PID_I: 174.017197
DATA: dry_enclosure: ✅ PID_D: 0.000000
DATA: dry_enclosure: ✅ Fan_1: 1
DATA: dry_enclosure: ✅ Fan_2: 1
DATA: dry_enclosure: ✅ Fan_3: 1
DATA: dry_enclosure: ✅ Fan_4: 1
DATA: dry_enclosure: ✅ Fan_5: 1
DATA: dry_enclosure: ✅ Fan_6: 1
DATA: dry_enclosure: ✅ Fan_7: 1
DATA: dry_enclosure: ✅ Fan_8: 1
DATA: dry_enclosure: ✅ Fan_9: 1
DATA: dry_enclosure: ✅ Fan_10: 1
DATA: dry_enclosure: ✅ Fan_11: 1
DATA: dry_enclosure: ✅ Fan_12: 1
DATA: dry_enclosure: ✅ Heater_Percent: 0.0 %
DATA: dry_enclosure: ✅ Dehumidifier_Percent: 50.6 %RH
Loop is running, OTA handle is active...
DATA: dry_enclosure: ✅ PID_P: -0.015426
DATA: dry_enclosure: ✅ PID_I: 174.001770
DATA: dry_enclosure: ✅ PID_D: 0.000000
DATA: dry_enclosure: ✅ Sensor_6: temperature: 25.76 °C | humidity: 23.60 %RH
DATA: dry_enclosure: ✅ PID_P: -0.015530
DATA: dry_enclosure: ✅ PID_I: 173.985382
DATA: dry_enclosure: ✅ PID_D: -0.000099
DATA: dry_enclosure: ✅ PID_P: -0.015530
DATA: dry_enclosure: ✅ PID_I: 173.969849
DATA: dry_enclosure: ✅ PID_D: 0.000000
DATA: dry_enclosure: ✅ Sensor_7: temperature: 26.60 °C | humidity: 21.40 %RH
DATA: dry_enclosure: ✅ PID_P: -0.015634
DATA: dry_enclosure: ✅ PID_I: 173.952164
DATA: dry_enclosure: ✅ PID_D: -0.000092
Loop is running, OTA handle is active...
DATA: dry_enclosure: ✅ PID_P: -0.015634
DATA: dry_enclosure: ✅ PID_I: 173.936523
DATA: dry_enclosure: ✅ PID_D: 0.000000
DATA: dry_enclosure: ✅ Sensor_8: temperature: 25.57 °C | humidity: 22.50 %RH
DATA: dry_enclosure: ✅ PID_P: -0.015843
DATA: dry_enclosure: ✅ PID_I: 173.918610
DATA: dry_enclosure: ✅ PID_D: -0.000184
DATA: dry_enclosure: ✅ PID_P: -0.015843
DATA: dry_enclosure: ✅ PID_I: 173.902771
DATA: dry_enclosure: ✅ PID_D: 0.000000
DATA: dry_enclosure: ✅ Sensor_9: temperature: 25.95 °C | humidity: 21.90 %RH
DATA: dry_enclosure: ✅ PID_P: -0.015948
DATA: dry_enclosure: ✅ PID_I: 173.884872
DATA: dry_enclosure: ✅ PID_D: -0.000094
DATA: dry_enclosure: ✅ PID_P: -0.015948
DATA: dry_enclosure: ✅ PID_I: 173.868927
DATA: dry_enclosure: ✅ PID_D: 0.000000
Loop is running, OTA handle is active...
DATA: dry_enclosure: ✅ Sensor_1: temperature: 25.67 °C | humidity: 23.70 %RH
DATA: dry_enclosure: ✅ PID_P: -0.016156
DATA: dry_enclosure: ✅ PID_I: 173.850769
DATA: dry_enclosure: ✅ PID_D: -0.000185
DATA: dry_enclosure: ✅ PID_P: -0.016156
DATA: dry_enclosure: ✅ PID_I: 173.834610
DATA: dry_enclosure: ✅ PID_D: 0.000000
DATA: dry_enclosure: ✅ PID_P: -0.016156
DATA: dry_enclosure: ✅ PID_I: 173.818451
DATA: dry_enclosure: ✅ PID_D: 0.000000
DATA: dry_enclosure: ✅ Sensor_2: temperature: 26.23 °C | humidity: 23.20 %RH
DATA: dry_enclosure: ✅ PID_P: -0.016155
DATA: dry_enclosure: ✅ PID_I: 173.802292
DATA: dry_enclosure: ✅ PID_D: 0.000001
DATA: dry_enclosure: ✅ PID_P: -0.016155
DATA: dry_enclosure: ✅ PID_I: 173.786133
DATA: dry_enclosure: ✅ PID_D: 0.000000
[ID 3] Error: 0xE2
DATA: dry_enclosure: ✅ PID_P: -0.016155
DATA: dry_enclosure: ✅ PID_I: 173.685120
DATA: dry_enclosure: ✅ PID_D: 0.000000
Loop is running, OTA handle is active...
DATA: dry_enclosure: ✅ PID_P: -0.016155
DATA: dry_enclosure: ✅ PID_I: 173.668961
DATA: dry_enclosure: ✅ PID_D: 0.000000
DATA: dry_enclosure: ✅ Sensor_4: temperature: 25.29 °C | humidity: 23.00 %RH
DATA: dry_enclosure: ✅ PID_P: -0.016468
DATA: dry_enclosure: ✅ PID_I: 173.650330
DATA: dry_enclosure: ✅ PID_D: -0.000277
DATA: dry_enclosure: ✅ PID_P: -0.016468
DATA: dry_enclosure: ✅ PID_I: 173.633865
DATA: dry_enclosure: ✅ PID_D: 0.000000
[ID 5] Error: 0xE2
DATA: dry_enclosure: ✅ PID_P: -0.016468
DATA: dry_enclosure: ✅ PID_I: 173.516663
DATA: dry_enclosure: ✅ PID_D: 0.000000
DATA: dry_enclosure: ✅ Fan_1: 1
DATA: dry_enclosure: ✅ Fan_2: 1
DATA: dry_enclosure: ✅ Fan_3: 1
DATA: dry_enclosure: ✅ Fan_4: 1
DATA: dry_enclosure: ✅ Fan_5: 1
DATA: dry_enclosure: ✅ Fan_6: 1
DATA: dry_enclosure: ✅ Fan_7: 1
DATA: dry_enclosure: ✅ Fan_8: 1
DATA: dry_enclosure: ✅ Fan_9: 1
DATA: dry_enclosure: ✅ Fan_10: 1
DATA: dry_enclosure: ✅ Fan_11: 1
DATA: dry_enclosure: ✅ Fan_12: 1
DATA: dry_enclosure: ✅ Heater_Percent: 0.0 %
DATA: dry_enclosure: ✅ Dehumidifier_Percent: 50.4 %RH
Loop is running, OTA handle is active...
DATA: dry_enclosure: ✅ PID_P: -0.016468
DATA: dry_enclosure: ✅ PID_I: 173.500198
DATA: dry_enclosure: ✅ PID_D: 0.000000
DATA: dry_enclosure: ✅ Sensor_6: temperature: 25.85 °C | humidity: 23.50 %RH
DATA: dry_enclosure: ✅ PID_P: -0.016573
DATA: dry_enclosure: ✅ PID_I: 173.481339
DATA: dry_enclosure: ✅ PID_D: -0.000092
DATA: dry_enclosure: ✅ PID_P: -0.016573
DATA: dry_enclosure: ✅ PID_I: 173.464767
DATA: dry_enclosure: ✅ PID_D: 0.000000
DATA: dry_enclosure: ✅ Sensor_7: temperature: 26.60 °C | humidity: 21.40 %RH
DATA: dry_enclosure: ✅ PID_P: -0.016573
DATA: dry_enclosure: ✅ PID_I: 173.445831
DATA: dry_enclosure: ✅ PID_D: 0.000000
Loop is running, OTA handle is active...
DATA: dry_enclosure: ✅ PID_P: -0.016573
DATA: dry_enclosure: ✅ PID_I: 173.429260
DATA: dry_enclosure: ✅ PID_D: 0.000000
DATA: dry_enclosure: ✅ Sensor_8: temperature: 25.67 °C | humidity: 22.40 %RH
DATA: dry_enclosure: ✅ PID_P: -0.016677
DATA: dry_enclosure: ✅ PID_I: 173.411011
DATA: dry_enclosure: ✅ PID_D: -0.000095
DATA: dry_enclosure: ✅ PID_P: -0.016677
DATA: dry_enclosure: ✅ PID_I: 173.394333
DATA: dry_enclosure: ✅ PID_D: 0.000000
DATA: dry_enclosure: ✅ Sensor_9: temperature: 26.04 °C | humidity: 21.80 %RH
DATA: dry_enclosure: ✅ PID_P: -0.016781
DATA: dry_enclosure: ✅ PID_I: 173.375275
DATA: dry_enclosure: ✅ PID_D: -0.000092
DATA: dry_enclosure: ✅ PID_P: -0.016781
DATA: dry_enclosure: ✅ PID_I: 173.358490
DATA: dry_enclosure: ✅ PID_D: 0.000000
Loop is running, OTA handle is active...
DATA: dry_enclosure: ✅ Sensor_1: temperature: 25.76 °C | humidity: 23.60 %RH
DATA: dry_enclosure: ✅ PID_P: -0.016885
DATA: dry_enclosure: ✅ PID_I: 173.339417
DATA: dry_enclosure: ✅ PID_D: -0.000092
DATA: dry_enclosure: ✅ PID_P: -0.016885
DATA: dry_enclosure: ✅ PID_I: 173.322525
DATA: dry_enclosure: ✅ PID_D: 0.000000
DATA: dry_enclosure: ✅ Sensor_2: temperature: 26.32 °C | humidity: 23.00 %RH
DATA: dry_enclosure: ✅ PID_P: -0.017094
DATA: dry_enclosure: ✅ PID_I: 173.303467
DATA: dry_enclosure: ✅ PID_D: -0.000187
DATA: dry_enclosure: ✅ PID_P: -0.017094
DATA: dry_enclosure: ✅ PID_I: 173.286377
DATA: dry_enclosure: ✅ PID_D: 0.000000
DATA: dry_enclosure: ✅ PID_P: -0.017094
DATA: dry_enclosure: ✅ PID_I: 173.269287
DATA: dry_enclosure: ✅ PID_D: 0.000000
[ID 3] Error: 0xE2
DATA: dry_enclosure: ✅ PID_P: -0.017094
DATA: dry_enclosure: ✅ PID_I: 173.164688
DATA: dry_enclosure: ✅ PID_D: 0.000000
Loop is running, OTA handle is active...
DATA: dry_enclosure: ✅ PID_P: -0.017094
DATA: dry_enclosure: ✅ PID_I: 173.147598
DATA: dry_enclosure: ✅ PID_D: 0.000000
DATA: dry_enclosure: ✅ Sensor_4: temperature: 25.48 °C | humidity: 22.80 %RH
DATA: dry_enclosure: ✅ PID_P: -0.017302
DATA: dry_enclosure: ✅ PID_I: 173.127991
DATA: dry_enclosure: ✅ PID_D: -0.000184
DATA: dry_enclosure: ✅ PID_P: -0.017302
DATA: dry_enclosure: ✅ PID_I: 173.110687
DATA: dry_enclosure: ✅ PID_D: 0.000000
[ID 5] Error: 0xE2
DATA: dry_enclosure: ✅ PID_P: -0.017302
DATA: dry_enclosure: ✅ PID_I: 172.987549
DATA: dry_enclosure: ✅ PID_D: 0.000000
DATA: dry_enclosure: ✅ Fan_1: 1
DATA: dry_enclosure: ✅ Fan_2: 1
DATA: dry_enclosure: ✅ Fan_3: 1
DATA: dry_enclosure: ✅ Fan_4: 1
DATA: dry_enclosure: ✅ Fan_5: 1
DATA: dry_enclosure: ✅ Fan_6: 1
DATA: dry_enclosure: ✅ Fan_7: 1
DATA: dry_enclosure: ✅ Fan_8: 1
DATA: dry_enclosure: ✅ Fan_9: 1
DATA: dry_enclosure: ✅ Fan_10: 1
DATA: dry_enclosure: ✅ Fan_11: 1
DATA: dry_enclosure: ✅ Fan_12: 1
DATA: dry_enclosure: ✅ Heater_Percent: 0.0 %
DATA: dry_enclosure: ✅ Dehumidifier_Percent: 50.2 %RH
Loop is running, OTA handle is active...
DATA: dry_enclosure: ✅ PID_P: -0.017302
DATA: dry_enclosure: ✅ PID_I: 172.970245
DATA: dry_enclosure: ✅ PID_D: 0.000000
DATA: dry_enclosure: ✅ PID_P: -0.017302
DATA: dry_enclosure: ✅ PID_I: 172.952942
DATA: dry_enclosure: ✅ PID_D: 0.000000
DATA: dry_enclosure: ✅ Sensor_6: temperature: 25.95 °C | humidity: 23.40 %RH
DATA: dry_enclosure: ✅ PID_P: -0.017406
DATA: dry_enclosure: ✅ PID_I: 172.935532
DATA: dry_enclosure: ✅ PID_D: -0.000104
DATA: dry_enclosure: ✅ PID_P: -0.017406
DATA: dry_enclosure: ✅ PID_I: 172.918121
DATA: dry_enclosure: ✅ PID_D: 0.000000
DATA: dry_enclosure: ✅ Sensor_7: temperature: 26.60 °C | humidity: 21.40 %RH
DATA: dry_enclosure: ✅ PID_P: -0.017406
DATA: dry_enclosure: ✅ PID_I: 172.900711
DATA: dry_enclosure: ✅ PID_D: 0.000000
Loop is running, OTA handle is active...
DATA: dry_enclosure: ✅ PID_P: -0.017406
DATA: dry_enclosure: ✅ PID_I: 172.883301
DATA: dry_enclosure: ✅ PID_D: 0.000000
DATA: dry_enclosure: ✅ Sensor_8: temperature: 25.76 °C | humidity: 22.30 %RH
DATA: dry_enclosure: ✅ PID_P: -0.017510
DATA: dry_enclosure: ✅ PID_I: 172.865784
DATA: dry_enclosure: ✅ PID_D: -0.000104
DATA: dry_enclosure: ✅ PID_P: -0.017510
DATA: dry_enclosure: ✅ PID_I: 172.848267
DATA: dry_enclosure: ✅ PID_D: 0.000000
DATA: dry_enclosure: ✅ Sensor_9: temperature: 26.13 °C | humidity: 21.80 %RH
DATA: dry_enclosure: ✅ PID_P: -0.017510
DATA: dry_enclosure: ✅ PID_I: 172.830750
DATA: dry_enclosure: ✅ PID_D: 0.000001
DATA: dry_enclosure: ✅ PID_P: -0.017510
DATA: dry_enclosure: ✅ PID_I: 172.813232
DATA: dry_enclosure: ✅ PID_D: 0.000000
Loop is running, OTA handle is active...
DATA: dry_enclosure: ✅ Sensor_1: temperature: 25.85 °C | humidity: 23.40 %RH
DATA: dry_enclosure: ✅ PID_P: -0.017718
DATA: dry_enclosure: ✅ PID_I: 172.795517
DATA: dry_enclosure: ✅ PID_D: -0.000209
DATA: dry_enclosure: ✅ PID_P: -0.017718
DATA: dry_enclosure: ✅ PID_I: 172.777802
DATA: dry_enclosure: ✅ PID_D: 0.000000
DATA: dry_enclosure: ✅ Sensor_2: temperature: 26.41 °C | humidity: 22.90 %RH
DATA: dry_enclosure: ✅ PID_P: -0.017823
DATA: dry_enclosure: ✅ PID_I: 172.759979
DATA: dry_enclosure: ✅ PID_D: -0.000104
DATA: dry_enclosure: ✅ PID_P: -0.017823
DATA: dry_enclosure: ✅ PID_I: 172.742157
DATA: dry_enclosure: ✅ PID_D: 0.000000
[ID 3] Error: 0xE2
DATA: dry_enclosure: ✅ PID_P: -0.017823
DATA: dry_enclosure: ✅ PID_I: 172.619431
DATA: dry_enclosure: ✅ PID_D: 0.000000
Loop is running, OTA handle is active...
DATA: dry_enclosure: ✅ PID_P: -0.017823
DATA: dry_enclosure: ✅ PID_I: 172.601608
DATA: dry_enclosure: ✅ PID_D: 0.000000
DATA: dry_enclosure: ✅ Sensor_4: temperature: 25.57 °C | humidity: 22.70 %RH
DATA: dry_enclosure: ✅ PID_P: -0.017927
DATA: dry_enclosure: ✅ PID_I: 172.581497
DATA: dry_enclosure: ✅ PID_D: -0.000093
DATA: dry_enclosure: ✅ PID_P: -0.017927
DATA: dry_enclosure: ✅ PID_I: 172.563568
DATA: dry_enclosure: ✅ PID_D: 0.000000
[ID 5] Error: 0xE2
DATA: dry_enclosure: ✅ PID_P: -0.017927
DATA: dry_enclosure: ✅ PID_I: 172.435989
DATA: dry_enclosure: ✅ PID_D: 0.000000
DATA: dry_enclosure: ✅ Fan_1: 1
DATA: dry_enclosure: ✅ Fan_2: 1
DATA: dry_enclosure: ✅ Fan_3: 1
DATA: dry_enclosure: ✅ Fan_4: 1
DATA: dry_enclosure: ✅ Fan_5: 1
DATA: dry_enclosure: ✅ Fan_6: 1
DATA: dry_enclosure: ✅ Fan_7: 1
DATA: dry_enclosure: ✅ Fan_8: 1
DATA: dry_enclosure: ✅ Fan_9: 1
DATA: dry_enclosure: ✅ Fan_10: 1
DATA: dry_enclosure: ✅ Fan_11: 1
DATA: dry_enclosure: ✅ Fan_12: 1
DATA: dry_enclosure: ✅ Heater_Percent: 0.0 %
DATA: dry_enclosure: ✅ Dehumidifier_Percent: 50.0 %RH
Loop is running, OTA handle is active...
DATA: dry_enclosure: ✅ PID_P: -0.017927
DATA: dry_enclosure: ✅ PID_I: 172.418060
DATA: dry_enclosure: ✅ PID_D: 0.000000
DATA: dry_enclosure: ✅ Sensor_6: temperature: 26.04 °C | humidity: 23.30 %RH
DATA: dry_enclosure: ✅ PID_P: -0.018031
DATA: dry_enclosure: ✅ PID_I: 172.397415
DATA: dry_enclosure: ✅ PID_D: -0.000091
DATA: dry_enclosure: ✅ PID_P: -0.018031
DATA: dry_enclosure: ✅ PID_I: 172.379379
DATA: dry_enclosure: ✅ PID_D: 0.000000
DATA: dry_enclosure: ✅ Sensor_7: temperature: 26.69 °C | humidity: 21.20 %RH
DATA: dry_enclosure: ✅ PID_P: -0.018239
DATA: dry_enclosure: ✅ PID_I: 172.358749
DATA: dry_enclosure: ✅ PID_D: -0.000185
Loop is running, OTA handle is active...
DATA: dry_enclosure: ✅ PID_P: -0.018239
DATA: dry_enclosure: ✅ PID_I: 172.340515
DATA: dry_enclosure: ✅ PID_D: 0.000000
DATA: dry_enclosure: ✅ Sensor_8: temperature: 25.85 °C | humidity: 22.10 %RH
DATA: dry_enclosure: ✅ PID_P: -0.018448
DATA: dry_enclosure: ✅ PID_I: 172.320297
DATA: dry_enclosure: ✅ PID_D: -0.000191
DATA: dry_enclosure: ✅ PID_P: -0.018448
DATA: dry_enclosure: ✅ PID_I: 172.301849
DATA: dry_enclosure: ✅ PID_D: 0.000000
DATA: dry_enclosure: ✅ Sensor_9: temperature: 26.13 °C | humidity: 21.70 %RH
DATA: dry_enclosure: ✅ PID_P: -0.018553
DATA: dry_enclosure: ✅ PID_I: 172.280807
DATA: dry_enclosure: ✅ PID_D: -0.000092
DATA: dry_enclosure: ✅ PID_P: -0.018553
DATA: dry_enclosure: ✅ PID_I: 172.262253
DATA: dry_enclosure: ✅ PID_D: 0.000000
Loop is running, OTA handle is active...
DATA: dry_enclosure: ✅ Sensor_1: temperature: 25.95 °C | humidity: 23.30 %RH
DATA: dry_enclosure: ✅ PID_P: -0.018657
DATA: dry_enclosure: ✅ PID_I: 172.241241
DATA: dry_enclosure: ✅ PID_D: -0.000092
DATA: dry_enclosure: ✅ PID_P: -0.018657
DATA: dry_enclosure: ✅ PID_I: 172.222580
DATA: dry_enclosure: ✅ PID_D: 0.000000
DATA: dry_enclosure: ✅ Sensor_2: temperature: 26.51 °C | humidity: 22.80 %RH
DATA: dry_enclosure: ✅ PID_P: -0.018761
DATA: dry_enclosure: ✅ PID_I: 172.201080
DATA: dry_enclosure: ✅ PID_D: -0.000091
DATA: dry_enclosure: ✅ PID_P: -0.018761
DATA: dry_enclosure: ✅ PID_I: 172.182312
DATA: dry_enclosure: ✅ PID_D: 0.000000
[ID 3] Error: 0xE2
DATA: dry_enclosure: ✅ PID_P: -0.018761
DATA: dry_enclosure: ✅ PID_I: 172.048782
DATA: dry_enclosure: ✅ PID_D: 0.000000
Loop is running, OTA handle is active...
DATA: dry_enclosure: ✅ PID_P: -0.018761
DATA: dry_enclosure: ✅ PID_I: 172.030014
DATA: dry_enclosure: ✅ PID_D: 0.000000
DATA: dry_enclosure: ✅ Sensor_4: temperature: 25.67 °C | humidity: 22.60 %RH
DATA: dry_enclosure: ✅ PID_P: -0.018865
DATA: dry_enclosure: ✅ PID_I: 172.008865
DATA: dry_enclosure: ✅ PID_D: -0.000093
DATA: dry_enclosure: ✅ PID_P: -0.018865
DATA: dry_enclosure: ✅ PID_I: 171.990005
DATA: dry_enclosure: ✅ PID_D: 0.000000
[ID 5] Error: 0xE2
DATA: dry_enclosure: ✅ PID_P: -0.018865
DATA: dry_enclosure: ✅ PID_I: 171.855743
DATA: dry_enclosure: ✅ PID_D: 0.000000
DATA: dry_enclosure: ✅ Fan_1: 1
DATA: dry_enclosure: ✅ Fan_2: 1
DATA: dry_enclosure: ✅ Fan_3: 1
DATA: dry_enclosure: ✅ Fan_4: 1
DATA: dry_enclosure: ✅ Fan_5: 1
DATA: dry_enclosure: ✅ Fan_6: 1
DATA: dry_enclosure: ✅ Fan_7: 1
DATA: dry_enclosure: ✅ Fan_8: 1
DATA: dry_enclosure: ✅ Fan_9: 1
DATA: dry_enclosure: ✅ Fan_10: 1
DATA: dry_enclosure: ✅ Fan_11: 1
DATA: dry_enclosure: ✅ Fan_12: 1
DATA: dry_enclosure: ✅ Heater_Percent: 0.0 %
DATA: dry_enclosure: ✅ Dehumidifier_Percent: 49.8 %RH
Loop is running, OTA handle is active...
DATA: dry_enclosure: ✅ PID_P: -0.018865
DATA: dry_enclosure: ✅ PID_I: 171.836884
DATA: dry_enclosure: ✅ PID_D: 0.000000
DATA: dry_enclosure: ✅ Sensor_6: temperature: 26.13 °C | humidity: 23.20 %RH
DATA: dry_enclosure: ✅ PID_P: -0.018969
DATA: dry_enclosure: ✅ PID_I: 171.814941
DATA: dry_enclosure: ✅ PID_D: -0.000090
DATA: dry_enclosure: ✅ PID_P: -0.018969
DATA: dry_enclosure: ✅ PID_I: 171.795975
DATA: dry_enclosure: ✅ PID_D: 0.000000
DATA: dry_enclosure: ✅ Sensor_7: temperature: 26.79 °C | humidity: 21.20 %RH
DATA: dry_enclosure: ✅ PID_P: -0.018968
DATA: dry_enclosure: ✅ PID_I: 171.774887
DATA: dry_enclosure: ✅ PID_D: 0.000001
Loop is running, OTA handle is active...
DATA: dry_enclosure: ✅ PID_P: -0.018968
DATA: dry_enclosure: ✅ PID_I: 171.755920
DATA: dry_enclosure: ✅ PID_D: 0.000000
DATA: dry_enclosure: ✅ Sensor_8: temperature: 25.85 °C | humidity: 22.00 %RH
DATA: dry_enclosure: ✅ PID_P: -0.019073
DATA: dry_enclosure: ✅ PID_I: 171.735016
DATA: dry_enclosure: ✅ PID_D: -0.000096
DATA: dry_enclosure: ✅ PID_P: -0.019073
DATA: dry_enclosure: ✅ PID_I: 171.715942
DATA: dry_enclosure: ✅ PID_D: 0.000000
DATA: dry_enclosure: ✅ Sensor_9: temperature: 26.13 °C | humidity: 21.60 %RH
DATA: dry_enclosure: ✅ PID_P: -0.019178
DATA: dry_enclosure: ✅ PID_I: 171.694580
DATA: dry_enclosure: ✅ PID_D: -0.000094
DATA: dry_enclosure: ✅ PID_P: -0.019178
DATA: dry_enclosure: ✅ PID_I: 171.675400
DATA: dry_enclosure: ✅ PID_D: 0.000000
Loop is running, OTA handle is active...
DATA: dry_enclosure: ✅ Sensor_1: temperature: 26.04 °C | humidity: 23.20 %RH
DATA: dry_enclosure: ✅ PID_P: -0.019282
DATA: dry_enclosure: ✅ PID_I: 171.653839
DATA: dry_enclosure: ✅ PID_D: -0.000093
DATA: dry_enclosure: ✅ PID_P: -0.019282
DATA: dry_enclosure: ✅ PID_I: 171.634552
DATA: dry_enclosure: ✅ PID_D: 0.000000
DATA: dry_enclosure: ✅ Sensor_2: temperature: 26.60 °C | humidity: 22.70 %RH
DATA: dry_enclosure: ✅ PID_P: -0.019386
DATA: dry_enclosure: ✅ PID_I: 171.612381
DATA: dry_enclosure: ✅ PID_D: -0.000091
DATA: dry_enclosure: ✅ PID_P: -0.019386
DATA: dry_enclosure: ✅ PID_I: 171.593002
DATA: dry_enclosure: ✅ PID_D: 0.000000
[ID 3] Error: 0xE2
DATA: dry_enclosure: ✅ PID_P: -0.019386
DATA: dry_enclosure: ✅ PID_I: 171.455032
DATA: dry_enclosure: ✅ PID_D: 0.000000
Loop is running, OTA handle is active...
DATA: dry_enclosure: ✅ PID_P: -0.019386
DATA: dry_enclosure: ✅ PID_I: 171.435654
DATA: dry_enclosure: ✅ PID_D: 0.000000
DATA: dry_enclosure: ✅ Sensor_4: temperature: 25.76 °C | humidity: 22.40 %RH
DATA: dry_enclosure: ✅ PID_P: -0.019594
DATA: dry_enclosure: ✅ PID_I: 171.413773
DATA: dry_enclosure: ✅ PID_D: -0.000187
DATA: dry_enclosure: ✅ PID_P: -0.019594
DATA: dry_enclosure: ✅ PID_I: 171.394180
DATA: dry_enclosure: ✅ PID_D: 0.000000
[ID 5] Error: 0xE2
DATA: dry_enclosure: ✅ PID_P: -0.019594
DATA: dry_enclosure: ✅ PID_I: 171.254730
DATA: dry_enclosure: ✅ PID_D: 0.000000
DATA: dry_enclosure: ✅ Fan_1: 1
DATA: dry_enclosure: ✅ Fan_2: 1
DATA: dry_enclosure: ✅ Fan_3: 1
DATA: dry_enclosure: ✅ Fan_4: 1
DATA: dry_enclosure: ✅ Fan_5: 1
DATA: dry_enclosure: ✅ Fan_6: 1
DATA: dry_enclosure: ✅ Fan_7: 1
DATA: dry_enclosure: ✅ Fan_8: 1
DATA: dry_enclosure: ✅ Fan_9: 1
DATA: dry_enclosure: ✅ Fan_10: 1
DATA: dry_enclosure: ✅ Fan_11: 1
DATA: dry_enclosure: ✅ Fan_12: 1
DATA: dry_enclosure: ✅ Heater_Percent: 0.0 %
DATA: dry_enclosure: ✅ Dehumidifier_Percent: 49.6 %RH
Loop is running, OTA handle is active...
DATA: dry_enclosure: ✅ PID_P: -0.019594
DATA: dry_enclosure: ✅ PID_I: 171.235138
DATA: dry_enclosure: ✅ PID_D: 0.000000
DATA: dry_enclosure: ✅ Sensor_6: temperature: 26.13 °C | humidity: 23.10 %RH
DATA: dry_enclosure: ✅ PID_P: -0.019699
DATA: dry_enclosure: ✅ PID_I: 171.212646
DATA: dry_enclosure: ✅ PID_D: -0.000092
DATA: dry_enclosure: ✅ PID_P: -0.019699
DATA: dry_enclosure: ✅ PID_I: 171.192947
DATA: dry_enclosure: ✅ PID_D: 0.000000
DATA: dry_enclosure: ✅ Sensor_7: temperature: 26.79 °C | humidity: 21.10 %RH
DATA: dry_enclosure: ✅ PID_P: -0.019804
DATA: dry_enclosure: ✅ PID_I: 171.170624
DATA: dry_enclosure: ✅ PID_D: -0.000093
Loop is running, OTA handle is active...
DATA: dry_enclosure: ✅ PID_P: -0.019804
DATA: dry_enclosure: ✅ PID_I: 171.150818
DATA: dry_enclosure: ✅ PID_D: 0.000000
DATA: dry_enclosure: ✅ PID_P: -0.019804
DATA: dry_enclosure: ✅ PID_I: 171.131012
DATA: dry_enclosure: ✅ PID_D: 0.000000
DATA: dry_enclosure: ✅ Sensor_8: temperature: 25.95 °C | humidity: 22.00 %RH
DATA: dry_enclosure: ✅ PID_P: -0.019803
DATA: dry_enclosure: ✅ PID_I: 171.111206
DATA: dry_enclosure: ✅ PID_D: 0.000001
DATA: dry_enclosure: ✅ PID_P: -0.019803
DATA: dry_enclosure: ✅ PID_I: 171.091400
DATA: dry_enclosure: ✅ PID_D: 0.000000
DATA: dry_enclosure: ✅ Sensor_9: temperature: 26.23 °C | humidity: 21.50 %RH
DATA: dry_enclosure: ✅ PID_P: -0.019907
DATA: dry_enclosure: ✅ PID_I: 171.071487
DATA: dry_enclosure: ✅ PID_D: -0.000104
Loop is running, OTA handle is active...
DATA: dry_enclosure: ✅ PID_P: -0.019907
DATA: dry_enclosure: ✅ PID_I: 171.051575
DATA: dry_enclosure: ✅ PID_D: 0.000000
DATA: dry_enclosure: ✅ Sensor_1: temperature: 26.13 °C | humidity: 23.10 %RH
DATA: dry_enclosure: ✅ PID_P: -0.020011
DATA: dry_enclosure: ✅ PID_I: 171.031570
DATA: dry_enclosure: ✅ PID_D: -0.000104
DATA: dry_enclosure: ✅ PID_P: -0.020011
DATA: dry_enclosure: ✅ PID_I: 171.011566
DATA: dry_enclosure: ✅ PID_D: 0.000000
DATA: dry_enclosure: ✅ Sensor_2: temperature: 26.60 °C | humidity: 22.60 %RH
DATA: dry_enclosure: ✅ PID_P: -0.020116
DATA: dry_enclosure: ✅ PID_I: 170.991455
DATA: dry_enclosure: ✅ PID_D: -0.000105
DATA: dry_enclosure: ✅ PID_P: -0.020116
DATA: dry_enclosure: ✅ PID_I: 170.971344
DATA: dry_enclosure: ✅ PID_D: 0.000000
[ID 3] Error: 0xE2
DATA: dry_enclosure: ✅ PID_P: -0.020116
DATA: dry_enclosure: ✅ PID_I: 170.837936
DATA: dry_enclosure: ✅ PID_D: 0.000000
Loop is running, OTA handle is active...
DATA: dry_enclosure: ✅ PID_P: -0.020116
DATA: dry_enclosure: ✅ PID_I: 170.817825
DATA: dry_enclosure: ✅ PID_D: 0.000000
DATA: dry_enclosure: ✅ Sensor_4: temperature: 25.85 °C | humidity: 22.30 %RH
DATA: dry_enclosure: ✅ PID_P: -0.020219
DATA: dry_enclosure: ✅ PID_I: 170.795334
DATA: dry_enclosure: ✅ PID_D: -0.000093
DATA: dry_enclosure: ✅ PID_P: -0.020219
DATA: dry_enclosure: ✅ PID_I: 170.775116
DATA: dry_enclosure: ✅ PID_D: 0.000000
[ID 5] Error: 0xE2
DATA: dry_enclosure: ✅ PID_P: -0.020219
DATA: dry_enclosure: ✅ PID_I: 170.631210
DATA: dry_enclosure: ✅ PID_D: 0.000000
DATA: dry_enclosure: ✅ Fan_1: 1
DATA: dry_enclosure: ✅ Fan_2: 1
DATA: dry_enclosure: ✅ Fan_3: 1
DATA: dry_enclosure: ✅ Fan_4: 1
DATA: dry_enclosure: ✅ Fan_5: 1
DATA: dry_enclosure: ✅ Fan_6: 1
DATA: dry_enclosure: ✅ Fan_7: 1
DATA: dry_enclosure: ✅ Fan_8: 1
DATA: dry_enclosure: ✅ Fan_9: 1
DATA: dry_enclosure: ✅ Fan_10: 1
DATA: dry_enclosure: ✅ Fan_11: 1
DATA: dry_enclosure: ✅ Fan_12: 1
DATA: dry_enclosure: ✅ Heater_Percent: 0.0 %
DATA: dry_enclosure: ✅ Dehumidifier_Percent: 49.4 %RH
Loop is running, OTA handle is active...
DATA: dry_enclosure: ✅ PID_P: -0.020219
DATA: dry_enclosure: ✅ PID_I: 170.610992
DATA: dry_enclosure: ✅ PID_D: 0.000000
DATA: dry_enclosure: ✅ PID_P: -0.020219
DATA: dry_enclosure: ✅ PID_I: 170.590775
DATA: dry_enclosure: ✅ PID_D: 0.000000
DATA: dry_enclosure: ✅ Sensor_6: temperature: 26.23 °C | humidity: 23.00 %RH
DATA: dry_enclosure: ✅ PID_P: -0.020323
DATA: dry_enclosure: ✅ PID_I: 170.570450
DATA: dry_enclosure: ✅ PID_D: -0.000104
DATA: dry_enclosure: ✅ PID_P: -0.020323
DATA: dry_enclosure: ✅ PID_I: 170.550125
DATA: dry_enclosure: ✅ PID_D: 0.000000
DATA: dry_enclosure: ✅ Sensor_7: temperature: 26.79 °C | humidity: 21.10 %RH
DATA: dry_enclosure: ✅ PID_P: -0.020323
DATA: dry_enclosure: ✅ PID_I: 170.529800
DATA: dry_enclosure: ✅ PID_D: 0.000000
Loop is running, OTA handle is active...
DATA: dry_enclosure: ✅ PID_P: -0.020323
DATA: dry_enclosure: ✅ PID_I: 170.509476
DATA: dry_enclosure: ✅ PID_D: 0.000000
DATA: dry_enclosure: ✅ Sensor_8: temperature: 26.04 °C | humidity: 21.90 %RH
DATA: dry_enclosure: ✅ PID_P: -0.020427
DATA: dry_enclosure: ✅ PID_I: 170.489044
DATA: dry_enclosure: ✅ PID_D: -0.000104
DATA: dry_enclosure: ✅ PID_P: -0.020427
DATA: dry_enclosure: ✅ PID_I: 170.468613
DATA: dry_enclosure: ✅ PID_D: 0.000000
DATA: dry_enclosure: ✅ Sensor_9: temperature: 26.32 °C | humidity: 21.40 %RH
DATA: dry_enclosure: ✅ PID_P: -0.020531
DATA: dry_enclosure: ✅ PID_I: 170.448074
DATA: dry_enclosure: ✅ PID_D: -0.000104
DATA: dry_enclosure: ✅ PID_P: -0.020531
DATA: dry_enclosure: ✅ PID_I: 170.427536
DATA: dry_enclosure: ✅ PID_D: 0.000000
Loop is running, OTA handle is active...
DATA: dry_enclosure: ✅ Sensor_1: temperature: 26.13 °C | humidity: 23.00 %RH
DATA: dry_enclosure: ✅ PID_P: -0.020636
DATA: dry_enclosure: ✅ PID_I: 170.406906
DATA: dry_enclosure: ✅ PID_D: -0.000105
DATA: dry_enclosure: ✅ PID_P: -0.020636
DATA: dry_enclosure: ✅ PID_I: 170.386276
DATA: dry_enclosure: ✅ PID_D: 0.000000
DATA: dry_enclosure: ✅ Sensor_2: temperature: 26.69 °C | humidity: 22.50 %RH
DATA: dry_enclosure: ✅ PID_P: -0.020739
DATA: dry_enclosure: ✅ PID_I: 170.365540
DATA: dry_enclosure: ✅ PID_D: -0.000104
DATA: dry_enclosure: ✅ PID_P: -0.020739
DATA: dry_enclosure: ✅ PID_I: 170.344803
DATA: dry_enclosure: ✅ PID_D: 0.000000
[ID 3] Error: 0xE2
DATA: dry_enclosure: ✅ PID_P: -0.020739
DATA: dry_enclosure: ✅ PID_I: 170.201675
DATA: dry_enclosure: ✅ PID_D: 0.000000
Loop is running, OTA handle is active...
DATA: dry_enclosure: ✅ PID_P: -0.020739
DATA: dry_enclosure: ✅ PID_I: 170.180939
DATA: dry_enclosure: ✅ PID_D: 0.000000
DATA: dry_enclosure: ✅ PID_P: -0.020739
DATA: dry_enclosure: ✅ PID_I: 170.160202
DATA: dry_enclosure: ✅ PID_D: 0.000000
DATA: dry_enclosure: ✅ Sensor_4: temperature: 25.95 °C | humidity: 22.20 %RH
DATA: dry_enclosure: ✅ PID_P: -0.020843
DATA: dry_enclosure: ✅ PID_I: 170.139359
DATA: dry_enclosure: ✅ PID_D: -0.000104
DATA: dry_enclosure: ✅ PID_P: -0.020843
DATA: dry_enclosure: ✅ PID_I: 170.118515
DATA: dry_enclosure: ✅ PID_D: 0.000000
[ID 5] Error: 0xE2
DATA: dry_enclosure: ✅ PID_P: -0.020843
DATA: dry_enclosure: ✅ PID_I: 169.988770
DATA: dry_enclosure: ✅ PID_D: 0.000000
DATA: dry_enclosure: ✅ Fan_1: 1
DATA: dry_enclosure: ✅ Fan_2: 1
DATA: dry_enclosure: ✅ Fan_3: 1
DATA: dry_enclosure: ✅ Fan_4: 1
DATA: dry_enclosure: ✅ Fan_5: 1
DATA: dry_enclosure: ✅ Fan_6: 1
DATA: dry_enclosure: ✅ Fan_7: 1
DATA: dry_enclosure: ✅ Fan_8: 1
DATA: dry_enclosure: ✅ Fan_9: 1
DATA: dry_enclosure: ✅ Fan_10: 1
DATA: dry_enclosure: ✅ Fan_11: 1
DATA: dry_enclosure: ✅ Fan_12: 1
DATA: dry_enclosure: ✅ Heater_Percent: 0.0 %
DATA: dry_enclosure: ✅ Dehumidifier_Percent: 49.2 %RH
Loop is running, OTA handle is active...
DATA: dry_enclosure: ✅ PID_P: -0.020843
DATA: dry_enclosure: ✅ PID_I: 169.967926
DATA: dry_enclosure: ✅ PID_D: 0.000000
DATA: dry_enclosure: ✅ Sensor_6: temperature: 26.32 °C | humidity: 22.90 %RH
DATA: dry_enclosure: ✅ PID_P: -0.020947
DATA: dry_enclosure: ✅ PID_I: 169.944031
DATA: dry_enclosure: ✅ PID_D: -0.000091
DATA: dry_enclosure: ✅ PID_P: -0.020947
DATA: dry_enclosure: ✅ PID_I: 169.923080
DATA: dry_enclosure: ✅ PID_D: 0.000000
DATA: dry_enclosure: ✅ Sensor_7: temperature: 26.88 °C | humidity: 21.00 %RH
DATA: dry_enclosure: ✅ PID_P: -0.021051
DATA: dry_enclosure: ✅ PID_I: 169.899292
DATA: dry_enclosure: ✅ PID_D: -0.000092
Loop is running, OTA handle is active...
DATA: dry_enclosure: ✅ PID_P: -0.021051
DATA: dry_enclosure: ✅ PID_I: 169.878235
DATA: dry_enclosure: ✅ PID_D: 0.000000
DATA: dry_enclosure: ✅ Sensor_8: temperature: 26.13 °C | humidity: 21.80 %RH
DATA: dry_enclosure: ✅ PID_P: -0.021155
DATA: dry_enclosure: ✅ PID_I: 169.854416
DATA: dry_enclosure: ✅ PID_D: -0.000092
DATA: dry_enclosure: ✅ PID_P: -0.021155
DATA: dry_enclosure: ✅ PID_I: 169.833267
DATA: dry_enclosure: ✅ PID_D: 0.000000
DATA: dry_enclosure: ✅ Sensor_9: temperature: 26.32 °C | humidity: 21.40 %RH
DATA: dry_enclosure: ✅ PID_P: -0.021155
DATA: dry_enclosure: ✅ PID_I: 169.809662
DATA: dry_enclosure: ✅ PID_D: 0.000000
DATA: dry_enclosure: ✅ PID_P: -0.021155
DATA: dry_enclosure: ✅ PID_I: 169.788513
DATA: dry_enclosure: ✅ PID_D: 0.000000
Loop is running, OTA handle is active...
DATA: dry_enclosure: ✅ PID_P: -0.021155
DATA: dry_enclosure: ✅ PID_I: 169.767365
DATA: dry_enclosure: ✅ PID_D: 0.000000
DATA: dry_enclosure: ✅ Sensor_1: temperature: 26.23 °C | humidity: 22.90 %RH
DATA: dry_enclosure: ✅ PID_P: -0.021258
DATA: dry_enclosure: ✅ PID_I: 169.746109
DATA: dry_enclosure: ✅ PID_D: -0.000104
DATA: dry_enclosure: ✅ PID_P: -0.021258
DATA: dry_enclosure: ✅ PID_I: 169.724854
DATA: dry_enclosure: ✅ PID_D: 0.000000
DATA: dry_enclosure: ✅ Sensor_2: temperature: 26.79 °C | humidity: 22.50 %RH
DATA: dry_enclosure: ✅ PID_P: -0.021258
DATA: dry_enclosure: ✅ PID_I: 169.703598
DATA: dry_enclosure: ✅ PID_D: 0.000001
DATA: dry_enclosure: ✅ PID_P: -0.021258
DATA: dry_enclosure: ✅ PID_I: 169.682343
DATA: dry_enclosure: ✅ PID_D: 0.000000
[ID 3] Error: 0xE2
DATA: dry_enclosure: ✅ PID_P: -0.021258
DATA: dry_enclosure: ✅ PID_I: 169.546463
DATA: dry_enclosure: ✅ PID_D: 0.000000
Loop is running, OTA handle is active...
DATA: dry_enclosure: ✅ PID_P: -0.021258
DATA: dry_enclosure: ✅ PID_I: 169.525208
DATA: dry_enclosure: ✅ PID_D: 0.000000
DATA: dry_enclosure: ✅ Sensor_4: temperature: 26.04 °C | humidity: 22.10 %RH
DATA: dry_enclosure: ✅ PID_P: -0.021361
DATA: dry_enclosure: ✅ PID_I: 169.501617
DATA: dry_enclosure: ✅ PID_D: -0.000094
DATA: dry_enclosure: ✅ PID_P: -0.021361
DATA: dry_enclosure: ✅ PID_I: 169.480255
DATA: dry_enclosure: ✅ PID_D: 0.000000
[ID 5] Error: 0xE2
DATA: dry_enclosure: ✅ PID_P: -0.021361
DATA: dry_enclosure: ✅ PID_I: 169.328232
DATA: dry_enclosure: ✅ PID_D: 0.000000
DATA: dry_enclosure: ✅ Fan_1: 1
DATA: dry_enclosure: ✅ Fan_2: 1
DATA: dry_enclosure: ✅ Fan_3: 1
DATA: dry_enclosure: ✅ Fan_4: 1
DATA: dry_enclosure: ✅ Fan_5: 1
DATA: dry_enclosure: ✅ Fan_6: 1
DATA: dry_enclosure: ✅ Fan_7: 1
DATA: dry_enclosure: ✅ Fan_8: 1
DATA: dry_enclosure: ✅ Fan_9: 1
DATA: dry_enclosure: ✅ Fan_10: 1
DATA: dry_enclosure: ✅ Fan_11: 1
DATA: dry_enclosure: ✅ Fan_12: 1
DATA: dry_enclosure: ✅ Heater_Percent: 0.0 %
DATA: dry_enclosure: ✅ Dehumidifier_Percent: 45.4 %RH
Loop is running, OTA handle is active...
DATA: dry_enclosure: ✅ PID_P: -0.021361
DATA: dry_enclosure: ✅ PID_I: 169.306870
DATA: dry_enclosure: ✅ PID_D: 0.000000
DATA: dry_enclosure: ✅ Sensor_6: temperature: 26.41 °C | humidity: 22.80 %RH
DATA: dry_enclosure: ✅ PID_P: -0.021465
DATA: dry_enclosure: ✅ PID_I: 169.281952
DATA: dry_enclosure: ✅ PID_D: -0.000089
DATA: dry_enclosure: ✅ PID_P: -0.021465
DATA: dry_enclosure: ✅ PID_I: 169.260483
DATA: dry_enclosure: ✅ PID_D: 0.000000
DATA: dry_enclosure: ✅ Sensor_7: temperature: 26.97 °C | humidity: 21.00 %RH
DATA: dry_enclosure: ✅ PID_P: -0.021464
DATA: dry_enclosure: ✅ PID_I: 169.236740
DATA: dry_enclosure: ✅ PID_D: 0.000001
Loop is running, OTA handle is active...
DATA: dry_enclosure: ✅ PID_P: -0.021464
DATA: dry_enclosure: ✅ PID_I: 169.215271
DATA: dry_enclosure: ✅ PID_D: 0.000000
DATA: dry_enclosure: ✅ Sensor_8: temperature: 26.13 °C | humidity: 21.70 %RH
DATA: dry_enclosure: ✅ PID_P: -0.021569
DATA: dry_enclosure: ✅ PID_I: 169.191010
DATA: dry_enclosure: ✅ PID_D: -0.000093
DATA: dry_enclosure: ✅ PID_P: -0.021569
DATA: dry_enclosure: ✅ PID_I: 169.169434
DATA: dry_enclosure: ✅ PID_D: 0.000000
DATA: dry_enclosure: ✅ Sensor_9: temperature: 26.41 °C | humidity: 21.40 %RH
DATA: dry_enclosure: ✅ PID_P: -0.021568
DATA: dry_enclosure: ✅ PID_I: 169.144958
DATA: dry_enclosure: ✅ PID_D: 0.000001
DATA: dry_enclosure: ✅ PID_P: -0.021568
DATA: dry_enclosure: ✅ PID_I: 169.123398
DATA: dry_enclosure: ✅ PID_D: 0.000000
Loop is running, OTA handle is active...
DATA: dry_enclosure: ✅ Sensor_1: temperature: 26.32 °C | humidity: 22.90 %RH
DATA: dry_enclosure: ✅ PID_P: -0.021567
DATA: dry_enclosure: ✅ PID_I: 169.099258
DATA: dry_enclosure: ✅ PID_D: 0.000001
DATA: dry_enclosure: ✅ PID_P: -0.021567
DATA: dry_enclosure: ✅ PID_I: 169.077698
DATA: dry_enclosure: ✅ PID_D: 0.000000
DATA: dry_enclosure: ✅ PID_P: -0.021567
DATA: dry_enclosure: ✅ PID_I: 169.056137
DATA: dry_enclosure: ✅ PID_D: 0.000000
DATA: dry_enclosure: ✅ Sensor_2: temperature: 26.88 °C | humidity: 22.40 %RH
DATA: dry_enclosure: ✅ PID_P: -0.021671
DATA: dry_enclosure: ✅ PID_I: 169.034470
DATA: dry_enclosure: ✅ PID_D: -0.000104
DATA: dry_enclosure: ✅ PID_P: -0.021671
DATA: dry_enclosure: ✅ PID_I: 169.012802
DATA: dry_enclosure: ✅ PID_D: 0.000000
[ID 3] Error: 0xE2
DATA: dry_enclosure: ✅ PID_P: -0.021671
DATA: dry_enclosure: ✅ PID_I: 168.877075
DATA: dry_enclosure: ✅ PID_D: 0.000000
Loop is running, OTA handle is active...
DATA: dry_enclosure: ✅ PID_P: -0.021671
DATA: dry_enclosure: ✅ PID_I: 168.855408
DATA: dry_enclosure: ✅ PID_D: 0.000000
DATA: dry_enclosure: ✅ Sensor_4: temperature: 26.04 °C | humidity: 22.10 %RH
DATA: dry_enclosure: ✅ PID_P: -0.021671
DATA: dry_enclosure: ✅ PID_I: 168.830536
DATA: dry_enclosure: ✅ PID_D: 0.000000
DATA: dry_enclosure: ✅ PID_P: -0.021671
DATA: dry_enclosure: ✅ PID_I: 168.808868
DATA: dry_enclosure: ✅ PID_D: 0.000000
DATA: dry_enclosure: ✅ PID_P: -0.021671
DATA: dry_enclosure: ✅ PID_I: 168.787201
DATA: dry_enclosure: ✅ PID_D: 0.000000
[ID 5] Error: 0xE2
DATA: dry_enclosure: ✅ PID_P: -0.021671
DATA: dry_enclosure: ✅ PID_I: 168.654602
DATA: dry_enclosure: ✅ PID_D: 0.000000
DATA: dry_enclosure: ✅ Fan_1: 1
DATA: dry_enclosure: ✅ Fan_2: 1
DATA: dry_enclosure: ✅ Fan_3: 1
DATA: dry_enclosure: ✅ Fan_4: 1
DATA: dry_enclosure: ✅ Fan_5: 1
DATA: dry_enclosure: ✅ Fan_6: 1
DATA: dry_enclosure: ✅ Fan_7: 1
DATA: dry_enclosure: ✅ Fan_8: 1
DATA: dry_enclosure: ✅ Fan_9: 1
DATA: dry_enclosure: ✅ Fan_10: 1
DATA: dry_enclosure: ✅ Fan_11: 1
DATA: dry_enclosure: ✅ Fan_12: 1
DATA: dry_enclosure: ✅ Heater_Percent: 0.0 %
DATA: dry_enclosure: ✅ Dehumidifier_Percent: 45.2 %RH
Loop is running, OTA handle is active...
DATA: dry_enclosure: ✅ PID_P: -0.021671
DATA: dry_enclosure: ✅ PID_I: 168.632935
DATA: dry_enclosure: ✅ PID_D: 0.000000
DATA: dry_enclosure: ✅ Sensor_6: temperature: 26.41 °C | humidity: 22.80 %RH
DATA: dry_enclosure: ✅ PID_P: -0.021671
DATA: dry_enclosure: ✅ PID_I: 168.610138
DATA: dry_enclosure: ✅ PID_D: 0.000000
DATA: dry_enclosure: ✅ PID_P: -0.021671
DATA: dry_enclosure: ✅ PID_I: 168.588470
DATA: dry_enclosure: ✅ PID_D: 0.000000
DATA: dry_enclosure: ✅ Sensor_7: temperature: 26.97 °C | humidity: 21.00 %RH
DATA: dry_enclosure: ✅ PID_P: -0.021671
DATA: dry_enclosure: ✅ PID_I: 168.565201
DATA: dry_enclosure: ✅ PID_D: 0.000000
Loop is running, OTA handle is active...
DATA: dry_enclosure: ✅ PID_P: -0.021671
DATA: dry_enclosure: ✅ PID_I: 168.543533
DATA: dry_enclosure: ✅ PID_D: 0.000000
DATA: dry_enclosure: ✅ Sensor_8: temperature: 26.23 °C | humidity: 21.70 %RH
DATA: dry_enclosure: ✅ PID_P: -0.021670
DATA: dry_enclosure: ✅ PID_I: 168.518814
DATA: dry_enclosure: ✅ PID_D: 0.000001
DATA: dry_enclosure: ✅ PID_P: -0.021670
DATA: dry_enclosure: ✅ PID_I: 168.497147
DATA: dry_enclosure: ✅ PID_D: 0.000000
DATA: dry_enclosure: ✅ Sensor_9: temperature: 26.41 °C | humidity: 21.30 %RH
DATA: dry_enclosure: ✅ PID_P: -0.021774
DATA: dry_enclosure: ✅ PID_I: 168.472733
DATA: dry_enclosure: ✅ PID_D: -0.000093
DATA: dry_enclosure: ✅ PID_P: -0.021774
DATA: dry_enclosure: ✅ PID_I: 168.450958
DATA: dry_enclosure: ✅ PID_D: 0.000000
Loop is running, OTA handle is active...
DATA: dry_enclosure: ✅ Sensor_1: temperature: 26.32 °C | humidity: 22.80 %RH
DATA: dry_enclosure: ✅ PID_P: -0.021879
DATA: dry_enclosure: ✅ PID_I: 168.425751
DATA: dry_enclosure: ✅ PID_D: -0.000091
DATA: dry_enclosure: ✅ PID_P: -0.021879
DATA: dry_enclosure: ✅ PID_I: 168.403870
DATA: dry_enclosure: ✅ PID_D: 0.000000
DATA: dry_enclosure: ✅ Sensor_2: temperature: 26.88 °C | humidity: 22.40 %RH
DATA: dry_enclosure: ✅ PID_P: -0.021879
DATA: dry_enclosure: ✅ PID_I: 168.379395
DATA: dry_enclosure: ✅ PID_D: 0.000000
DATA: dry_enclosure: ✅ PID_P: -0.021879
DATA: dry_enclosure: ✅ PID_I: 168.357513
DATA: dry_enclosure: ✅ PID_D: 0.000000
[ID 3] Error: 0xE2
DATA: dry_enclosure: ✅ PID_P: -0.021879
DATA: dry_enclosure: ✅ PID_I: 168.201797
DATA: dry_enclosure: ✅ PID_D: 0.000000
Loop is running, OTA handle is active...
DATA: dry_enclosure: ✅ PID_P: -0.021879
DATA: dry_enclosure: ✅ PID_I: 168.179916
DATA: dry_enclosure: ✅ PID_D: 0.000000
DATA: dry_enclosure: ✅ Sensor_4: temperature: 26.13 °C | humidity: 22.10 %RH
DATA: dry_enclosure: ✅ PID_P: -0.021878
DATA: dry_enclosure: ✅ PID_I: 168.156403
DATA: dry_enclosure: ✅ PID_D: 0.000001
DATA: dry_enclosure: ✅ PID_P: -0.021878
DATA: dry_enclosure: ✅ PID_I: 168.134521
DATA: dry_enclosure: ✅ PID_D: 0.000000
[ID 5] Error: 0xE2
DATA: dry_enclosure: ✅ PID_P: -0.021878
DATA: dry_enclosure: ✅ PID_I: 167.978821
DATA: dry_enclosure: ✅ PID_D: 0.000000
DATA: dry_enclosure: ✅ Fan_1: 1
DATA: dry_enclosure: ✅ Fan_2: 1
DATA: dry_enclosure: ✅ Fan_3: 1
DATA: dry_enclosure: ✅ Fan_4: 1
DATA: dry_enclosure: ✅ Fan_5: 1
DATA: dry_enclosure: ✅ Fan_6: 1
DATA: dry_enclosure: ✅ Fan_7: 1
DATA: dry_enclosure: ✅ Fan_8: 1
DATA: dry_enclosure: ✅ Fan_9: 1
DATA: dry_enclosure: ✅ Fan_10: 1
DATA: dry_enclosure: ✅ Fan_11: 1
DATA: dry_enclosure: ✅ Fan_12: 1
DATA: dry_enclosure: ✅ Heater_Percent: 0.0 %
DATA: dry_enclosure: ✅ Dehumidifier_Percent: 45.0 %RH
Loop is running, OTA handle is active...
DATA: dry_enclosure: ✅ PID_P: -0.021878
DATA: dry_enclosure: ✅ PID_I: 167.956940
DATA: dry_enclosure: ✅ PID_D: 0.000000
DATA: dry_enclosure: ✅ Sensor_6: temperature: 26.51 °C | humidity: 22.80 %RH
DATA: dry_enclosure: ✅ PID_P: -0.021877
DATA: dry_enclosure: ✅ PID_I: 167.933472
DATA: dry_enclosure: ✅ PID_D: 0.000001
DATA: dry_enclosure: ✅ PID_P: -0.021877
DATA: dry_enclosure: ✅ PID_I: 167.911591
DATA: dry_enclosure: ✅ PID_D: 0.000000
DATA: dry_enclosure: ✅ Sensor_7: temperature: 26.97 °C | humidity: 21.00 %RH
DATA: dry_enclosure: ✅ PID_P: -0.021877
DATA: dry_enclosure: ✅ PID_I: 167.887131
DATA: dry_enclosure: ✅ PID_D: 0.000000
Loop is running, OTA handle is active...
DATA: dry_enclosure: ✅ PID_P: -0.021877
DATA: dry_enclosure: ✅ PID_I: 167.865250
DATA: dry_enclosure: ✅ PID_D: 0.000000
DATA: dry_enclosure: ✅ Sensor_8: temperature: 26.23 °C | humidity: 21.70 %RH
DATA: dry_enclosure: ✅ PID_P: -0.021877
DATA: dry_enclosure: ✅ PID_I: 167.840698
DATA: dry_enclosure: ✅ PID_D: 0.000000
DATA: dry_enclosure: ✅ PID_P: -0.021877
DATA: dry_enclosure: ✅ PID_I: 167.818817
DATA: dry_enclosure: ✅ PID_D: 0.000000
DATA: dry_enclosure: ✅ Sensor_9: temperature: 26.51 °C | humidity: 21.30 %RH
DATA: dry_enclosure: ✅ PID_P: -0.021876
DATA: dry_enclosure: ✅ PID_I: 167.794540
DATA: dry_enclosure: ✅ PID_D: 0.000001
DATA: dry_enclosure: ✅ PID_P: -0.021876
DATA: dry_enclosure: ✅ PID_I: 167.772659
DATA: dry_enclosure: ✅ PID_D: 0.000000
Loop is running, OTA handle is active...
DATA: dry_enclosure: ✅ Sensor_1: temperature: 26.41 °C | humidity: 22.80 %RH
DATA: dry_enclosure: ✅ PID_P: -0.021875
DATA: dry_enclosure: ✅ PID_I: 167.747772
DATA: dry_enclosure: ✅ PID_D: 0.000001
DATA: dry_enclosure: ✅ PID_P: -0.021875
DATA: dry_enclosure: ✅ PID_I: 167.725891
DATA: dry_enclosure: ✅ PID_D: 0.000000
DATA: dry_enclosure: ✅ PID_P: -0.021875
DATA: dry_enclosure: ✅ PID_I: 167.704010
DATA: dry_enclosure: ✅ PID_D: 0.000000
DATA: dry_enclosure: ✅ Sensor_2: temperature: 26.97 °C | humidity: 22.30 %RH
DATA: dry_enclosure: ✅ PID_P: -0.021979
DATA: dry_enclosure: ✅ PID_I: 167.682037
DATA: dry_enclosure: ✅ PID_D: -0.000104
DATA: dry_enclosure: ✅ PID_P: -0.021979
DATA: dry_enclosure: ✅ PID_I: 167.660065
DATA: dry_enclosure: ✅ PID_D: 0.000000
[ID 3] Error: 0xE2
DATA: dry_enclosure: ✅ PID_P: -0.021979
DATA: dry_enclosure: ✅ PID_I: 167.522507
DATA: dry_enclosure: ✅ PID_D: 0.000000
Loop is running, OTA handle is active...
DATA: dry_enclosure: ✅ PID_P: -0.021979
DATA: dry_enclosure: ✅ PID_I: 167.500534
DATA: dry_enclosure: ✅ PID_D: 0.000000
DATA: dry_enclosure: ✅ Sensor_4: temperature: 26.23 °C | humidity: 22.00 %RH
DATA: dry_enclosure: ✅ PID_P: -0.022082
DATA: dry_enclosure: ✅ PID_I: 167.475845
DATA: dry_enclosure: ✅ PID_D: -0.000093
DATA: dry_enclosure: ✅ PID_P: -0.022082
DATA: dry_enclosure:
✅ PID_I: 167.453766
DATA: dry_enclosure: ✅ PID_D: 0.000000
[ID 5] Error: 0xE2
DATA: dry_enclosure: ✅ PID_P: -0.022082
DATA: dry_enclosure: ✅ PID_I: 167.296600
DATA: dry_enclosure: ✅ PID_D: 0.000000
DATA: dry_enclosure: ✅ Fan_1: 1
DATA: dry_enclosure: ✅ Fan_2: 1
DATA: dry_enclosure: ✅ Fan_3: 1
DATA: dry_enclosure: ✅ Fan_4: 1
DATA: dry_enclosure: ✅ Fan_5: 1
DATA: dry_enclosure: ✅ Fan_6: 1
DATA: dry_enclosure: ✅ Fan_7: 1
DATA: dry_enclosure: ✅ Fan_8: 1
DATA: dry_enclosure: ✅ Fan_9: 1
DATA: dry_enclosure: ✅ Fan_10: 1
DATA: dry_enclosure: ✅ Fan_11: 1
DATA: dry_enclosure: ✅ Fan_12: 1
DATA: dry_enclosure: ✅ Heater_Percent: 0.0 %
DATA: dry_enclosure: ✅ Dehumidifier_Percent: 44.8 %RH
Loop is running, OTA handle is active...
DATA: dry_enclosure: ✅ PID_P: -0.022082
DATA: dry_enclosure: ✅ PID_I: 167.274521
DATA: dry_enclosure: ✅ PID_D: 0.000000
DATA: dry_enclosure: ✅ Sensor_6: temperature: 26.51 °C | humidity: 22.80 %RH
DATA: dry_enclosure: ✅ PID_P: -0.022082
DATA: dry_enclosure: ✅ PID_I: 167.248856
DATA: dry_enclosure: ✅ PID_D: 0.000000
DATA: dry_enclosure: ✅ PID_P: -0.022082
DATA: dry_enclosure: ✅ PID_I: 167.226776
DATA: dry_enclosure: ✅ PID_D: 0.000000
DATA: dry_enclosure: ✅ Sensor_7: temperature: 27.07 °C | humidity: 21.00 %RH
DATA: dry_enclosure: ✅ PID_P: -0.022082
DATA: dry_enclosure: ✅ PID_I: 167.201874
DATA: dry_enclosure: ✅ PID_D: 0.000001
Loop is running, OTA handle is active...
DATA: dry_enclosure: ✅ PID_P: -0.022082
DATA: dry_enclosure: ✅ PID_I: 167.179794
DATA: dry_enclosure: ✅ PID_D: 0.000000
DATA: dry_enclosure: ✅ Sensor_8: temperature: 26.23 °C | humidity: 21.70 %RH
DATA: dry_enclosure: ✅ PID_P: -0.022082
DATA: dry_enclosure: ✅ PID_I: 167.155853
DATA: dry_enclosure: ✅ PID_D: 0.000000
DATA: dry_enclosure: ✅ PID_P: -0.022082
DATA: dry_enclosure: ✅ PID_I: 167.133774
DATA: dry_enclosure: ✅ PID_D: 0.000000
DATA: dry_enclosure: ✅ Sensor_9: temperature: 26.51 °C | humidity: 21.30 %RH
DATA: dry_enclosure: ✅ PID_P: -0.022082
DATA: dry_enclosure: ✅ PID_I: 167.108688
DATA: dry_enclosure: ✅ PID_D: 0.000000
DATA: dry_enclosure: ✅ PID_P: -0.022082
DATA: dry_enclosure: ✅ PID_I: 167.086609
DATA: dry_enclosure: ✅ PID_D: 0.000000
Loop is running, OTA handle is active...
DATA: dry_enclosure: ✅ Sensor_1: temperature: 26.51 °C | humidity: 22.80 %RH
DATA: dry_enclosure: ✅ PID_P: -0.022081
DATA: dry_enclosure: ✅ PID_I: 167.061707
DATA: dry_enclosure: ✅ PID_D: 0.000001
DATA: dry_enclosure: ✅ PID_P: -0.022081
DATA: dry_enclosure: ✅ PID_I: 167.039627
DATA: dry_enclosure: ✅ PID_D: 0.000000
DATA: dry_enclosure: ✅ Sensor_2: temperature: 26.97 °C | humidity: 22.30 %RH
DATA: dry_enclosure: ✅ PID_P: -0.022081
DATA: dry_enclosure: ✅ PID_I: 167.014389
DATA: dry_enclosure: ✅ PID_D: 0.000000
DATA: dry_enclosure: ✅ PID_P: -0.022081
DATA: dry_enclosure: ✅ PID_I: 166.992310
DATA: dry_enclosure: ✅ PID_D: 0.000000
[ID 3] Error: 0xE2
DATA: dry_enclosure: ✅ PID_P: -0.022081
DATA: dry_enclosure: ✅ PID_I: 166.835159
DATA: dry_enclosure: ✅ PID_D: 0.000000
Loop is running, OTA handle is active...
DATA: dry_enclosure: ✅ PID_P: -0.022081
DATA: dry_enclosure: ✅ PID_I: 166.813080
DATA: dry_enclosure: ✅ PID_D: 0.000000
DATA: dry_enclosure: ✅ Sensor_4: temperature: 26.23 °C | humidity: 22.00 %RH
DATA: dry_enclosure: ✅ PID_P: -0.022081
DATA: dry_enclosure: ✅ PID_I: 166.788284
DATA: dry_enclosure: ✅ PID_D: 0.000000
DATA: dry_enclosure: ✅ PID_P: -0.022081
DATA: dry_enclosure: ✅ PID_I: 166.766205
DATA: dry_enclosure: ✅ PID_D: 0.000000
[ID 5] Error: 0xE2
DATA: dry_enclosure: ✅ PID_P: -0.022081
DATA: dry_enclosure: ✅ PID_I: 166.609055
DATA: dry_enclosure: ✅ PID_D: 0.000000
DATA: dry_enclosure: ✅ Fan_1: 1
DATA: dry_enclosure: ✅ Fan_2: 1
DATA: dry_enclosure: ✅ Fan_3: 1
DATA: dry_enclosure: ✅ Fan_4: 1
DATA: dry_enclosure: ✅ Fan_5: 1
DATA: dry_enclosure: ✅ Fan_6: 1
DATA: dry_enclosure: ✅ Fan_7: 1
DATA: dry_enclosure: ✅ Fan_8: 1
DATA: dry_enclosure: ✅ Fan_9: 1
DATA: dry_enclosure: ✅ Fan_10: 1
DATA: dry_enclosure: ✅ Fan_11: 1
DATA: dry_enclosure: ✅ Fan_12: 1
DATA: dry_enclosure: ✅ Heater_Percent: 0.0 %
DATA: dry_enclosure: ✅ Dehumidifier_Percent: 44.7 %RH
Loop is running, OTA handle is active...
DATA: dry_enclosure: ✅ PID_P: -0.022081
DATA: dry_enclosure: ✅ PID_I: 166.586975
DATA: dry_enclosure: ✅ PID_D: 0.000000
DATA: dry_enclosure: ✅ PID_P: -0.022081
DATA: dry_enclosure: ✅ PID_I: 166.564896
DATA: dry_enclosure: ✅ PID_D: 0.000000
DATA: dry_enclosure: ✅ Sensor_6: temperature: 26.60 °C | humidity: 22.80 %RH
DATA: dry_enclosure: ✅ PID_P: -0.022080
DATA: dry_enclosure: ✅ PID_I: 166.542816
DATA: dry_enclosure: ✅ PID_D: 0.000001
DATA: dry_enclosure: ✅ PID_P: -0.022080
DATA: dry_enclosure: ✅ PID_I: 166.520737
DATA: dry_enclosure: ✅ PID_D: 0.000000
DATA: dry_enclosure: ✅ Sensor_7: temperature: 27.07 °C | humidity: 21.00 %RH
DATA: dry_enclosure: ✅ PID_P: -0.022080
DATA: dry_enclosure: ✅ PID_I: 166.498657
DATA: dry_enclosure: ✅ PID_D: 0.000000
Loop is running, OTA handle is active...
DATA: dry_enclosure: ✅ PID_P: -0.022080
DATA: dry_enclosure: ✅ PID_I: 166.476578
DATA: dry_enclosure: ✅ PID_D: 0.000000
DATA: dry_enclosure: ✅ Sensor_8: temperature: 26.32 °C | humidity: 21.70 %RH
DATA: dry_enclosure: ✅ PID_P: -0.022079
DATA: dry_enclosure: ✅ PID_I: 166.454498
DATA: dry_enclosure: ✅ PID_D: 0.000001
DATA: dry_enclosure: ✅ PID_P: -0.022079
DATA: dry_enclosure: ✅ PID_I: 166.432419
DATA: dry_enclosure: ✅ PID_D: 0.000000
DATA: dry_enclosure: ✅ Sensor_9: temperature: 26.60 °C | humidity: 21.30 %RH
DATA: dry_enclosure: ✅ PID_P: -0.022078
DATA: dry_enclosure: ✅ PID_I: 166.410339
DATA: dry_enclosure: ✅ PID_D: 0.000001
DATA: dry_enclosure: ✅ PID_P: -0.022078
DATA: dry_enclosure: ✅ PID_I: 166.388260
DATA: dry_enclosure: ✅ PID_D: 0.000000
Loop is running, OTA handle is active...
DATA: dry_enclosure: ✅ Sensor_1: temperature: 26.51 °C | humidity: 22.80 %RH
DATA: dry_enclosure: ✅ PID_P: -0.022078
DATA: dry_enclosure: ✅ PID_I: 166.366180
DATA: dry_enclosure: ✅ PID_D: 0.000000
DATA: dry_enclosure: ✅ PID_P: -0.022078
DATA: dry_enclosure: ✅ PID_I: 166.344101
DATA: dry_enclosure: ✅ PID_D: 0.000000
DATA: dry_enclosure: ✅ Sensor_2: temperature: 27.07 °C | humidity: 22.30 %RH
DATA: dry_enclosure: ✅ PID_P: -0.022077
DATA: dry_enclosure: ✅ PID_I: 166.322021
DATA: dry_enclosure: ✅ PID_D: 0.000001
DATA: dry_enclosure: ✅ PID_P: -0.022077
DATA: dry_enclosure: ✅ PID_I: 166.299942
DATA: dry_enclosure: ✅ PID_D: 0.000000
[ID 3] Error: 0xE2
DATA: dry_enclosure: ✅ PID_P: -0.022077
DATA: dry_enclosure: ✅ PID_I: 166.148514
DATA: dry_enclosure: ✅ PID_D: 0.000000
Loop is running, OTA handle is active...
DATA: dry_enclosure: ✅ PID_P: -0.022077
DATA: dry_enclosure: ✅ PID_I: 166.126434
DATA: dry_enclosure: ✅ PID_D: 0.000000
DATA: dry_enclosure: ✅ Sensor_4: temperature: 26.32 °C | humidity: 22.00 %RH
DATA: dry_enclosure: ✅ PID_P: -0.022076
DATA: dry_enclosure: ✅ PID_I: 166.101822
DATA: dry_enclosure: ✅ PID_D: 0.000001
DATA: dry_enclosure: ✅ PID_P: -0.022076
DATA: dry_enclosure: ✅ PID_I: 166.079742
DATA: dry_enclosure: ✅ PID_D: 0.000000
[ID 5] Error: 0xE2
DATA: dry_enclosure: ✅ PID_P: -0.022076
DATA: dry_enclosure: ✅ PID_I: 165.922623
DATA: dry_enclosure: ✅ PID_D: 0.000000
DATA: dry_enclosure: ✅ Fan_1: 1
DATA: dry_enclosure: ✅ Fan_2: 1
DATA: dry_enclosure: ✅ Fan_3: 1
DATA: dry_enclosure: ✅ Fan_4: 1
DATA: dry_enclosure: ✅ Fan_5: 1
DATA: dry_enclosure: ✅ Fan_6: 1
DATA: dry_enclosure: ✅ Fan_7: 1
DATA: dry_enclosure: ✅ Fan_8: 1
DATA: dry_enclosure: ✅ Fan_9: 1
DATA: dry_enclosure: ✅ Fan_10: 1
DATA: dry_enclosure: ✅ Fan_11: 1
DATA: dry_enclosure: ✅ Fan_12: 1
DATA: dry_enclosure: ✅ Heater_Percent: 0.0 %
DATA: dry_enclosure: ✅ Dehumidifier_Percent: 44.5 %RH
Loop is running, OTA handle is active...
DATA: dry_enclosure: ✅ PID_P: -0.022076
DATA: dry_enclosure: ✅ PID_I: 165.900543
DATA: dry_enclosure: ✅ PID_D: 0.000000
DATA: dry_enclosure: ✅ Sensor_6: temperature: 26.60 °C | humidity: 22.80 %RH
DATA: dry_enclosure: ✅ PID_P: -0.022076
DATA: dry_enclosure: ✅ PID_I: 165.875137
DATA: dry_enclosure: ✅ PID_D: 0.000000
DATA: dry_enclosure: ✅ PID_P: -0.022076
DATA: dry_enclosure: ✅ PID_I: 165.853058
DATA: dry_enclosure: ✅ PID_D: 0.000000
DATA: dry_enclosure: ✅ Sensor_7: temperature: 27.16 °C | humidity: 21.00 %RH
DATA: dry_enclosure: ✅ PID_P: -0.022075
DATA: dry_enclosure: ✅ PID_I: 165.828430
DATA: dry_enclosure: ✅ PID_D: 0.000001
Loop is running, OTA handle is active...
DATA: dry_enclosure: ✅ PID_P: -0.022075
DATA: dry_enclosure: ✅ PID_I: 165.806351
DATA: dry_enclosure: ✅ PID_D: 0.000000
DATA: dry_enclosure: ✅ Sensor_8: temperature: 26.41 °C | humidity: 21.70 %RH
DATA: dry_enclosure: ✅ PID_P: -0.022074
DATA: dry_enclosure: ✅ PID_I: 165.781937
DATA: dry_enclosure: ✅ PID_D: 0.000001
DATA: dry_enclosure: ✅ PID_P: -0.022074
DATA: dry_enclosure: ✅ PID_I: 165.759857
DATA: dry_enclosure: ✅ PID_D: 0.000000
DATA: dry_enclosure: ✅ PID_P: -0.022074
DATA: dry_enclosure: ✅ PID_I: 165.737778
DATA: dry_enclosure: ✅ PID_D: 0.000000
DATA: dry_enclosure: ✅ Sensor_9: temperature: 26.60 °C | humidity: 21.30 %RH
DATA: dry_enclosure: ✅ PID_P: -0.022074
DATA: dry_enclosure: ✅ PID_I: 165.715698
DATA: dry_enclosure: ✅ PID_D: 0.000000
Loop is running, OTA handle is active...
DATA: dry_enclosure: ✅ PID_P: -0.022074
DATA: dry_enclosure: ✅ PID_I: 165.693619
DATA: dry_enclosure: ✅ PID_D: 0.000000
DATA: dry_enclosure: ✅ Sensor_1: temperature: 26.60 °C | humidity: 22.80 %RH
DATA: dry_enclosure: ✅ PID_P: -0.022073
DATA: dry_enclosure: ✅ PID_I: 165.671539
DATA: dry_enclosure: ✅ PID_D: 0.000001
DATA: dry_enclosure: ✅ PID_P: -0.022073
DATA: dry_enclosure: ✅ PID_I: 165.649460
DATA: dry_enclosure: ✅ PID_D: 0.000000
DATA: dry_enclosure: ✅ Sensor_2: temperature: 27.16 °C | humidity: 22.30 %RH
DATA: dry_enclosure: ✅ PID_P: -0.022072
DATA: dry_enclosure: ✅ PID_I: 165.627396
DATA: dry_enclosure: ✅ PID_D: 0.000001
DATA: dry_enclosure: ✅ PID_P: -0.022072
DATA: dry_enclosure: ✅ PID_I: 165.605331
DATA: dry_enclosure: ✅ PID_D: 0.000000
[ID 3] Error: 0xE2
DATA: dry_enclosure: ✅ PID_P: -0.022072
DATA: dry_enclosure: ✅ PID_I: 165.461990
DATA: dry_enclosure: ✅ PID_D: 0.000000
Loop is running, OTA handle is active...
DATA: dry_enclosure: ✅ PID_P: -0.022072
DATA: dry_enclosure: ✅ PID_I: 165.439926
DATA: dry_enclosure: ✅ PID_D: 0.000000
DATA: dry_enclosure: ✅ Sensor_4: temperature: 26.32 °C | humidity: 22.00 %RH
DATA: dry_enclosure: ✅ PID_P: -0.022072
DATA: dry_enclosure: ✅ PID_I: 165.414673
DATA: dry_enclosure: ✅ PID_D: 0.000000
DATA: dry_enclosure: ✅ PID_P: -0.022072
DATA: dry_enclosure: ✅ PID_I: 165.392609
DATA: dry_enclosure: ✅ PID_D: 0.000000
[ID 5] Error: 0xE2
DATA: dry_enclosure: ✅ PID_P: -0.022072
DATA: dry_enclosure: ✅ PID_I: 165.235519
DATA: dry_enclosure: ✅ PID_D: 0.000000
DATA: dry_enclosure: ✅ Fan_1: 1
DATA: dry_enclosure: ✅ Fan_2: 1
DATA: dry_enclosure: ✅ Fan_3: 1
DATA: dry_enclosure: ✅ Fan_4: 1
DATA: dry_enclosure: ✅ Fan_5: 1
DATA: dry_enclosure: ✅ Fan_6: 1
DATA: dry_enclosure: ✅ Fan_7: 1
DATA: dry_enclosure: ✅ Fan_8: 1
DATA: dry_enclosure: ✅ Fan_9: 1
DATA: dry_enclosure: ✅ Fan_10: 1
DATA: dry_enclosure: ✅ Fan_11: 1
DATA: dry_enclosure: ✅ Fan_12: 1
DATA: dry_enclosure: ✅ Heater_Percent: 0.0 %
DATA: dry_enclosure: ✅ Dehumidifier_Percent: 44.3 %RH
Loop is running, OTA handle is active...
DATA: dry_enclosure: ✅ PID_P: -0.022072
DATA: dry_enclosure: ✅ PID_I: 165.213455
DATA: dry_enclosure: ✅ PID_D: 0.000000
DATA: dry_enclosure: ✅ Sensor_6: temperature: 26.69 °C | humidity: 22.80 %RH
DATA: dry_enclosure: ✅ PID_P: -0.022071
DATA: dry_enclosure: ✅ PID_I: 165.189926
DATA: dry_enclosure: ✅ PID_D: 0.000001
DATA: dry_enclosure: ✅ PID_P: -0.022071
DATA: dry_enclosure: ✅ PID_I: 165.167862
DATA: dry_enclosure: ✅ PID_D: 0.000000
DATA: dry_enclosure: ✅ Sensor_7: temperature: 27.16 °C | humidity: 21.00 %RH
DATA: dry_enclosure: ✅ PID_P: -0.022071
DATA: dry_enclosure: ✅ PID_I: 165.144226
DATA: dry_enclosure: ✅ PID_D: 0.000000
Loop is running, OTA handle is active...
DATA: dry_enclosure: ✅ PID_P: -0.022071
DATA: dry_enclosure: ✅ PID_I: 165.122162
DATA: dry_enclosure: ✅ PID_D: 0.000000
DATA: dry_enclosure: ✅ Sensor_8: temperature: 26.41 °C | humidity: 21.70 %RH
DATA: dry_enclosure: ✅ PID_P: -0.022071
DATA: dry_enclosure: ✅ PID_I: 165.096741
DATA: dry_enclosure: ✅ PID_D: 0.000000
DATA: dry_enclosure: ✅ PID_P: -0.022071
DATA: dry_enclosure: ✅ PID_I: 165.074677
DATA: dry_enclosure: ✅ PID_D: 0.000000
DATA: dry_enclosure: ✅ Sensor_9: temperature: 26.69 °C | humidity: 21.40 %RH
DATA: dry_enclosure: ✅ PID_P: -0.021965
DATA: dry_enclosure: ✅ PID_I: 165.049255
DATA: dry_enclosure: ✅ PID_D: 0.000091
DATA: dry_enclosure: ✅ PID_P: -0.021965
DATA: dry_enclosure: ✅ PID_I: 165.027283
DATA: dry_enclosure: ✅ PID_D: 0.000000
Loop is running, OTA handle is active...
DATA: dry_enclosure: ✅ PID_P: -0.021965
DATA: dry_enclosure: ✅ PID_I: 165.005310
DATA: dry_enclosure: ✅ PID_D: 0.000000
DATA: dry_enclosure: ✅ Sensor_1: temperature: 26.60 °C | humidity: 22.80 %RH
DATA: dry_enclosure: ✅ PID_P: -0.021965
DATA: dry_enclosure: ✅ PID_I: 164.983337
DATA: dry_enclosure: ✅ PID_D: 0.000000
DATA: dry_enclosure: ✅ PID_P: -0.021965
DATA: dry_enclosure: ✅ PID_I: 164.961365
DATA: dry_enclosure: ✅ PID_D: 0.000000
DATA: dry_enclosure: ✅ Sensor_2: temperature: 27.16 °C | humidity: 22.40 %RH
DATA: dry_enclosure: ✅ PID_P: -0.021861
DATA: dry_enclosure: ✅ PID_I: 164.939499
DATA: dry_enclosure: ✅ PID_D: 0.000105
DATA: dry_enclosure: ✅ PID_P: -0.021861
DATA: dry_enclosure: ✅ PID_I: 164.917633
DATA: dry_enclosure: ✅ PID_D: 0.000000
[ID 3] Error: 0xE2
DATA: dry_enclosure: ✅ PID_P: -0.021861
DATA: dry_enclosure: ✅ PID_I: 164.778275
DATA: dry_enclosure: ✅ PID_D: 0.000000
Loop is running, OTA handle is active...
DATA: dry_enclosure: ✅ PID_P: -0.021861
DATA: dry_enclosure: ✅ PID_I: 164.756409
DATA: dry_enclosure: ✅ PID_D: 0.000000
DATA: dry_enclosure: ✅ Sensor_4: temperature: 26.41 °C | humidity: 22.10 %RH
DATA: dry_enclosure: ✅ PID_P: -0.021755
DATA: dry_enclosure: ✅ PID_I: 164.732071
DATA: dry_enclosure: ✅ PID_D: 0.000094
DATA: dry_enclosure: ✅ PID_P: -0.021755
DATA: dry_enclosure: ✅ PID_I: 164.710312
DATA: dry_enclosure: ✅ PID_D: 0.000000
[ID 5] Error: 0xE2
DATA: dry_enclosure: ✅ PID_P: -0.021755
DATA: dry_enclosure: ✅ PID_I: 164.555481
DATA: dry_enclosure: ✅ PID_D: 0.000000
DATA: dry_enclosure: ✅ Fan_1: 1
DATA: dry_enclosure: ✅ Fan_2: 1
DATA: dry_enclosure: ✅ Fan_3: 1
DATA: dry_enclosure: ✅ Fan_4: 1
DATA: dry_enclosure: ✅ Fan_5: 1
DATA: dry_enclosure: ✅ Fan_6: 1
DATA: dry_enclosure: ✅ Fan_7: 1
DATA: dry_enclosure: ✅ Fan_8: 1
DATA: dry_enclosure: ✅ Fan_9: 1
DATA: dry_enclosure: ✅ Fan_10: 1
DATA: dry_enclosure: ✅ Fan_11: 1
DATA: dry_enclosure: ✅ Fan_12: 1
DATA: dry_enclosure: ✅ Heater_Percent: 0.0 %
DATA: dry_enclosure: ✅ Dehumidifier_Percent: 44.1 %RH
Loop is running, OTA handle is active...
DATA: dry_enclosure: ✅ PID_P: -0.021755
DATA: dry_enclosure: ✅ PID_I: 164.533722
DATA: dry_enclosure: ✅ PID_D: 0.000000
DATA: dry_enclosure: ✅ Sensor_6: temperature: 26.69 °C | humidity: 22.80 %RH
DATA: dry_enclosure: ✅ PID_P: -0.021755
DATA: dry_enclosure: ✅ PID_I: 164.508621
DATA: dry_enclosure: ✅ PID_D: 0.000000
DATA: dry_enclosure: ✅ PID_P: -0.021755
DATA: dry_enclosure: ✅ PID_I: 164.486862
DATA: dry_enclosure: ✅ PID_D: 0.000000
DATA: dry_enclosure: ✅ Sensor_7: temperature: 27.25 °C | humidity: 21.00 %RH
DATA: dry_enclosure: ✅ PID_P: -0.021754
DATA: dry_enclosure: ✅ PID_I: 164.462494
DATA: dry_enclosure: ✅ PID_D: 0.000001
Loop is running, OTA handle is active...
DATA: dry_enclosure: ✅ PID_P: -0.021754
DATA: dry_enclosure: ✅ PID_I: 164.440735
DATA: dry_enclosure: ✅ PID_D: 0.000000
DATA: dry_enclosure: ✅ Sensor_8: temperature: 26.41 °C | humidity: 21.70 %RH
DATA: dry_enclosure: ✅ PID_P: -0.021754
DATA: dry_enclosure: ✅ PID_I: 164.417267
DATA: dry_enclosure: ✅ PID_D: 0.000000
DATA: dry_enclosure: ✅ PID_P: -0.021754
DATA: dry_enclosure: ✅ PID_I: 164.395508
DATA: dry_enclosure: ✅ PID_D: 0.000000
DATA: dry_enclosure: ✅ PID_P: -0.021754
DATA: dry_enclosure: ✅ PID_I: 164.373749
DATA: dry_enclosure: ✅ PID_D: 0.000000
DATA: dry_enclosure: ✅ Sensor_9: temperature: 26.69 °C | humidity: 21.40 %RH
DATA: dry_enclosure: ✅ PID_P: -0.021754
DATA: dry_enclosure: ✅ PID_I: 164.351990
DATA: dry_enclosure: ✅ PID_D: 0.000000
Loop is running, OTA handle is active...
DATA: dry_enclosure: ✅ PID_P: -0.021754
DATA: dry_enclosure: ✅ PID_I: 164.330231
DATA: dry_enclosure: ✅ PID_D: 0.000000
DATA: dry_enclosure: ✅ Sensor_1: temperature: 26.60 °C | humidity: 22.80 %RH
DATA: dry_enclosure: ✅ PID_P: -0.021754
DATA: dry_enclosure: ✅ PID_I: 164.308472
DATA: dry_enclosure: ✅ PID_D: 0.000000
DATA: dry_enclosure: ✅ PID_P: -0.021754
DATA: dry_enclosure: ✅ PID_I: 164.286713
DATA: dry_enclosure: ✅ PID_D: 0.000000
DATA: dry_enclosure: ✅ Sensor_2: temperature: 27.16 °C | humidity: 22.30 %RH
DATA: dry_enclosure: ✅ PID_P: -0.021859
DATA: dry_enclosure: ✅ PID_I: 164.264847
DATA: dry_enclosure: ✅ PID_D: -0.000105
DATA: dry_enclosure: ✅ PID_P: -0.021859
DATA: dry_enclosure: ✅ PID_I: 164.242981
DATA: dry_enclosure: ✅ PID_D: 0.000000
[ID 3] Error: 0xE2
DATA: dry_enclosure: ✅ PID_P: -0.021859
DATA: dry_enclosure: ✅ PID_I: 164.100677
DATA: dry_enclosure: ✅ PID_D: 0.000000
Loop is running, OTA handle is active...
DATA: dry_enclosure: ✅ PID_P: -0.021859
DATA: dry_enclosure: ✅ PID_I: 164.078812
DATA: dry_enclosure: ✅ PID_D: 0.000000
DATA: dry_enclosure: ✅ Sensor_4: temperature: 26.23 °C | humidity: 21.50 %RH
DATA: dry_enclosure: ✅ PID_P: -0.022488
DATA: dry_enclosure: ✅ PID_I: 164.053757
DATA: dry_enclosure: ✅ PID_D: -0.000565
DATA: dry_enclosure: ✅ PID_P: -0.022488
DATA: dry_enclosure: ✅ PID_I: 164.031265
DATA: dry_enclosure: ✅ PID_D: 0.000000
DATA: dry_enclosure: ✅ PID_P: -0.022488
DATA: dry_enclosure: ✅ PID_I: 164.008774
DATA: dry_enclosure: ✅ PID_D: 0.000000
[ID 5] Error: 0xE2
DATA: dry_enclosure: ✅ PID_P: -0.022488
DATA: dry_enclosure: ✅ PID_I: 163.871170
DATA: dry_enclosure: ✅ PID_D: 0.000000
DATA: dry_enclosure: ✅ Fan_1: 1
DATA: dry_enclosure: ✅ Fan_2: 1
DATA: dry_enclosure: ✅ Fan_3: 1
DATA: dry_enclosure: ✅ Fan_4: 1
DATA: dry_enclosure: ✅ Fan_5: 1
DATA: dry_enclosure: ✅ Fan_6: 1
DATA: dry_enclosure: ✅ Fan_7: 1
DATA: dry_enclosure: ✅ Fan_8: 1
DATA: dry_enclosure: ✅ Fan_9: 1
DATA: dry_enclosure: ✅ Fan_10: 1
DATA: dry_enclosure: ✅ Fan_11: 1
DATA: dry_enclosure: ✅ Fan_12: 1
DATA: dry_enclosure: ✅ Heater_Percent: 0.0 %
DATA: dry_enclosure: ✅ Dehumidifier_Percent: 43.9 %RH
Loop is running, OTA handle is active...
DATA: dry_enclosure: ✅ PID_P: -0.022488
DATA: dry_enclosure: ✅ PID_I: 163.848679
DATA: dry_enclosure: ✅ PID_D: 0.000000
DATA: dry_enclosure: ✅ Sensor_6: temperature: 26.60 °C | humidity: 22.20 %RH
DATA: dry_enclosure: ✅ PID_P: -0.023117
DATA: dry_enclosure: ✅ PID_I: 163.824478
DATA: dry_enclosure: ✅ PID_D: -0.000600
DATA: dry_enclosure: ✅ PID_P: -0.023117
DATA: dry_enclosure: ✅ PID_I: 163.801361
DATA: dry_enclosure: ✅ PID_D: 0.000000
DATA: dry_enclosure: ✅ Sensor_7: temperature: 27.25 °C | humidity: 20.60 %RH
DATA: dry_enclosure: ✅ PID_P: -0.023535
DATA: dry_enclosure: ✅ PID_I: 163.776337
DATA: dry_enclosure: ✅ PID_D: -0.000394
Loop is running, OTA handle is active...
DATA: dry_enclosure: ✅ PID_P: -0.023535
DATA: dry_enclosure: ✅ PID_I: 163.752808
DATA: dry_enclosure: ✅ PID_D: 0.000000
DATA: dry_enclosure: ✅ Sensor_8: temperature: 26.23 °C | humidity: 21.30 %RH
DATA: dry_enclosure: ✅ PID_P: -0.023956
DATA: dry_enclosure: ✅ PID_I: 163.727097
DATA: dry_enclosure: ✅ PID_D: -0.000392
DATA: dry_enclosure: ✅ PID_P: -0.023956
DATA: dry_enclosure: ✅ PID_I: 163.703140
DATA: dry_enclosure: ✅ PID_D: 0.000000
DATA: dry_enclosure: ✅ PID_P: -0.023956
DATA: dry_enclosure: ✅ PID_I: 163.679184
DATA: dry_enclosure: ✅ PID_D: 0.000000
DATA: dry_enclosure: ✅ Sensor_9: temperature: 26.69 °C | humidity: 20.80 %RH
DATA: dry_enclosure: ✅ PID_P: -0.024583
DATA: dry_enclosure: ✅ PID_I: 163.654602
DATA: dry_enclosure: ✅ PID_D: -0.000628
Loop is running, OTA handle is active...
DATA: dry_enclosure: ✅ PID_P: -0.024583
DATA: dry_enclosure: ✅ PID_I: 163.630020
DATA: dry_enclosure: ✅ PID_D: 0.000000
DATA: dry_enclosure: ✅ Sensor_1: temperature: 26.41 °C | humidity: 22.40 %RH
DATA: dry_enclosure: ✅ PID_P: -0.025004
DATA: dry_enclosure: ✅ PID_I: 163.605011
DATA: dry_enclosure: ✅ PID_D: -0.000421
DATA: dry_enclosure: ✅ PID_P: -0.025004
DATA: dry_enclosure: ✅ PID_I: 163.580002
DATA: dry_enclosure: ✅ PID_D: 0.000000
DATA: dry_enclosure: ✅ Sensor_2: temperature: 27.07 °C | humidity: 21.80 %RH
DATA: dry_enclosure: ✅ PID_P: -0.025528
DATA: dry_enclosure: ✅ PID_I: 163.554474
DATA: dry_enclosure: ✅ PID_D: -0.000524
DATA: dry_enclosure: ✅ PID_P: -0.025528
DATA: dry_enclosure: ✅ PID_I: 163.528946
DATA: dry_enclosure: ✅ PID_D: 0.000000
[ID 3] Error: 0xE2
DATA: dry_enclosure: ✅ PID_P: -0.025528
DATA: dry_enclosure: ✅ PID_I: 163.362396
DATA: dry_enclosure: ✅ PID_D: 0.000000
Loop is running, OTA handle is active...
DATA: dry_enclosure: ✅ PID_P: -0.025528
DATA: dry_enclosure: ✅ PID_I: 163.336868
DATA: dry_enclosure: ✅ PID_D: 0.000000
DATA: dry_enclosure: ✅ Sensor_4: temperature: 25.67 °C | humidity: 21.70 %RH
DATA: dry_enclosure: ✅ PID_P: -0.025326
DATA: dry_enclosure: ✅ PID_I: 163.308426
DATA: dry_enclosure: ✅ PID_D: 0.000180
DATA: dry_enclosure: ✅ PID_P: -0.025326
DATA: dry_enclosure: ✅ PID_I: 163.283096
DATA: dry_enclosure: ✅ PID_D: 0.000000
[ID 5] Error: 0xE2
DATA: dry_enclosure: ✅ PID_P: -0.025326
DATA: dry_enclosure: ✅ PID_I: 163.102859
DATA: dry_enclosure: ✅ PID_D: 0.000000
DATA: dry_enclosure: ✅ Fan_1: 1
DATA: dry_enclosure: ✅ Fan_2: 1
DATA: dry_enclosure: ✅ Fan_3: 1
DATA: dry_enclosure: ✅ Fan_4: 1
DATA: dry_enclosure: ✅ Fan_5: 1
DATA: dry_enclosure: ✅ Fan_6: 1
DATA: dry_enclosure: ✅ Fan_7: 1
DATA: dry_enclosure: ✅ Fan_8: 1
DATA: dry_enclosure: ✅ Fan_9: 1
DATA: dry_enclosure: ✅ Fan_10: 1
DATA: dry_enclosure: ✅ Fan_11: 1
DATA: dry_enclosure: ✅ Fan_12: 1
DATA: dry_enclosure: ✅ Heater_Percent: 0.0 %
DATA: dry_enclosure: ✅ Dehumidifier_Percent: 43.5 %RH
Loop is running, OTA handle is active...
DATA: dry_enclosure: ✅ PID_P: -0.025326
DATA: dry_enclosure: ✅ PID_I: 163.077530
DATA: dry_enclosure: ✅ PID_D: 0.000000
DATA: dry_enclosure: ✅ Sensor_6: temperature: 26.41 °C | humidity: 22.00 %RH
DATA: dry_enclosure: ✅ PID_P: -0.025537
DATA: dry_enclosure: ✅ PID_I: 163.048828
DATA: dry_enclosure: ✅ PID_D: -0.000188
DATA: dry_enclosure: ✅ PID_P: -0.025537
DATA: dry_enclosure: ✅ PID_I: 163.023285
DATA: dry_enclosure: ✅ PID_D: 0.000000
DATA: dry_enclosure: ✅ Sensor_7: temperature: 27.16 °C | humidity: 20.20 %RH
DATA: dry_enclosure: ✅ PID_P: -0.025957
DATA: dry_enclosure: ✅ PID_I: 162.994034
DATA: dry_enclosure: ✅ PID_D: -0.000372
Loop is running, OTA handle is active...
DATA: dry_enclosure: ✅ PID_P: -0.025957
DATA: dry_enclosure: ✅ PID_I: 162.968079
DATA: dry_enclosure: ✅ PID_D: 0.000000
DATA: dry_enclosure: ✅ Sensor_8: temperature: 25.76 °C | humidity: 21.30 %RH
DATA: dry_enclosure: ✅ PID_P: -0.025963
DATA: dry_enclosure: ✅ PID_I: 162.939392
DATA: dry_enclosure: ✅ PID_D: -0.000005
DATA: dry_enclosure: ✅ PID_P: -0.025963
DATA: dry_enclosure: ✅ PID_I: 162.913422
DATA: dry_enclosure: ✅ PID_D: 0.000000
DATA: dry_enclosure: ✅ Sensor_9: temperature: 26.51 °C | humidity: 20.50 %RH
DATA: dry_enclosure: ✅ PID_P: -0.026279
DATA: dry_enclosure: ✅ PID_I: 162.884018
DATA: dry_enclosure: ✅ PID_D: -0.000283
DATA: dry_enclosure: ✅ PID_P: -0.026279
DATA: dry_enclosure: ✅ PID_I: 162.857742
DATA: dry_enclosure: ✅ PID_D: 0.000000
Loop is running, OTA handle is active...
DATA: dry_enclosure: ✅ PID_P: -0.026279
DATA: dry_enclosure: ✅ PID_I: 162.831467
DATA: dry_enclosure: ✅ PID_D: 0.000000
DATA: dry_enclosure: ✅ Sensor_1: temperature: 26.13 °C | humidity: 22.60 %RH
DATA: dry_enclosure: ✅ PID_P: -0.026073
DATA: dry_enclosure: ✅ PID_I: 162.805389
DATA: dry_enclosure: ✅ PID_D: 0.000206
DATA: dry_enclosure: ✅ PID_P: -0.026073
DATA: dry_enclosure: ✅ PID_I: 162.779312
DATA: dry_enclosure: ✅ PID_D: 0.000000
DATA: dry_enclosure: ✅ Sensor_2: temperature: 26.79 °C | humidity: 21.90 %RH
DATA: dry_enclosure: ✅ PID_P: -0.025972
DATA: dry_enclosure: ✅ PID_I: 162.753342
DATA: dry_enclosure: ✅ PID_D: 0.000101
DATA: dry_enclosure: ✅ PID_P: -0.025972
DATA: dry_enclosure: ✅ PID_I: 162.727371
DATA: dry_enclosure: ✅ PID_D: 0.000000
[ID 3] Error: 0xE2
DATA: dry_enclosure: ✅ PID_P: -0.025972
DATA: dry_enclosure: ✅ PID_I: 162.561584
DATA: dry_enclosure: ✅ PID_D: 0.000000
Loop is running, OTA handle is active...
DATA: dry_enclosure: ✅ PID_P: -0.025972
DATA: dry_enclosure: ✅ PID_I: 162.535614
DATA: dry_enclosure: ✅ PID_D: 0.000000
DATA: dry_enclosure: ✅ Sensor_4: temperature: 24.83 °C | humidity: 24.00 %RH
DATA: dry_enclosure: ✅ PID_P: -0.023573
DATA: dry_enclosure: ✅ PID_I: 162.509384
DATA: dry_enclosure: ✅ PID_D: 0.002156
DATA: dry_enclosure: ✅ PID_P: -0.023573
DATA: dry_enclosure: ✅ PID_I: 162.485809
DATA: dry_enclosure: ✅ PID_D: 0.000000
[ID 5] Error: 0xE2
DATA: dry_enclosure: ✅ PID_P: -0.023573
DATA: dry_enclosure: ✅ PID_I: 162.318039
DATA: dry_enclosure: ✅ PID_D: 0.000000
DATA: dry_enclosure: ✅ Fan_1: 1
DATA: dry_enclosure: ✅ Fan_2: 1
DATA: dry_enclosure: ✅ Fan_3: 1
DATA: dry_enclosure: ✅ Fan_4: 1
DATA: dry_enclosure: ✅ Fan_5: 1
DATA: dry_enclosure: ✅ Fan_6: 1
DATA: dry_enclosure: ✅ Fan_7: 1
DATA: dry_enclosure: ✅ Fan_8: 1
DATA: dry_enclosure: ✅ Fan_9: 1
DATA: dry_enclosure: ✅ Fan_10: 1
DATA: dry_enclosure: ✅ Fan_11: 1
DATA: dry_enclosure: ✅ Fan_12: 1
DATA: dry_enclosure: ✅ Heater_Percent: 0.0 %
DATA: dry_enclosure: ✅ Dehumidifier_Percent: 43.4 %RH
Loop is running, OTA handle is active...
DATA: dry_enclosure: ✅ PID_P: -0.023573
DATA: dry_enclosure: ✅ PID_I: 162.294464
DATA: dry_enclosure: ✅ PID_D: 0.000000
DATA: dry_enclosure: ✅ PID_P: -0.023573
DATA: dry_enclosure: ✅ PID_I: 162.270889
DATA: dry_enclosure: ✅ PID_D: 0.000000
DATA: dry_enclosure: ✅ Sensor_6: temperature: 26.04 °C | humidity: 23.50 %RH
DATA: dry_enclosure: ✅ PID_P: -0.022005
DATA: dry_enclosure: ✅ PID_I: 162.248886
DATA: dry_enclosure: ✅ PID_D: 0.001568
DATA: dry_enclosure: ✅ PID_P: -0.022005
DATA: dry_enclosure: ✅ PID_I: 162.226883
DATA: dry_enclosure: ✅ PID_D: 0.000000
DATA: dry_enclosure: ✅ Sensor_7: temperature: 26.97 °C | humidity: 21.10 %RH
DATA: dry_enclosure: ✅ PID_P: -0.021064
DATA: dry_enclosure: ✅ PID_I: 162.205826
DATA: dry_enclosure: ✅ PID_D: 0.000941
Loop is running, OTA handle is active...
DATA: dry_enclosure: ✅ PID_P: -0.021064
DATA: dry_enclosure: ✅ PID_I: 162.184769
DATA: dry_enclosure: ✅ PID_D: 0.000000
DATA: dry_enclosure: ✅ Sensor_8: temperature: 25.20 °C | humidity: 23.10 %RH
DATA: dry_enclosure: ✅ PID_P: -0.019183
DATA: dry_enclosure: ✅ PID_I: 162.165588
DATA: dry_enclosure: ✅ PID_D: 0.001881
DATA: dry_enclosure: ✅ PID_P: -0.019183
DATA: dry_enclosure: ✅ PID_I: 162.146408
DATA: dry_enclosure: ✅ PID_D: 0.000000
DATA: dry_enclosure: ✅ Sensor_9: temperature: 26.32 °C | humidity: 21.80 %RH
DATA: dry_enclosure: ✅ PID_P: -0.017822
DATA: dry_enclosure: ✅ PID_I: 162.128586
DATA: dry_enclosure: ✅ PID_D: 0.001361
DATA: dry_enclosure: ✅ PID_P: -0.017822
DATA: dry_enclosure: ✅ PID_I: 162.110764
DATA: dry_enclosure: ✅ PID_D: 0.000000
Loop is running, OTA handle is active...
DATA: dry_enclosure: ✅ Sensor_1: temperature: 25.67 °C | humidity: 23.90 %RH
DATA: dry_enclosure: ✅ PID_P: -0.016463
DATA: dry_enclosure: ✅ PID_I: 162.094299
DATA: dry_enclosure: ✅ PID_D: 0.001359
DATA: dry_enclosure: ✅ PID_P: -0.016463
DATA: dry_enclosure: ✅ PID_I: 162.077835
DATA: dry_enclosure: ✅ PID_D: 0.000000
DATA: dry_enclosure: ✅ Sensor_2: temperature: 26.41 °C | humidity: 22.90 %RH
DATA: dry_enclosure: ✅ PID_P: -0.015417
DATA: dry_enclosure: ✅ PID_I: 162.062424
DATA: dry_enclosure: ✅ PID_D: 0.001046
DATA: dry_enclosure: ✅ PID_P: -0.015417
DATA: dry_enclosure: ✅ PID_I: 162.047012
DATA: dry_enclosure: ✅ PID_D: 0.000000
[ID 3] Error: 0xE2
DATA: dry_enclosure: ✅ PID_P: -0.015417
DATA: dry_enclosure: ✅ PID_I: 161.941010
DATA: dry_enclosure: ✅ PID_D: 0.000000
Loop is running, OTA handle is active...
DATA: dry_enclosure: ✅ PID_P: -0.015417
DATA: dry_enclosure: ✅ PID_I: 161.925598
DATA: dry_enclosure: ✅ PID_D: 0.000000
DATA: dry_enclosure: ✅ Sensor_4: temperature: 24.17 °C | humidity: 24.60 %RH
DATA: dry_enclosure: ✅ PID_P: -0.014792
DATA: dry_enclosure: ✅ PID_I: 161.908920
DATA: dry_enclosure: ✅ PID_D: 0.000554
DATA: dry_enclosure: ✅ PID_P: -0.014792
DATA: dry_enclosure: ✅ PID_I: 161.894135
DATA: dry_enclosure: ✅ PID_D: 0.000000
[ID 5] Error: 0xE2
DATA: dry_enclosure: ✅ PID_P: -0.014792
DATA: dry_enclosure: ✅ PID_I: 161.788864
DATA: dry_enclosure: ✅ PID_D: 0.000000
DATA: dry_enclosure: ✅ Fan_1: 1
DATA: dry_enclosure: ✅ Fan_2: 1
DATA: dry_enclosure: ✅ Fan_3: 1
DATA: dry_enclosure: ✅ Fan_4: 1
DATA: dry_enclosure: ✅ Fan_5: 1
DATA: dry_enclosure: ✅ Fan_6: 1
DATA: dry_enclosure: ✅ Fan_7: 1
DATA: dry_enclosure: ✅ Fan_8: 1
DATA: dry_enclosure: ✅ Fan_9: 1
DATA: dry_enclosure: ✅ Fan_10: 1
DATA: dry_enclosure: ✅ Fan_11: 1
DATA: dry_enclosure: ✅ Fan_12: 1
DATA: dry_enclosure: ✅ Heater_Percent: 0.0 %
DATA: dry_enclosure: ✅ Dehumidifier_Percent: 43.7 %RH
Loop is running, OTA handle is active...
DATA: dry_enclosure: ✅ PID_P: -0.014792
DATA: dry_enclosure: ✅ PID_I: 161.774078
DATA: dry_enclosure: ✅ PID_D: 0.000000
DATA: dry_enclosure: ✅ Sensor_6: temperature: 25.76 °C | humidity: 23.90 %RH
DATA: dry_enclosure: ✅ PID_P: -0.014374
DATA: dry_enclosure: ✅ PID_I: 161.758911
DATA: dry_enclosure: ✅ PID_D: 0.000396
DATA: dry_enclosure: ✅ PID_P: -0.014374
DATA: dry_enclosure: ✅ PID_I: 161.744537
DATA: dry_enclosure: ✅ PID_D: 0.000000
DATA: dry_enclosure: ✅ Sensor_7: temperature: 26.79 °C | humidity: 21.40 %RH
DATA: dry_enclosure: ✅ PID_P: -0.014061
DATA: dry_enclosure: ✅ PID_I: 161.729507
DATA: dry_enclosure: ✅ PID_D: 0.000293
Loop is running, OTA handle is active...
DATA: dry_enclosure: ✅ PID_P: -0.014061
DATA: dry_enclosure: ✅ PID_I: 161.715454
DATA: dry_enclosure: ✅ PID_D: 0.000000
DATA: dry_enclosure: ✅ Sensor_8: temperature: 24.92 °C | humidity: 23.60 %RH
DATA: dry_enclosure: ✅ PID_P: -0.013538
DATA: dry_enclosure: ✅ PID_I: 161.701111
DATA: dry_enclosure: ✅ PID_D: 0.000493
DATA: dry_enclosure: ✅ PID_P: -0.013538
DATA: dry_enclosure: ✅ PID_I: 161.687576
DATA: dry_enclosure: ✅ PID_D: 0.000000
DATA: dry_enclosure: ✅ Sensor_9: temperature: 26.13 °C | humidity: 22.10 %RH
DATA: dry_enclosure: ✅ PID_P: -0.013224
DATA: dry_enclosure: ✅ PID_I: 161.672470
DATA: dry_enclosure: ✅ PID_D: 0.000275
DATA: dry_enclosure: ✅ PID_P: -0.013224
DATA: dry_enclosure: ✅ PID_I: 161.659241
DATA: dry_enclosure: ✅ PID_D: 0.000000
Loop is running, OTA handle is active...
DATA: dry_enclosure: ✅ Sensor_1: temperature: 25.39 °C | humidity: 24.30 %RH
DATA: dry_enclosure: ✅ PID_P: -0.012806
DATA: dry_enclosure: ✅ PID_I: 161.644882
DATA: dry_enclosure: ✅ PID_D: 0.000373
DATA: dry_enclosure: ✅ PID_P: -0.012806
DATA: dry_enclosure: ✅ PID_I: 161.632080
DATA: dry_enclosure: ✅ PID_D: 0.000000
DATA: dry_enclosure: ✅ Sensor_2: temperature: 26.13 °C | humidity: 23.30 %RH
DATA: dry_enclosure: ✅ PID_P: -0.012388
DATA: dry_enclosure: ✅ PID_I: 161.618713
DATA: dry_enclosure: ✅ PID_D: 0.000388
DATA: dry_enclosure: ✅ PID_P: -0.012388
DATA: dry_enclosure: ✅ PID_I: 161.606323
DATA: dry_enclosure: ✅ PID_D: 0.000000
[ID 3] Error: 0xE2
DATA: dry_enclosure: ✅ PID_P: -0.012388
DATA: dry_enclosure: ✅ PID_I: 161.518158
DATA: dry_enclosure: ✅ PID_D: 0.000000
Loop is running, OTA handle is active...
DATA: dry_enclosure: ✅ PID_P: -0.012388
DATA: dry_enclosure: ✅ PID_I: 161.505768
DATA: dry_enclosure: ✅ PID_D: 0.000000
DATA: dry_enclosure: ✅ Sensor_4: temperature: 23.99 °C | humidity: 25.00 %RH
DATA: dry_enclosure: ✅ PID_P: -0.011969
DATA: dry_enclosure: ✅ PID_I: 161.492142
DATA: dry_enclosure: ✅ PID_D: 0.000368
DATA: dry_enclosure: ✅ PID_P: -0.011969
DATA: dry_enclosure: ✅ PID_I: 161.480179
DATA: dry_enclosure: ✅ PID_D: 0.000000
[ID 5] Error: 0xE2
DATA: dry_enclosure: ✅ PID_P: -0.011969
DATA: dry_enclosure: ✅ PID_I: 161.394989
DATA: dry_enclosure: ✅ PID_D: 0.000000
DATA: dry_enclosure: ✅ Fan_1: 1
DATA: dry_enclosure: ✅ Fan_2: 1
DATA: dry_enclosure: ✅ Fan_3: 1
DATA: dry_enclosure: ✅ Fan_4: 1
DATA: dry_enclosure: ✅ Fan_5: 1
DATA: dry_enclosure: ✅ Fan_6: 1
DATA: dry_enclosure: ✅ Fan_7: 1
DATA: dry_enclosure: ✅ Fan_8: 1
DATA: dry_enclosure: ✅ Fan_9: 1
DATA: dry_enclosure: ✅ Fan_10: 1
DATA: dry_enclosure: ✅ Fan_11: 1
DATA: dry_enclosure: ✅ Fan_12: 1
DATA: dry_enclosure: ✅ Heater_Percent: 0.0 %
DATA: dry_enclosure: ✅ Dehumidifier_Percent: 43.7 %RH
Loop is running, OTA handle is active...
DATA: dry_enclosure: ✅ PID_P: -0.011969
DATA: dry_enclosure: ✅ PID_I: 161.383026
DATA: dry_enclosure: ✅ PID_D: 0.000000
DATA: dry_enclosure: ✅ Sensor_6: temperature: 25.57 °C | humidity: 24.20 %RH
DATA: dry_enclosure: ✅ PID_P: -0.011655
DATA: dry_enclosure: ✅ PID_I: 161.369675
DATA: dry_enclosure: ✅ PID_D: 0.000274
DATA: dry_enclosure: ✅ PID_P: -0.011655
DATA: dry_enclosure: ✅ PID_I: 161.358017
DATA: dry_enclosure: ✅ PID_D: 0.000000
DATA: dry_enclosure: ✅ Sensor_7: temperature: 26.69 °C | humidity: 21.60 %RH
DATA: dry_enclosure: ✅ PID_P: -0.011446
DATA: dry_enclosure: ✅ PID_I: 161.345123
DATA: dry_enclosure: ✅ PID_D: 0.000186
Loop is running, OTA handle is active...
DATA: dry_enclosure: ✅ PID_P: -0.011446
DATA: dry_enclosure: ✅ PID_I: 161.333679
DATA: dry_enclosure: ✅ PID_D: 0.000000
DATA: dry_enclosure: ✅ Sensor_8: temperature: 24.83 °C | humidity: 23.80 %RH
DATA: dry_enclosure: ✅ PID_P: -0.011236
DATA: dry_enclosure: ✅ PID_I: 161.321426
DATA: dry_enclosure: ✅ PID_D: 0.000192
DATA: dry_enclosure: ✅ PID_P: -0.011236
DATA: dry_enclosure: ✅ PID_I: 161.310196
DATA: dry_enclosure: ✅ PID_D: 0.000000
DATA: dry_enclosure: ✅ Sensor_9: temperature: 25.95 °C | humidity: 22.30 %RH
DATA: dry_enclosure: ✅ PID_P: -0.011027
DATA: dry_enclosure: ✅ PID_I: 161.297684
DATA: dry_enclosure: ✅ PID_D: 0.000184
DATA: dry_enclosure: ✅ PID_P: -0.011027
DATA: dry_enclosure: ✅ PID_I: 161.286652
DATA: dry_enclosure: ✅ PID_D: 0.000000
Loop is running, OTA handle is active...
DATA: dry_enclosure: ✅ Sensor_1: temperature: 25.20 °C | humidity: 24.60 %RH
DATA: dry_enclosure: ✅ PID_P: -0.010713
DATA: dry_enclosure: ✅ PID_I: 161.274551
DATA: dry_enclosure: ✅ PID_D: 0.000278
DATA: dry_enclosure: ✅ PID_P: -0.010713
DATA: dry_enclosure: ✅ PID_I: 161.263840
DATA: dry_enclosure: ✅ PID_D: 0.000000
DATA: dry_enclosure: ✅ PID_P: -0.010713
DATA: dry_enclosure: ✅ PID_I: 161.253128
DATA: dry_enclosure: ✅ PID_D: 0.000000
DATA: dry_enclosure: ✅ Sensor_2: temperature: 26.04 °C | humidity: 23.60 %RH
DATA: dry_enclosure: ✅ PID_P: -0.010398
DATA: dry_enclosure: ✅ PID_I: 161.242737
DATA: dry_enclosure: ✅ PID_D: 0.000315
DATA: dry_enclosure: ✅ PID_P: -0.010398
DATA: dry_enclosure: ✅ PID_I: 161.232346
DATA: dry_enclosure: ✅ PID_D: 0.000000
[ID 3] Error: 0xE2
DATA: dry_enclosure: ✅ PID_P: -0.010398
DATA: dry_enclosure: ✅ PID_I: 161.167328
DATA: dry_enclosure: ✅ PID_D: 0.000000
Loop is running, OTA handle is active...
DATA: dry_enclosure: ✅ PID_P: -0.010398
DATA: dry_enclosure: ✅ PID_I: 161.156937
DATA: dry_enclosure: ✅ PID_D: 0.000000
DATA: dry_enclosure: ✅ Sensor_4: temperature: 24.08 °C | humidity: 25.10 %RH
DATA: dry_enclosure: ✅ PID_P: -0.010293
DATA: dry_enclosure: ✅ PID_I: 161.145309
DATA: dry_enclosure: ✅ PID_D: 0.000093
DATA: dry_enclosure: ✅ PID_P: -0.010293
DATA: dry_enclosure: ✅ PID_I: 161.135010
DATA: dry_enclosure: ✅ PID_D: 0.000000
[ID 5] Error: 0xE2
DATA: dry_enclosure: ✅ PID_P: -0.010293
DATA: dry_enclosure: ✅ PID_I: 161.061752
DATA: dry_enclosure: ✅ PID_D: 0.000000
DATA: dry_enclosure: ✅ Fan_1: 1
DATA: dry_enclosure: ✅ Fan_2: 1
DATA: dry_enclosure: ✅ Fan_3: 1
DATA: dry_enclosure: ✅ Fan_4: 1
DATA: dry_enclosure: ✅ Fan_5: 1
DATA: dry_enclosure: ✅ Fan_6: 1
DATA: dry_enclosure: ✅ Fan_7: 1
DATA: dry_enclosure: ✅ Fan_8: 1
DATA: dry_enclosure: ✅ Fan_9: 1
DATA: dry_enclosure: ✅ Fan_10: 1
DATA: dry_enclosure: ✅ Fan_11: 1
DATA: dry_enclosure: ✅ Fan_12: 1
DATA: dry_enclosure: ✅ Heater_Percent: 0.0 %
DATA: dry_enclosure: ✅ Dehumidifier_Percent: 43.7 %RH
Loop is running, OTA handle is active...
DATA: dry_enclosure: ✅ PID_P: -0.010293
DATA: dry_enclosure: ✅ PID_I: 161.051453
DATA: dry_enclosure: ✅ PID_D: 0.000000
DATA: dry_enclosure: ✅ Sensor_6: temperature: 25.48 °C | humidity: 24.30 %RH
DATA: dry_enclosure: ✅ PID_P: -0.010188
DATA: dry_enclosure: ✅ PID_I: 161.039856
DATA: dry_enclosure: ✅ PID_D: 0.000092
DATA: dry_enclosure: ✅ PID_P: -0.010188
DATA: dry_enclosure: ✅ PID_I: 161.029663
DATA: dry_enclosure: ✅ PID_D: 0.000000
DATA: dry_enclosure: ✅ Sensor_7: temperature: 26.60 °C | humidity: 21.80 %RH
DATA: dry_enclosure: ✅ PID_P: -0.009979
DATA: dry_enclosure: ✅ PID_I: 161.018402
DATA: dry_enclosure: ✅ PID_D: 0.000186
Loop is running, OTA handle is active...
DATA: dry_enclosure: ✅ PID_P: -0.009979
DATA: dry_enclosure: ✅ PID_I: 161.008423
DATA: dry_enclosure: ✅ PID_D: 0.000000
DATA: dry_enclosure: ✅ Sensor_8: temperature: 24.92 °C | humidity: 23.80 %RH
DATA: dry_enclosure: ✅ PID_P: -0.009978
DATA: dry_enclosure: ✅ PID_I: 160.997635
DATA: dry_enclosure: ✅ PID_D: 0.000000
DATA: dry_enclosure: ✅ PID_P: -0.009978
DATA: dry_enclosure: ✅ PID_I: 160.987656
DATA: dry_enclosure: ✅ PID_D: 0.000000
DATA: dry_enclosure: ✅ Sensor_9: temperature: 25.95 °C | humidity: 22.50 %RH
DATA: dry_enclosure: ✅ PID_P: -0.009768
DATA: dry_enclosure: ✅ PID_I: 160.976624
DATA: dry_enclosure: ✅ PID_D: 0.000186
DATA: dry_enclosure: ✅ PID_P: -0.009768
DATA: dry_enclosure: ✅ PID_I: 160.966858
DATA: dry_enclosure: ✅ PID_D: 0.000000
Loop is running, OTA handle is active...
DATA: dry_enclosure: ✅ Sensor_1: temperature: 25.20 °C | humidity: 24.80 %RH
DATA: dry_enclosure: ✅ PID_P: -0.009558
DATA: dry_enclosure: ✅ PID_I: 160.956024
DATA: dry_enclosure: ✅ PID_D: 0.000185
DATA: dry_enclosure: ✅ PID_P: -0.009558
DATA: dry_enclosure: ✅ PID_I: 160.946472
DATA: dry_enclosure: ✅ PID_D: 0.000000
DATA: dry_enclosure: ✅ Sensor_2: temperature: 25.95 °C | humidity: 23.80 %RH
DATA: dry_enclosure: ✅ PID_P: -0.009349
DATA: dry_enclosure: ✅ PID_I: 160.935974
DATA: dry_enclosure: ✅ PID_D: 0.000187
DATA: dry_enclosure: ✅ PID_P: -0.009349
DATA: dry_enclosure: ✅ PID_I: 160.926620
DATA: dry_enclosure: ✅ PID_D: 0.000000
[ID 3] Error: 0xE2
DATA: dry_enclosure: ✅ PID_P: -0.009349
DATA: dry_enclosure: ✅ PID_I: 160.860092
DATA: dry_enclosure: ✅ PID_D: 0.000000
Loop is running, OTA handle is active...
DATA: dry_enclosure: ✅ PID_P: -0.009349
DATA: dry_enclosure: ✅ PID_I: 160.850739
DATA: dry_enclosure: ✅ PID_D: 0.000000
DATA: dry_enclosure: ✅ Sensor_4: temperature: 24.27 °C | humidity: 24.90 %RH
DATA: dry_enclosure: ✅ PID_P: -0.009558
DATA: dry_enclosure: ✅ PID_I: 160.839890
DATA: dry_enclosure: ✅ PID_D: -0.000184
DATA: dry_enclosure: ✅ PID_P: -0.009558
DATA: dry_enclosure: ✅ PID_I: 160.830338
DATA: dry_enclosure: ✅ PID_D: 0.000000
DATA: dry_enclosure: ✅ PID_P: -0.009558
DATA: dry_enclosure: ✅ PID_I: 160.820786
DATA: dry_enclosure: ✅ PID_D: 0.000000
[ID 5] Error: 0xE2
DATA: dry_enclosure: ✅ PID_P: -0.009558
DATA: dry_enclosure: ✅ PID_I: 160.762299
DATA: dry_enclosure: ✅ PID_D: 0.000000
DATA: dry_enclosure: ✅ Fan_1: 1
DATA: dry_enclosure: ✅ Fan_2: 1
DATA: dry_enclosure: ✅ Fan_3: 1
DATA: dry_enclosure: ✅ Fan_4: 1
DATA: dry_enclosure: ✅ Fan_5: 1
DATA: dry_enclosure: ✅ Fan_6: 1
DATA: dry_enclosure: ✅ Fan_7: 1
DATA: dry_enclosure: ✅ Fan_8: 1
DATA: dry_enclosure: ✅ Fan_9: 1
DATA: dry_enclosure: ✅ Fan_10: 1
DATA: dry_enclosure: ✅ Fan_11: 1
DATA: dry_enclosure: ✅ Fan_12: 1
DATA: dry_enclosure: ✅ Heater_Percent: 0.0 %
DATA: dry_enclosure: ✅ Dehumidifier_Percent: 43.7 %RH
Loop is running, OTA handle is active...
DATA: dry_enclosure: ✅ PID_P: -0.009558
DATA: dry_enclosure: ✅ PID_I: 160.752747
DATA: dry_enclosure: ✅ PID_D: 0.000000
DATA: dry_enclosure: ✅ Sensor_6: temperature: 25.48 °C | humidity: 24.40 %RH
DATA: dry_enclosure: ✅ PID_P: -0.009453
DATA: dry_enclosure: ✅ PID_I: 160.741898
DATA: dry_enclosure: ✅ PID_D: 0.000091
DATA: dry_enclosure: ✅ PID_P: -0.009453
DATA: dry_enclosure: ✅ PID_I: 160.732452
DATA: dry_enclosure: ✅ PID_D: 0.000000
DATA: dry_enclosure: ✅ Sensor_7: temperature: 26.51 °C | humidity: 21.90 %RH
DATA: dry_enclosure: ✅ PID_P: -0.009348
DATA: dry_enclosure: ✅ PID_I: 160.721817
DATA: dry_enclosure: ✅ PID_D: 0.000092
Loop is running, OTA handle is active...
DATA: dry_enclosure: ✅ PID_P: -0.009348
DATA: dry_enclosure: ✅ PID_I: 160.712463
DATA: dry_enclosure: ✅ PID_D: 0.000000
DATA: dry_enclosure: ✅ Sensor_8: temperature: 25.11 °C | humidity: 23.70 %RH
DATA: dry_enclosure: ✅ PID_P: -0.009452
DATA: dry_enclosure: ✅ PID_I: 160.702362
DATA: dry_enclosure: ✅ PID_D: -0.000097
DATA: dry_enclosure: ✅ PID_P: -0.009452
DATA: dry_enclosure: ✅ PID_I: 160.692917
DATA: dry_enclosure: ✅ PID_D: 0.000000
DATA: dry_enclosure: ✅ Sensor_9: temperature: 25.95 °C | humidity: 22.50 %RH
DATA: dry_enclosure: ✅ PID_P: -0.009452
DATA: dry_enclosure: ✅ PID_I: 160.682297
DATA: dry_enclosure: ✅ PID_D: 0.000000
DATA: dry_enclosure: ✅ PID_P: -0.009452
DATA: dry_enclosure: ✅ PID_I: 160.672852
DATA: dry_enclosure: ✅ PID_D: 0.000000
Loop is running, OTA handle is active...
DATA: dry_enclosure: ✅ Sensor_1: temperature: 25.20 °C | humidity: 24.80 %RH
DATA: dry_enclosure: ✅ PID_P: -0.009452
DATA: dry_enclosure: ✅ PID_I: 160.662109
DATA: dry_enclosure: ✅ PID_D: 0.000000
DATA: dry_enclosure: ✅ PID_P: -0.009452
DATA: dry_enclosure: ✅ PID_I: 160.652664
DATA: dry_enclosure: ✅ PID_D: 0.000000
DATA: dry_enclosure: ✅ Sensor_2: temperature: 25.95 °C | humidity: 23.90 %RH
DATA: dry_enclosure: ✅ PID_P: -0.009347
DATA: dry_enclosure: ✅ PID_I: 160.641937
DATA: dry_enclosure: ✅ PID_D: 0.000092
DATA: dry_enclosure: ✅ PID_P: -0.009347
DATA: dry_enclosure: ✅ PID_I: 160.632584
DATA: dry_enclosure: ✅ PID_D: 0.000000
[ID 3] Error: 0xE2
DATA: dry_enclosure: ✅ PID_P: -0.009347
DATA: dry_enclosure: ✅ PID_I: 160.566055
DATA: dry_enclosure: ✅ PID_D: 0.000000
Loop is running, OTA handle is active...
DATA: dry_enclosure: ✅ PID_P: -0.009347
DATA: dry_enclosure: ✅ PID_I: 160.556702
DATA: dry_enclosure: ✅ PID_D: 0.000000
DATA: dry_enclosure: ✅ Sensor_4: temperature: 24.55 °C | humidity: 24.70 %RH
DATA: dry_enclosure: ✅ PID_P: -0.009556
DATA: dry_enclosure: ✅ PID_I: 160.545929
DATA: dry_enclosure: ✅ PID_D: -0.000185
DATA: dry_enclosure: ✅ PID_P: -0.009556
DATA: dry_enclosure: ✅ PID_I: 160.536377
DATA: dry_enclosure: ✅ PID_D: 0.000000
DATA: dry_enclosure: ✅ PID_P: -0.009556
DATA: dry_enclosure: ✅ PID_I: 160.526825
DATA: dry_enclosure: ✅ PID_D: 0.000000
[ID 5] Error: 0xE2
DATA: dry_enclosure: ✅ PID_P: -0.009556
DATA: dry_enclosure: ✅ PID_I: 160.468353
DATA: dry_enclosure: ✅ PID_D: 0.000000
DATA: dry_enclosure: ✅ Fan_1: 1
DATA: dry_enclosure: ✅ Fan_2: 1
DATA: dry_enclosure: ✅ Fan_3: 1
DATA: dry_enclosure: ✅ Fan_4: 1
DATA: dry_enclosure: ✅ Fan_5: 1
DATA: dry_enclosure: ✅ Fan_6: 1
DATA: dry_enclosure: ✅ Fan_7: 1
DATA: dry_enclosure: ✅ Fan_8: 1
DATA: dry_enclosure: ✅ Fan_9: 1
DATA: dry_enclosure: ✅ Fan_10: 1
DATA: dry_enclosure: ✅ Fan_11: 1
DATA: dry_enclosure: ✅ Fan_12: 1
DATA: dry_enclosure: ✅ Heater_Percent: 0.0 %
DATA: dry_enclosure: ✅ Dehumidifier_Percent: 43.6 %RH
Loop is running, OTA handle is active...
DATA: dry_enclosure: ✅ PID_P: -0.009556
DATA: dry_enclosure: ✅ PID_I: 160.458801
DATA: dry_enclosure: ✅ PID_D: 0.000000
DATA: dry_enclosure: ✅ PID_P: -0.009556
DATA: dry_enclosure: ✅ PID_I: 160.449249
DATA: dry_enclosure: ✅ PID_D: 0.000000
DATA: dry_enclosure: ✅ Sensor_6: temperature: 25.57 °C | humidity: 24.50 %RH
DATA: dry_enclosure: ✅ PID_P: -0.009451
DATA: dry_enclosure: ✅ PID_I: 160.439804
DATA: dry_enclosure: ✅ PID_D: 0.000105
DATA: dry_enclosure: ✅ PID_P: -0.009451
DATA: dry_enclosure: ✅ PID_I: 160.430359
DATA: dry_enclosure: ✅ PID_D: 0.000000
DATA: dry_enclosure: ✅ Sensor_7: temperature: 26.51 °C | humidity: 22.10 %RH
DATA: dry_enclosure: ✅ PID_P: -0.009241
DATA: dry_enclosure: ✅ PID_I: 160.421112
DATA: dry_enclosure: ✅ PID_D: 0.000210
Loop is running, OTA handle is active...
DATA: dry_enclosure: ✅ PID_P: -0.009241
DATA: dry_enclosure: ✅ PID_I: 160.411865
DATA: dry_enclosure: ✅ PID_D: 0.000000
DATA: dry_enclosure: ✅ Sensor_8: temperature: 25.20 °C | humidity: 23.60 %RH
DATA: dry_enclosure: ✅ PID_P: -0.009345
DATA: dry_enclosure: ✅ PID_I: 160.402527
DATA: dry_enclosure: ✅ PID_D: -0.000105
DATA: dry_enclosure: ✅ PID_P: -0.009345
DATA: dry_enclosure: ✅ PID_I: 160.393188
DATA: dry_enclosure: ✅ PID_D: 0.000000
DATA: dry_enclosure: ✅ Sensor_9: temperature: 25.95 °C | humidity: 22.60 %RH
DATA: dry_enclosure: ✅ PID_P: -0.009240
DATA: dry_enclosure: ✅ PID_I: 160.383942
DATA: dry_enclosure: ✅ PID_D: 0.000105
DATA: dry_enclosure: ✅ PID_P: -0.009240
DATA: dry_enclosure: ✅ PID_I: 160.374695
DATA: dry_enclosure: ✅ PID_D: 0.000000
Loop is running, OTA handle is active...
DATA: dry_enclosure: ✅ Sensor_1: temperature: 25.29 °C | humidity: 24.80 %RH
DATA: dry_enclosure: ✅ PID_P: -0.009240
DATA: dry_enclosure: ✅ PID_I: 160.365448
DATA: dry_enclosure: ✅ PID_D: 0.000000
DATA: dry_enclosure: ✅ PID_P: -0.009240
DATA: dry_enclosure: ✅ PID_I: 160.356201
DATA: dry_enclosure: ✅ PID_D: 0.000000
DATA: dry_enclosure: ✅ Sensor_2: temperature: 26.04 °C | humidity: 23.90 %RH
DATA: dry_enclosure: ✅ PID_P: -0.009239
DATA: dry_enclosure: ✅ PID_I: 160.346954
DATA: dry_enclosure: ✅ PID_D: 0.000000
DATA: dry_enclosure: ✅ PID_P: -0.009239
DATA: dry_enclosure: ✅ PID_I: 160.337708
DATA: dry_enclosure: ✅ PID_D: 0.000000
[ID 3] Error: 0xE2
DATA: dry_enclosure: ✅ PID_P: -0.009239
DATA: dry_enclosure: ✅ PID_I: 160.274872
DATA: dry_enclosure: ✅ PID_D: 0.000000
Loop is running, OTA handle is active...
DATA: dry_enclosure: ✅ PID_P: -0.009239
DATA: dry_enclosure: ✅ PID_I: 160.265625
DATA: dry_enclosure: ✅ PID_D: 0.000000
DATA: dry_enclosure: ✅ Sensor_4: temperature: 24.83 °C | humidity: 24.40 %RH
DATA: dry_enclosure: ✅ PID_P: -0.009553
DATA: dry_enclosure: ✅ PID_I: 160.254807
DATA: dry_enclosure: ✅ PID_D: -0.000277
DATA: dry_enclosure: ✅ PID_P: -0.009553
DATA: dry_enclosure: ✅ PID_I: 160.245255
DATA: dry_enclosure: ✅ PID_D: 0.000000
[ID 5] Error: 0xE2
DATA: dry_enclosure: ✅ PID_P: -0.009553
DATA: dry_enclosure: ✅ PID_I: 160.177261
DATA: dry_enclosure: ✅ PID_D: 0.000000
DATA: dry_enclosure: ✅ Fan_1: 1
DATA: dry_enclosure: ✅ Fan_2: 1
DATA: dry_enclosure: ✅ Fan_3: 1
DATA: dry_enclosure: ✅ Fan_4: 1
DATA: dry_enclosure: ✅ Fan_5: 1
DATA: dry_enclosure: ✅ Fan_6: 1
DATA: dry_enclosure: ✅ Fan_7: 1
DATA: dry_enclosure: ✅ Fan_8: 1
DATA: dry_enclosure: ✅ Fan_9: 1
DATA: dry_enclosure: ✅ Fan_10: 1
DATA: dry_enclosure: ✅ Fan_11: 1
DATA: dry_enclosure: ✅ Fan_12: 1
DATA: dry_enclosure: ✅ Heater_Percent: 0.0 %
DATA: dry_enclosure: ✅ Dehumidifier_Percent: 43.5 %RH
Loop is running, OTA handle is active...
DATA: dry_enclosure: ✅ PID_P: -0.009553
DATA: dry_enclosure: ✅ PID_I: 160.167709
DATA: dry_enclosure: ✅ PID_D: 0.000000
DATA: dry_enclosure: ✅ Sensor_6: temperature: 25.67 °C | humidity: 24.50 %RH
DATA: dry_enclosure: ✅ PID_P: -0.009553
DATA: dry_enclosure: ✅ PID_I: 160.156555
DATA: dry_enclosure: ✅ PID_D: 0.000000
DATA: dry_enclosure: ✅ PID_P: -0.009553
DATA: dry_enclosure: ✅ PID_I: 160.147003
DATA: dry_enclosure: ✅ PID_D: 0.000000
DATA: dry_enclosure: ✅ PID_P: -0.009553
DATA: dry_enclosure: ✅ PID_I: 160.137451
DATA: dry_enclosure: ✅ PID_D: 0.000000
DATA: dry_enclosure: ✅ Sensor_7: temperature: 26.51 °C | humidity: 22.10 %RH
Loop is running, OTA handle is active...
DATA: dry_enclosure: ✅ PID_P: -0.009553
DATA: dry_enclosure: ✅ PID_I: 160.127899
DATA: dry_enclosure: ✅ PID_D: 0.000000
DATA: dry_enclosure: ✅ PID_P: -0.009553
DATA: dry_enclosure: ✅ PID_I: 160.118347
DATA: dry_enclosure: ✅ PID_D: 0.000000
DATA: dry_enclosure: ✅ Sensor_8: temperature: 25.39 °C | humidity: 23.60 %RH
DATA: dry_enclosure: ✅ PID_P: -0.009552
DATA: dry_enclosure: ✅ PID_I: 160.108795
DATA: dry_enclosure: ✅ PID_D: 0.000001
DATA: dry_enclosure: ✅ PID_P: -0.009552
DATA: dry_enclosure: ✅ PID_I: 160.099243
DATA: dry_enclosure: ✅ PID_D: 0.000000
DATA: dry_enclosure: ✅ Sensor_9: temperature: 25.95 °C | humidity: 22.70 %RH
DATA: dry_enclosure: ✅ PID_P: -0.009447
DATA: dry_enclosure: ✅ PID_I: 160.089798
DATA: dry_enclosure: ✅ PID_D: 0.000105
Loop is running, OTA handle is active...
DATA: dry_enclosure: ✅ PID_P: -0.009447
DATA: dry_enclosure: ✅ PID_I: 160.080353
DATA: dry_enclosure: ✅ PID_D: 0.000000
DATA: dry_enclosure: ✅ Sensor_1: temperature: 25.48 °C | humidity: 24.70 %RH
DATA: dry_enclosure: ✅ PID_P: -0.009551
DATA: dry_enclosure: ✅ PID_I: 160.070801
DATA: dry_enclosure: ✅ PID_D: -0.000104
DATA: dry_enclosure: ✅ PID_P: -0.009551
DATA: dry_enclosure: ✅ PID_I: 160.061249
DATA: dry_enclosure: ✅ PID_D: 0.000000
DATA: dry_enclosure: ✅ Sensor_2: temperature: 26.13 °C | humidity: 24.00 %RH
DATA: dry_enclosure: ✅ PID_P: -0.009446
DATA: dry_enclosure: ✅ PID_I: 160.051804
DATA: dry_enclosure: ✅ PID_D: 0.000105
DATA: dry_enclosure: ✅ PID_P: -0.009446
DATA: dry_enclosure: ✅ PID_I: 160.042358
DATA: dry_enclosure: ✅ PID_D: 0.000000
[ID 3] Error: 0xE2
DATA: dry_enclosure: ✅ PID_P: -0.009446
DATA: dry_enclosure: ✅ PID_I: 159.978806
DATA: dry_enclosure: ✅ PID_D: 0.000000
Loop is running, OTA handle is active...
DATA: dry_enclosure: ✅ PID_P: -0.009446
DATA: dry_enclosure: ✅ PID_I: 159.969360
DATA: dry_enclosure: ✅ PID_D: 0.000000
DATA: dry_enclosure: ✅ Sensor_4: temperature: 25.01 °C | humidity: 24.20 %RH
DATA: dry_enclosure: ✅ PID_P: -0.009655
DATA: dry_enclosure: ✅ PID_I: 159.958649
DATA: dry_enclosure: ✅ PID_D: -0.000188
DATA: dry_enclosure: ✅ PID_P: -0.009655
DATA: dry_enclosure: ✅ PID_I: 159.948990
DATA: dry_enclosure: ✅ PID_D: 0.000000
[ID 5] Error: 0xE2
DATA: dry_enclosure: ✅ PID_P: -0.009655
DATA: dry_enclosure: ✅ PID_I: 159.880280
DATA: dry_enclosure: ✅ PID_D: 0.000000
DATA: dry_enclosure: ✅ Fan_1: 1
DATA: dry_enclosure: ✅ Fan_2: 1
DATA: dry_enclosure: ✅ Fan_3: 1
DATA: dry_enclosure: ✅ Fan_4: 1
DATA: dry_enclosure: ✅ Fan_5: 1
DATA: dry_enclosure: ✅ Fan_6: 1
DATA: dry_enclosure: ✅ Fan_7: 1
DATA: dry_enclosure: ✅ Fan_8: 1
DATA: dry_enclosure: ✅ Fan_9: 1
DATA: dry_enclosure: ✅ Fan_10: 1
DATA: dry_enclosure: ✅ Fan_11: 1
DATA: dry_enclosure: ✅ Fan_12: 1
DATA: dry_enclosure: ✅ Heater_Percent: 0.0 %
DATA: dry_enclosure: ✅ Dehumidifier_Percent: 43.4 %RH
Loop is running, OTA handle is active...
DATA: dry_enclosure: ✅ PID_P: -0.009655
DATA: dry_enclosure: ✅ PID_I: 159.870621
DATA: dry_enclosure: ✅ PID_D: 0.000000
DATA: dry_enclosure: ✅ Sensor_6: temperature: 25.76 °C | humidity: 24.40 %RH
DATA: dry_enclosure: ✅ PID_P: -0.009759
DATA: dry_enclosure: ✅ PID_I: 159.859299
DATA: dry_enclosure: ✅ PID_D: -0.000090
DATA: dry_enclosure: ✅ PID_P: -0.009759
DATA: dry_enclosure: ✅ PID_I: 159.849533
DATA: dry_enclosure: ✅ PID_D: 0.000000
DATA: dry_enclosure: ✅ PID_P: -0.009759
DATA: dry_enclosure: ✅ PID_I: 159.839767
DATA: dry_enclosure: ✅ PID_D: 0.000000
DATA: dry_enclosure: ✅ Sensor_7: temperature: 26.60 °C | humidity: 22.20 %RH
Loop is running, OTA handle is active...
DATA: dry_enclosure: ✅ PID_P: -0.009654
DATA: dry_enclosure: ✅ PID_I: 159.830109
DATA: dry_enclosure: ✅ PID_D: 0.000105
DATA: dry_enclosure: ✅ PID_P: -0.009654
DATA: dry_enclosure: ✅ PID_I: 159.820450
DATA: dry_enclosure: ✅ PID_D: 0.000000
DATA: dry_enclosure: ✅ Sensor_8: temperature: 25.48 °C | humidity: 23.40 %RH
DATA: dry_enclosure: ✅ PID_P: -0.009863
DATA: dry_enclosure: ✅ PID_I: 159.810593
DATA: dry_enclosure: ✅ PID_D: -0.000209
DATA: dry_enclosure: ✅ PID_P: -0.009863
DATA: dry_enclosure: ✅ PID_I: 159.800735
DATA: dry_enclosure: ✅ PID_D: 0.000000
DATA: dry_enclosure: ✅ Sensor_9: temperature: 26.04 °C | humidity: 22.70 %RH
DATA: dry_enclosure: ✅ PID_P: -0.009863
DATA: dry_enclosure: ✅ PID_I: 159.790878
DATA: dry_enclosure: ✅ PID_D: 0.000000
Loop is running, OTA handle is active...
DATA: dry_enclosure: ✅ PID_P: -0.009863
DATA: dry_enclosure: ✅ PID_I: 159.781021
DATA: dry_enclosure: ✅ PID_D: 0.000000
DATA: dry_enclosure: ✅ Sensor_1: temperature: 25.57 °C | humidity: 24.70 %RH
DATA: dry_enclosure: ✅ PID_P: -0.009862
DATA: dry_enclosure: ✅ PID_I: 159.771164
DATA: dry_enclosure: ✅ PID_D: 0.000000
DATA: dry_enclosure: ✅ PID_P: -0.009862
DATA: dry_enclosure: ✅ PID_I: 159.761307
DATA: dry_enclosure: ✅ PID_D: 0.000000
DATA: dry_enclosure: ✅ Sensor_2: temperature: 26.23 °C | humidity: 24.00 %RH
DATA: dry_enclosure: ✅ PID_P: -0.009862
DATA: dry_enclosure: ✅ PID_I: 159.751450
DATA: dry_enclosure: ✅ PID_D: 0.000000
DATA: dry_enclosure: ✅ PID_P: -0.009862
DATA: dry_enclosure: ✅ PID_I: 159.741592
DATA: dry_enclosure: ✅ PID_D: 0.000000
[ID 3] Error: 0xE2
DATA: dry_enclosure: ✅ PID_P: -0.009862
DATA: dry_enclosure: ✅ PID_I: 159.675430
DATA: dry_enclosure: ✅ PID_D: 0.000000
Loop is running, OTA handle is active...
DATA: dry_enclosure: ✅ PID_P: -0.009862
DATA: dry_enclosure: ✅ PID_I: 159.665573
DATA: dry_enclosure: ✅ PID_D: 0.000000
DATA: dry_enclosure: ✅ Sensor_4: temperature: 25.20 °C | humidity: 24.10 %RH
DATA: dry_enclosure: ✅ PID_P: -0.009966
DATA: dry_enclosure: ✅ PID_I: 159.654434
DATA: dry_enclosure: ✅ PID_D: -0.000093
DATA: dry_enclosure: ✅ PID_P: -0.009966
DATA: dry_enclosure: ✅ PID_I: 159.644470
DATA: dry_enclosure: ✅ PID_D: 0.000000
[ID 5] Error: 0xE2
DATA: dry_enclosure: ✅ PID_P: -0.009966
DATA: dry_enclosure: ✅ PID_I: 159.573547
DATA: dry_enclosure: ✅ PID_D: 0.000000
DATA: dry_enclosure: ✅ Fan_1: 1
DATA: dry_enclosure: ✅ Fan_2: 1
DATA: dry_enclosure: ✅ Fan_3: 1
DATA: dry_enclosure: ✅ Fan_4: 1
DATA: dry_enclosure: ✅ Fan_5: 1
DATA: dry_enclosure: ✅ Fan_6: 1
DATA: dry_enclosure: ✅ Fan_7: 1
DATA: dry_enclosure: ✅ Fan_8: 1
DATA: dry_enclosure: ✅ Fan_9: 1
DATA: dry_enclosure: ✅ Fan_10: 1
DATA: dry_enclosure: ✅ Fan_11: 1
DATA: dry_enclosure: ✅ Fan_12: 1
DATA: dry_enclosure: ✅ Heater_Percent: 0.0 %
DATA: dry_enclosure: ✅ Dehumidifier_Percent: 43.3 %RH
Loop is running, OTA handle is active...
DATA: dry_enclosure: ✅ PID_P: -0.009966
DATA: dry_enclosure: ✅ PID_I: 159.563583
DATA: dry_enclosure: ✅ PID_D: 0.000000
DATA: dry_enclosure: ✅ PID_P: -0.009966
DATA: dry_enclosure: ✅ PID_I: 159.553619
DATA: dry_enclosure: ✅ PID_D: 0.000000
DATA: dry_enclosure: ✅ Sensor_6: temperature: 25.85 °C | humidity: 24.40 %RH
DATA: dry_enclosure: ✅ PID_P: -0.009965
DATA: dry_enclosure: ✅ PID_I: 159.543655
DATA: dry_enclosure: ✅ PID_D: 0.000000
DATA: dry_enclosure: ✅ PID_P: -0.009965
DATA: dry_enclosure: ✅ PID_I: 159.533691
DATA: dry_enclosure: ✅ PID_D: 0.000000
DATA: dry_enclosure: ✅ Sensor_7: temperature: 26.60 °C | humidity: 22.20 %RH
DATA: dry_enclosure: ✅ PID_P: -0.009965
DATA: dry_enclosure: ✅ PID_I: 159.523727
DATA: dry_enclosure: ✅ PID_D: 0.000000
Loop is running, OTA handle is active...
DATA: dry_enclosure: ✅ PID_P: -0.009965
DATA: dry_enclosure: ✅ PID_I: 159.513763
DATA: dry_enclosure: ✅ PID_D: 0.000000
DATA: dry_enclosure: ✅ Sensor_8: temperature: 25.67 °C | humidity: 23.30 %RH
DATA: dry_enclosure: ✅ PID_P: -0.010069
DATA: dry_enclosure: ✅ PID_I: 159.503693
DATA: dry_enclosure: ✅ PID_D: -0.000104
DATA: dry_enclosure: ✅ PID_P: -0.010069
DATA: dry_enclosure: ✅ PID_I: 159.493622
DATA: dry_enclosure: ✅ PID_D: 0.000000
DATA: dry_enclosure: ✅ Sensor_9: temperature: 26.04 °C | humidity: 22.70 %RH
DATA: dry_enclosure: ✅ PID_P: -0.010069
DATA: dry_enclosure: ✅ PID_I: 159.483551
DATA: dry_enclosure: ✅ PID_D: 0.000000
DATA: dry_enclosure: ✅ PID_P: -0.010069
DATA: dry_enclosure: ✅ PID_I: 159.473480
DATA: dry_enclosure: ✅ PID_D: 0.000000
Loop is running, OTA handle is active...
DATA: dry_enclosure: ✅ Sensor_1: temperature: 25.67 °C | humidity: 24.60 %RH
DATA: dry_enclosure: ✅ PID_P: -0.010174
DATA: dry_enclosure: ✅ PID_I: 159.463303
DATA: dry_enclosure: ✅ PID_D: -0.000104
DATA: dry_enclosure: ✅ PID_P: -0.010174
DATA: dry_enclosure: ✅ PID_I: 159.453125
DATA: dry_enclosure: ✅ PID_D: 0.000000
DATA: dry_enclosure: ✅ Sensor_2: temperature: 26.32 °C | humidity: 23.90 %RH
DATA: dry_enclosure: ✅ PID_P: -0.010278
DATA: dry_enclosure: ✅ PID_I: 159.442841
DATA: dry_enclosure: ✅ PID_D: -0.000104
DATA: dry_enclosure: ✅ PID_P: -0.010278
DATA: dry_enclosure: ✅ PID_I: 159.432556
DATA: dry_enclosure: ✅ PID_D: 0.000000
[ID 3] Error: 0xE2
DATA: dry_enclosure: ✅ PID_P: -0.010278
DATA: dry_enclosure: ✅ PID_I: 159.361526
DATA: dry_enclosure: ✅ PID_D: 0.000000
Loop is running, OTA handle is active...
DATA: dry_enclosure: ✅ PID_P: -0.010278
DATA: dry_enclosure: ✅ PID_I: 159.351242
DATA: dry_enclosure: ✅ PID_D: 0.000000
DATA: dry_enclosure: ✅ PID_P: -0.010278
DATA: dry_enclosure: ✅ PID_I: 159.340958
DATA: dry_enclosure: ✅ PID_D: 0.000000
DATA: dry_enclosure: ✅ Sensor_4: temperature: 25.39 °C | humidity: 23.90 %RH
DATA: dry_enclosure: ✅ PID_P: -0.010487
DATA: dry_enclosure: ✅ PID_I: 159.330475
DATA: dry_enclosure: ✅ PID_D: -0.000209
DATA: dry_enclosure: ✅ PID_P: -0.010487
DATA: dry_enclosure: ✅ PID_I: 159.319992
DATA: dry_enclosure: ✅ PID_D: 0.000000
[ID 5] Error: 0xE2
DATA: dry_enclosure: ✅ PID_P: -0.010487
DATA: dry_enclosure: ✅ PID_I: 159.254822
DATA: dry_enclosure: ✅ PID_D: 0.000000
DATA: dry_enclosure: ✅ Fan_1: 1
DATA: dry_enclosure: ✅ Fan_2: 1
DATA: dry_enclosure: ✅ Fan_3: 1
DATA: dry_enclosure: ✅ Fan_4: 1
DATA: dry_enclosure: ✅ Fan_5: 1
DATA: dry_enclosure: ✅ Fan_6: 1
DATA: dry_enclosure: ✅ Fan_7: 1
DATA: dry_enclosure: ✅ Fan_8: 1
DATA: dry_enclosure: ✅ Fan_9: 1
DATA: dry_enclosure: ✅ Fan_10: 1
DATA: dry_enclosure: ✅ Fan_11: 1
DATA: dry_enclosure: ✅ Fan_12: 1
DATA: dry_enclosure: ✅ Heater_Percent: 0.0 %
DATA: dry_enclosure: ✅ Dehumidifier_Percent: 43.2 %RH
Loop is running, OTA handle is active...
DATA: dry_enclosure: ✅ PID_P: -0.010487
DATA: dry_enclosure: ✅ PID_I: 159.244339
DATA: dry_enclosure: ✅ PID_D: 0.000000
DATA: dry_enclosure: ✅ Sensor_6: temperature: 25.95 °C | humidity: 24.30 %RH
DATA: dry_enclosure: ✅ PID_P: -0.010591
DATA: dry_enclosure: ✅ PID_I: 159.232025
DATA: dry_enclosure: ✅ PID_D: -0.000090
DATA: dry_enclosure: ✅ PID_P: -0.010591
DATA: dry_enclosure: ✅ PID_I: 159.221436
DATA: dry_enclosure: ✅ PID_D: 0.000000
DATA: dry_enclosure: ✅ Sensor_7: temperature: 26.69 °C | humidity: 22.20 %RH
DATA: dry_enclosure: ✅ PID_P: -0.010591
DATA: dry_enclosure: ✅ PID_I: 159.209747
DATA: dry_enclosure: ✅ PID_D: 0.000000
Loop is running, OTA handle is active...
DATA: dry_enclosure: ✅ PID_P: -0.010591
DATA: dry_enclosure: ✅ PID_I: 159.199158
DATA: dry_enclosure: ✅ PID_D: 0.000000
DATA: dry_enclosure: ✅ Sensor_8: temperature: 25.76 °C | humidity: 23.20 %RH
DATA: dry_enclosure: ✅ PID_P: -0.010695
DATA: dry_enclosure: ✅ PID_I: 159.187302
DATA: dry_enclosure: ✅ PID_D: -0.000094
DATA: dry_enclosure: ✅ PID_P: -0.010695
DATA: dry_enclosure: ✅ PID_I: 159.176605
DATA: dry_enclosure: ✅ PID_D: 0.000000
DATA: dry_enclosure: ✅ Sensor_9: temperature: 26.13 °C | humidity: 22.70 %RH
DATA: dry_enclosure: ✅ PID_P: -0.010695
DATA: dry_enclosure: ✅ PID_I: 159.164703
DATA: dry_enclosure: ✅ PID_D: 0.000000
DATA: dry_enclosure: ✅ PID_P: -0.010695
DATA: dry_enclosure: ✅ PID_I: 159.154007
DATA: dry_enclosure: ✅ PID_D: 0.000000
Loop is running, OTA handle is active...
DATA: dry_enclosure: ✅ Sensor_1: temperature: 25.85 °C | humidity: 24.50 %RH
DATA: dry_enclosure: ✅ PID_P: -0.010799
DATA: dry_enclosure: ✅ PID_I: 159.142014
DATA: dry_enclosure: ✅ PID_D: -0.000094
DATA: dry_enclosure: ✅ PID_P: -0.010799
DATA: dry_enclosure: ✅ PID_I: 159.131210
DATA: dry_enclosure: ✅ PID_D: 0.000000
DATA: dry_enclosure: ✅ Sensor_2: temperature: 26.41 °C | humidity: 23.80 %RH
DATA: dry_enclosure: ✅ PID_P: -0.010903
DATA: dry_enclosure: ✅ PID_I: 159.118805
DATA: dry_enclosure: ✅ PID_D: -0.000092
DATA: dry_enclosure: ✅ PID_P: -0.010903
DATA: dry_enclosure: ✅ PID_I: 159.107895
DATA: dry_enclosure: ✅ PID_D: 0.000000
[ID 3] Error: 0xE2
DATA: dry_enclosure: ✅ PID_P: -0.010903
DATA: dry_enclosure: ✅ PID_I: 159.030304
DATA: dry_enclosure: ✅ PID_D: 0.000000
Loop is running, OTA handle is active...
DATA: dry_enclosure: ✅ PID_P: -0.010903
DATA: dry_enclosure: ✅ PID_I: 159.019394
DATA: dry_enclosure: ✅ PID_D: 0.000000
DATA: dry_enclosure: ✅ Sensor_4: temperature: 25.48 °C | humidity: 23.80 %RH
DATA: dry_enclosure: ✅ PID_P: -0.011008
DATA: dry_enclosure: ✅ PID_I: 159.007065
DATA: dry_enclosure: ✅ PID_D: -0.000093
DATA: dry_enclosure: ✅ PID_P: -0.011008
DATA: dry_enclosure: ✅ PID_I: 158.996063
DATA: dry_enclosure: ✅ PID_D: 0.000000
[ID 5] Error: 0xE2
DATA: dry_enclosure: ✅ PID_P: -0.011008
DATA: dry_enclosure: ✅ PID_I: 158.917725
DATA: dry_enclosure: ✅ PID_D: 0.000000
DATA: dry_enclosure: ✅ Fan_1: 1
DATA: dry_enclosure: ✅ Fan_2: 1
DATA: dry_enclosure: ✅ Fan_3: 1
DATA: dry_enclosure: ✅ Fan_4: 1
DATA: dry_enclosure: ✅ Fan_5: 1
DATA: dry_enclosure: ✅ Fan_6: 1
DATA: dry_enclosure: ✅ Fan_7: 1
DATA: dry_enclosure: ✅ Fan_8: 1
DATA: dry_enclosure: ✅ Fan_9: 1
DATA: dry_enclosure: ✅ Fan_10: 1
DATA: dry_enclosure: ✅ Fan_11: 1
DATA: dry_enclosure: ✅ Fan_12: 1
DATA: dry_enclosure: ✅ Heater_Percent: 0.0 %
DATA: dry_enclosure: ✅ Dehumidifier_Percent: 43.1 %RH
Loop is running, OTA handle is active...
DATA: dry_enclosure: ✅ PID_P: -0.011008
DATA: dry_enclosure: ✅ PID_I: 158.906723
DATA: dry_enclosure: ✅ PID_D: 0.000000
DATA: dry_enclosure: ✅ Sensor_6: temperature: 26.04 °C | humidity: 24.30 %RH
DATA: dry_enclosure: ✅ PID_P: -0.011007
DATA: dry_enclosure: ✅ PID_I: 158.894028
DATA: dry_enclosure: ✅ PID_D: 0.000000
DATA: dry_enclosure: ✅ PID_P: -0.011007
DATA: dry_enclosure: ✅ PID_I: 158.883026
DATA: dry_enclosure: ✅ PID_D: 0.000000
DATA: dry_enclosure: ✅ Sensor_7: temperature: 26.69 °C | humidity: 22.10 %RH
DATA: dry_enclosure: ✅ PID_P: -0.011112
DATA: dry_enclosure: ✅ PID_I: 158.870377
DATA: dry_enclosure: ✅ PID_D: -0.000092
Loop is running, OTA handle is active...
DATA: dry_enclosure: ✅ PID_P: -0.011112
DATA: dry_enclosure: ✅ PID_I: 158.859268
DATA: dry_enclosure: ✅ PID_D: 0.000000
DATA: dry_enclosure: ✅ Sensor_8: temperature: 25.85 °C | humidity: 23.20 %RH
DATA: dry_enclosure: ✅ PID_P: -0.011111
DATA: dry_enclosure: ✅ PID_I: 158.847351
DATA: dry_enclosure: ✅ PID_D: 0.000000
DATA: dry_enclosure: ✅ PID_P: -0.011111
DATA: dry_enclosure: ✅ PID_I: 158.836243
DATA: dry_enclosure: ✅ PID_D: 0.000000
DATA: dry_enclosure: ✅ PID_P: -0.011111
DATA: dry_enclosure: ✅ PID_I: 158.825134
DATA: dry_enclosure: ✅ PID_D: 0.000000
DATA: dry_enclosure: ✅ Sensor_9: temperature: 26.13 °C | humidity: 22.50 %RH
DATA: dry_enclosure: ✅ PID_P: -0.011321
DATA: dry_enclosure: ✅ PID_I: 158.813812
DATA: dry_enclosure: ✅ PID_D: -0.000210
Loop is running, OTA handle is active...
DATA: dry_enclosure: ✅ PID_P: -0.011321
DATA: dry_enclosure: ✅ PID_I: 158.802490
DATA: dry_enclosure: ✅ PID_D: 0.000000
DATA: dry_enclosure: ✅ Sensor_1: temperature: 25.95 °C | humidity: 24.40 %RH
DATA: dry_enclosure: ✅ PID_P: -0.011425
DATA: dry_enclosure: ✅ PID_I: 158.791061
DATA: dry_enclosure: ✅ PID_D: -0.000104
DATA: dry_enclosure: ✅ PID_P: -0.011425
DATA: dry_enclosure: ✅ PID_I: 158.779633
DATA: dry_enclosure: ✅ PID_D: 0.000000
DATA: dry_enclosure: ✅ Sensor_2: temperature: 26.51 °C | humidity: 23.80 %RH
DATA: dry_enclosure: ✅ PID_P: -0.011425
DATA: dry_enclosure: ✅ PID_I: 158.768204
DATA: dry_enclosure: ✅ PID_D: 0.000001
DATA: dry_enclosure: ✅ PID_P: -0.011425
DATA: dry_enclosure: ✅ PID_I: 158.756775
DATA: dry_enclosure: ✅ PID_D: 0.000000
[ID 3] Error: 0xE2
DATA: dry_enclosure: ✅ PID_P: -0.011425
DATA: dry_enclosure: ✅ PID_I: 158.683060
DATA: dry_enclosure: ✅ PID_D: 0.000000
Loop is running, OTA handle is active...
DATA: dry_enclosure: ✅ PID_P: -0.011425
DATA: dry_enclosure: ✅ PID_I: 158.671631
DATA: dry_enclosure: ✅ PID_D: 0.000000
DATA: dry_enclosure: ✅ Sensor_4: temperature: 25.67 °C | humidity: 23.60 %RH
DATA: dry_enclosure: ✅ PID_P: -0.011633
DATA: dry_enclosure: ✅ PID_I: 158.658569
DATA: dry_enclosure: ✅ PID_D: -0.000186
DATA: dry_enclosure: ✅ PID_P: -0.011633
DATA: dry_enclosure: ✅ PID_I: 158.646942
DATA: dry_enclosure: ✅ PID_D: 0.000000
[ID 5] Error: 0xE2
DATA: dry_enclosure: ✅ PID_P: -0.011633
DATA: dry_enclosure: ✅ PID_I: 158.564148
DATA: dry_enclosure: ✅ PID_D: 0.000000
DATA: dry_enclosure: ✅ Fan_1: 1
DATA: dry_enclosure: ✅ Fan_2: 1
DATA: dry_enclosure: ✅ Fan_3: 1
DATA: dry_enclosure: ✅ Fan_4: 1
DATA: dry_enclosure: ✅ Fan_5: 1
DATA: dry_enclosure: ✅ Fan_6: 1
DATA: dry_enclosure: ✅ Fan_7: 1
DATA: dry_enclosure: ✅ Fan_8: 1
DATA: dry_enclosure: ✅ Fan_9: 1
DATA: dry_enclosure: ✅ Fan_10: 1
DATA: dry_enclosure: ✅ Fan_11: 1
DATA: dry_enclosure: ✅ Fan_12: 1
DATA: dry_enclosure: ✅ Heater_Percent: 0.0 %
DATA: dry_enclosure: ✅ Dehumidifier_Percent: 43.0 %RH
Loop is running, OTA handle is active...
DATA: dry_enclosure: ✅ PID_P: -0.011633
DATA: dry_enclosure: ✅ PID_I: 158.552521
DATA: dry_enclosure: ✅ PID_D: 0.000000
DATA: dry_enclosure: ✅ Sensor_6: temperature: 26.13 °C | humidity: 24.20 %RH
DATA: dry_enclosure: ✅ PID_P: -0.011738
DATA: dry_enclosure: ✅ PID_I: 158.539734
DATA: dry_enclosure: ✅ PID_D: -0.000096
DATA: dry_enclosure: ✅ PID_P: -0.011738
DATA: dry_enclosure: ✅ PID_I: 158.528000
DATA: dry_enclosure: ✅ PID_D: 0.000000
DATA: dry_enclosure: ✅ PID_P: -0.011738
DATA: dry_enclosure: ✅ PID_I: 158.516266
DATA: dry_enclosure: ✅ PID_D: 0.000000
DATA: dry_enclosure: ✅ Sensor_7: temperature: 26.79 °C | humidity: 22.10 %RH
Loop is running, OTA handle is active...
DATA: dry_enclosure: ✅ PID_P: -0.011737
DATA: dry_enclosure: ✅ PID_I: 158.504532
DATA: dry_enclosure: ✅ PID_D: 0.000001
DATA: dry_enclosure: ✅ PID_P: -0.011737
DATA: dry_enclosure: ✅ PID_I: 158.492798
DATA: dry_enclosure: ✅ PID_D: 0.000000
DATA: dry_enclosure: ✅ Sensor_8: temperature: 25.95 °C | humidity: 23.00 %RH
DATA: dry_enclosure: ✅ PID_P: -0.011946
DATA: dry_enclosure: ✅ PID_I: 158.480850
DATA: dry_enclosure: ✅ PID_D: -0.000209
DATA: dry_enclosure: ✅ PID_P: -0.011946
DATA: dry_enclosure: ✅ PID_I: 158.468903
DATA: dry_enclosure: ✅ PID_D: 0.000000
DATA: dry_enclosure: ✅ Sensor_9: temperature: 26.23 °C | humidity: 22.50 %RH
DATA: dry_enclosure: ✅ PID_P: -0.011946
DATA: dry_enclosure: ✅ PID_I: 158.456955
DATA: dry_enclosure: ✅ PID_D: 0.000001
Loop is running, OTA handle is active...
DATA: dry_enclosure: ✅ PID_P: -0.011946
DATA: dry_enclosure: ✅ PID_I: 158.445007
DATA: dry_enclosure: ✅ PID_D: 0.000000
DATA: dry_enclosure: ✅ Sensor_1: temperature: 26.04 °C | humidity: 24.20 %RH
DATA: dry_enclosure: ✅ PID_P: -0.012155
DATA: dry_enclosure: ✅ PID_I: 158.432846
DATA: dry_enclosure: ✅ PID_D: -0.000209
DATA: dry_enclosure: ✅ PID_P: -0.012155
DATA: dry_enclosure: ✅ PID_I: 158.420685
DATA: dry_enclosure: ✅ PID_D: 0.000000
DATA: dry_enclosure: ✅ Sensor_2: temperature: 26.60 °C | humidity: 23.60 %RH
DATA: dry_enclosure: ✅ PID_P: -0.012364
DATA: dry_enclosure: ✅ PID_I: 158.408325
DATA: dry_enclosure: ✅ PID_D: -0.000209
DATA: dry_enclosure: ✅ PID_P: -0.012364
DATA: dry_enclosure: ✅ PID_I: 158.395966
DATA: dry_enclosure: ✅ PID_D: 0.000000
[ID 3] Error: 0xE2
DATA: dry_enclosure: ✅ PID_P: -0.012364
DATA: dry_enclosure: ✅ PID_I: 158.312256
DATA: dry_enclosure: ✅ PID_D: 0.000000
Loop is running, OTA handle is active...
DATA: dry_enclosure: ✅ PID_P: -0.012364
DATA: dry_enclosure: ✅ PID_I: 158.299896
DATA: dry_enclosure: ✅ PID_D: 0.000000
DATA: dry_enclosure: ✅ Sensor_4: temperature: 25.76 °C | humidity: 23.50 %RH
DATA: dry_enclosure: ✅ PID_P: -0.012468
DATA: dry_enclosure: ✅ PID_I: 158.285995
DATA: dry_enclosure: ✅ PID_D: -0.000093
DATA: dry_enclosure: ✅ PID_P: -0.012468
DATA: dry_enclosure: ✅ PID_I: 158.273529
DATA: dry_enclosure: ✅ PID_D: 0.000000
[ID 5] Error: 0xE2
DATA: dry_enclosure: ✅ PID_P: -0.012468
DATA: dry_enclosure: ✅ PID_I: 158.184799
DATA: dry_enclosure: ✅ PID_D: 0.000000
DATA: dry_enclosure: ✅ Fan_1: 1
DATA: dry_enclosure: ✅ Fan_2: 1
DATA: dry_enclosure: ✅ Fan_3: 1
DATA: dry_enclosure: ✅ Fan_4: 1
DATA: dry_enclosure: ✅ Fan_5: 1
DATA: dry_enclosure: ✅ Fan_6: 1
DATA: dry_enclosure: ✅ Fan_7: 1
DATA: dry_enclosure: ✅ Fan_8: 1
DATA: dry_enclosure: ✅ Fan_9: 1
DATA: dry_enclosure: ✅ Fan_10: 1
DATA: dry_enclosure: ✅ Fan_11: 1
DATA: dry_enclosure: ✅ Fan_12: 1
DATA: dry_enclosure: ✅ Heater_Percent: 0.0 %
DATA: dry_enclosure: ✅ Dehumidifier_Percent: 42.8 %RH
Loop is running, OTA handle is active...
DATA: dry_enclosure: ✅ PID_P: -0.012468
DATA: dry_enclosure: ✅ PID_I: 158.172333
DATA: dry_enclosure: ✅ PID_D: 0.000000
DATA: dry_enclosure: ✅ Sensor_6: temperature: 26.23 °C | humidity: 24.10 %RH
DATA: dry_enclosure: ✅ PID_P: -0.012572
DATA: dry_enclosure: ✅ PID_I: 158.157745
DATA: dry_enclosure: ✅ PID_D: -0.000090
DATA: dry_enclosure: ✅ PID_P: -0.012572
DATA: dry_enclosure: ✅ PID_I: 158.145172
DATA: dry_enclosure: ✅ PID_D: 0.000000
DATA: dry_enclosure: ✅ PID_P: -0.012572
DATA: dry_enclosure: ✅ PID_I: 158.132599
DATA: dry_enclosure: ✅ PID_D: 0.000000
DATA: dry_enclosure: ✅ Sensor_7: temperature: 26.79 °C | humidity: 22.00 %RH
Loop is running, OTA handle is active...
DATA: dry_enclosure: ✅ PID_P: -0.012677
DATA: dry_enclosure: ✅ PID_I: 158.119919
DATA: dry_enclosure: ✅ PID_D: -0.000105
DATA: dry_enclosure: ✅ PID_P: -0.012677
DATA: dry_enclosure: ✅ PID_I: 158.107239
DATA: dry_enclosure: ✅ PID_D: 0.000000
DATA: dry_enclosure: ✅ Sensor_8: temperature: 26.04 °C | humidity: 22.90 %RH
DATA: dry_enclosure: ✅ PID_P: -0.012781
DATA: dry_enclosure: ✅ PID_I: 158.094452
DATA: dry_enclosure: ✅ PID_D: -0.000104
DATA: dry_enclosure: ✅ PID_P: -0.012781
DATA: dry_enclosure: ✅ PID_I: 158.081665
DATA: dry_enclosure: ✅ PID_D: 0.000000
DATA: dry_enclosure: ✅ Sensor_9: temperature: 26.32 °C | humidity: 22.40 %RH
DATA: dry_enclosure: ✅ PID_P: -0.012885
DATA: dry_enclosure: ✅ PID_I: 158.068787
DATA: dry_enclosure: ✅ PID_D: -0.000104
Loop is running, OTA handle is active...
DATA: dry_enclosure: ✅ PID_P: -0.012885
DATA: dry_enclosure: ✅ PID_I: 158.055908
DATA: dry_enclosure: ✅ PID_D: 0.000000
DATA: dry_enclosure: ✅ Sensor_1: temperature: 26.13 °C | humidity: 24.10 %RH
DATA: dry_enclosure: ✅ PID_P: -0.012990
DATA: dry_enclosure: ✅ PID_I: 158.042923
DATA: dry_enclosure: ✅ PID_D: -0.000104
DATA: dry_enclosure: ✅ PID_P: -0.012990
DATA: dry_enclosure: ✅ PID_I: 158.029938
DATA: dry_enclosure: ✅ PID_D: 0.000000
DATA: dry_enclosure: ✅ Sensor_2: temperature: 26.69 °C | humidity: 23.60 %RH
DATA: dry_enclosure: ✅ PID_P: -0.012989
DATA: dry_enclosure: ✅ PID_I: 158.016953
DATA: dry_enclosure: ✅ PID_D: 0.000001
DATA: dry_enclosure: ✅ PID_P: -0.012989
DATA: dry_enclosure: ✅ PID_I: 158.003967
DATA: dry_enclosure: ✅ PID_D: 0.000000
[ID 3] Error: 0xE2
DATA: dry_enclosure: ✅ PID_P: -0.012989
DATA: dry_enclosure: ✅ PID_I: 157.916870
DATA: dry_enclosure: ✅ PID_D: 0.000000
Loop is running, OTA handle is active...
DATA: dry_enclosure: ✅ PID_P: -0.012989
DATA: dry_enclosure: ✅ PID_I: 157.903885
DATA: dry_enclosure: ✅ PID_D: 0.000000
DATA: dry_enclosure: ✅ Sensor_4: temperature: 25.85 °C | humidity: 23.30 %RH
DATA: dry_enclosure: ✅ PID_P: -0.013198
DATA: dry_enclosure: ✅ PID_I: 157.888779
DATA: dry_enclosure: ✅ PID_D: -0.000182
DATA: dry_enclosure: ✅ PID_P: -0.013198
DATA: dry_enclosure: ✅ PID_I: 157.875580
DATA: dry_enclosure: ✅ PID_D: 0.000000
[ID 5] Error: 0xE2
DATA: dry_enclosure: ✅ PID_P: -0.013198
DATA: dry_enclosure: ✅ PID_I: 157.781647
DATA: dry_enclosure: ✅ PID_D: 0.000000
DATA: dry_enclosure: ✅ Fan_1: 1
DATA: dry_enclosure: ✅ Fan_2: 1
DATA: dry_enclosure: ✅ Fan_3: 1
DATA: dry_enclosure: ✅ Fan_4: 1
DATA: dry_enclosure: ✅ Fan_5: 1
DATA: dry_enclosure: ✅ Fan_6: 1
DATA: dry_enclosure: ✅ Fan_7: 1
DATA: dry_enclosure: ✅ Fan_8: 1
DATA: dry_enclosure: ✅ Fan_9: 1
DATA: dry_enclosure: ✅ Fan_10: 1
DATA: dry_enclosure: ✅ Fan_11: 1
DATA: dry_enclosure: ✅ Fan_12: 1
DATA: dry_enclosure: ✅ Heater_Percent: 0.0 %
DATA: dry_enclosure: ✅ Dehumidifier_Percent: 42.7 %RH
Loop is running, OTA handle is active...
DATA: dry_enclosure: ✅ PID_P: -0.013198
DATA: dry_enclosure: ✅ PID_I: 157.768448
DATA: dry_enclosure: ✅ PID_D: 0.000000
DATA: dry_enclosure: ✅ Sensor_6: temperature: 26.32 °C | humidity: 23.90 %RH
DATA: dry_enclosure: ✅ PID_P: -0.013407
DATA: dry_enclosure: ✅ PID_I: 157.753067
DATA: dry_enclosure: ✅ PID_D: -0.000182
DATA: dry_enclosure: ✅ PID_P: -0.013407
DATA: dry_enclosure: ✅ PID_I: 157.739655
DATA: dry_enclosure: ✅ PID_D: 0.000000
DATA: dry_enclosure: ✅ Sensor_7: temperature: 26.88 °C | humidity: 22.00 %RH
DATA: dry_enclosure: ✅ PID_P: -0.013406
DATA: dry_enclosure: ✅ PID_I: 157.724304
DATA: dry_enclosure: ✅ PID_D: 0.000001
Loop is running, OTA handle is active...
DATA: dry_enclosure: ✅ PID_P: -0.013406
DATA: dry_enclosure: ✅ PID_I: 157.710892
DATA: dry_enclosure: ✅ PID_D: 0.000000
DATA: dry_enclosure: ✅ Sensor_8: temperature: 26.13 °C | humidity: 22.80 %RH
DATA: dry_enclosure: ✅ PID_P: -0.013510
DATA: dry_enclosure: ✅ PID_I: 157.696259
DATA: dry_enclosure: ✅ PID_D: -0.000096
DATA: dry_enclosure: ✅ PID_P: -0.013510
DATA: dry_enclosure: ✅ PID_I: 157.682755
DATA: dry_enclosure: ✅ PID_D: 0.000000
DATA: dry_enclosure: ✅ Sensor_9: temperature: 26.41 °C | humidity: 22.40 %RH
DATA: dry_enclosure: ✅ PID_P: -0.013510
DATA: dry_enclosure: ✅ PID_I: 157.667496
DATA: dry_enclosure: ✅ PID_D: 0.000001
DATA: dry_enclosure: ✅ PID_P: -0.013510
DATA: dry_enclosure: ✅ PID_I: 157.653992
DATA: dry_enclosure: ✅ PID_D: 0.000000
Loop is running, OTA handle is active...
DATA: dry_enclosure: ✅ Sensor_1: temperature: 26.23 °C | humidity: 24.00 %RH
DATA: dry_enclosure: ✅ PID_P: -0.013614
DATA: dry_enclosure: ✅ PID_I: 157.638824
DATA: dry_enclosure: ✅ PID_D: -0.000093
DATA: dry_enclosure: ✅ PID_P: -0.013614
DATA: dry_enclosure: ✅ PID_I: 157.625214
DATA: dry_enclosure: ✅ PID_D: 0.000000
DATA: dry_enclosure: ✅ Sensor_2: temperature: 26.79 °C | humidity: 23.40 %RH
DATA: dry_enclosure: ✅ PID_P: -0.013823
DATA: dry_enclosure: ✅ PID_I: 157.609497
DATA: dry_enclosure: ✅ PID_D: -0.000184
DATA: dry_enclosure: ✅ PID_P: -0.013823
DATA: dry_enclosure: ✅ PID_I: 157.595673
DATA: dry_enclosure: ✅ PID_D: 0.000000
[ID 3] Error: 0xE2
DATA: dry_enclosure: ✅ PID_P: -0.013823
DATA: dry_enclosure: ✅ PID_I: 157.497299
DATA: dry_enclosure: ✅ PID_D: 0.000000
Loop is running, OTA handle is active...
DATA: dry_enclosure: ✅ PID_P: -0.013823
DATA: dry_enclosure: ✅ PID_I: 157.483475
DATA: dry_enclosure: ✅ PID_D: 0.000000
DATA: dry_enclosure: ✅ Sensor_4: temperature: 25.95 °C | humidity: 23.20 %RH
DATA: dry_enclosure: ✅ PID_P: -0.013927
DATA: dry_enclosure: ✅ PID_I: 157.467590
DATA: dry_enclosure: ✅ PID_D: -0.000091
DATA: dry_enclosure: ✅ PID_P: -0.013927
DATA: dry_enclosure: ✅ PID_I: 157.453659
DATA: dry_enclosure: ✅ PID_D: 0.000000
[ID 5] Error: 0xE2
DATA: dry_enclosure: ✅ PID_P: -0.013927
DATA: dry_enclosure: ✅ PID_I: 157.354538
DATA: dry_enclosure: ✅ PID_D: 0.000000
DATA: dry_enclosure: ✅ Fan_1: 1
DATA: dry_enclosure: ✅ Fan_2: 1
DATA: dry_enclosure: ✅ Fan_3: 1
DATA: dry_enclosure: ✅ Fan_4: 1
DATA: dry_enclosure: ✅ Fan_5: 1
DATA: dry_enclosure: ✅ Fan_6: 1
DATA: dry_enclosure: ✅ Fan_7: 1
DATA: dry_enclosure: ✅ Fan_8: 1
DATA: dry_enclosure: ✅ Fan_9: 1
DATA: dry_enclosure: ✅ Fan_10: 1
DATA: dry_enclosure: ✅ Fan_11: 1
DATA: dry_enclosure: ✅ Fan_12: 1
DATA: dry_enclosure: ✅ Heater_Percent: 0.0 %
DATA: dry_enclosure: ✅ Dehumidifier_Percent: 42.5 %RH
Loop is running, OTA handle is active...
DATA: dry_enclosure: ✅ PID_P: -0.013927
DATA: dry_enclosure: ✅ PID_I: 157.340607
DATA: dry_enclosure: ✅ PID_D: 0.000000
DATA: dry_enclosure: ✅ Sensor_6: temperature: 26.32 °C | humidity: 23.80 %RH
DATA: dry_enclosure: ✅ PID_P: -0.014031
DATA: dry_enclosure: ✅ PID_I: 157.324326
DATA: dry_enclosure: ✅ PID_D: -0.000090
DATA: dry_enclosure: ✅ PID_P: -0.014031
DATA: dry_enclosure: ✅ PID_I: 157.310287
DATA: dry_enclosure: ✅ PID_D: 0.000000
DATA: dry_enclosure: ✅ Sensor_7: temperature: 26.97 °C | humidity: 21.90 %RH
DATA: dry_enclosure: ✅ PID_P: -0.014136
DATA: dry_enclosure: ✅ PID_I: 157.294296
DATA: dry_enclosure: ✅ PID_D: -0.000092
Loop is running, OTA handle is active...
DATA: dry_enclosure: ✅ PID_P: -0.014136
DATA: dry_enclosure: ✅ PID_I: 157.280167
DATA: dry_enclosure: ✅ PID_D: 0.000000
DATA: dry_enclosure: ✅ Sensor_8: temperature: 26.13 °C | humidity: 22.70 %RH
DATA: dry_enclosure: ✅ PID_P: -0.014240
DATA: dry_enclosure: ✅ PID_I: 157.264877
DATA: dry_enclosure: ✅ PID_D: -0.000097
DATA: dry_enclosure: ✅ PID_P: -0.014240
DATA: dry_enclosure: ✅ PID_I: 157.250641
DATA: dry_enclosure: ✅ PID_D: 0.000000
DATA: dry_enclosure: ✅ Sensor_9: temperature: 26.41 °C | humidity: 22.20 %RH
DATA: dry_enclosure: ✅ PID_P: -0.014450
DATA: dry_enclosure: ✅ PID_I: 157.234146
DATA: dry_enclosure: ✅ PID_D: -0.000183
DATA: dry_enclosure: ✅ PID_P: -0.014450
DATA: dry_enclosure: ✅ PID_I: 157.219696
DATA: dry_enclosure: ✅ PID_D: 0.000000
Loop is running, OTA handle is active...
DATA: dry_enclosure: ✅ Sensor_1: temperature: 26.23 °C | humidity: 23.90 %RH
DATA: dry_enclosure: ✅ PID_P: -0.014554
DATA: dry_enclosure: ✅ PID_I: 157.203552
DATA: dry_enclosure: ✅ PID_D: -0.000094
DATA: dry_enclosure: ✅ PID_P: -0.014554
DATA: dry_enclosure: ✅ PID_I: 157.188995
DATA: dry_enclosure: ✅ PID_D: 0.000000
DATA: dry_enclosure: ✅ Sensor_2: temperature: 26.88 °C | humidity: 23.30 %RH
DATA: dry_enclosure: ✅ PID_P: -0.014658
DATA: dry_enclosure: ✅ PID_I: 157.172211
DATA: dry_enclosure: ✅ PID_D: -0.000091
DATA: dry_enclosure: ✅ PID_P: -0.014658
DATA: dry_enclosure: ✅ PID_I: 157.157547
DATA: dry_enclosure: ✅ PID_D: 0.000000
[ID 3] Error: 0xE2
DATA: dry_enclosure: ✅ PID_P: -0.014658
DATA: dry_enclosure: ✅ PID_I: 157.053223
DATA: dry_enclosure: ✅ PID_D: 0.000000
Loop is running, OTA handle is active...
DATA: dry_enclosure: ✅ PID_P: -0.014658
DATA: dry_enclosure: ✅ PID_I: 157.038559
DATA: dry_enclosure: ✅ PID_D: 0.000000
DATA: dry_enclosure: ✅ Sensor_4: temperature: 26.04 °C | humidity: 23.10 %RH
DATA: dry_enclosure: ✅ PID_P: -0.014762
DATA: dry_enclosure: ✅ PID_I: 157.021866
DATA: dry_enclosure: ✅ PID_D: -0.000092
DATA: dry_enclosure: ✅ PID_P: -0.014762
DATA: dry_enclosure: ✅ PID_I: 157.007111
DATA: dry_enclosure: ✅ PID_D: 0.000000
[ID 5] Error: 0xE2
DATA: dry_enclosure: ✅ PID_P: -0.014762
DATA: dry_enclosure: ✅ PID_I: 156.902039
DATA: dry_enclosure: ✅ PID_D: 0.000000
DATA: dry_enclosure: ✅ Fan_1: 1
DATA: dry_enclosure: ✅ Fan_2: 1
DATA: dry_enclosure: ✅ Fan_3: 1
DATA: dry_enclosure: ✅ Fan_4: 1
DATA: dry_enclosure: ✅ Fan_5: 1
DATA: dry_enclosure: ✅ Fan_6: 1
DATA: dry_enclosure: ✅ Fan_7: 1
DATA: dry_enclosure: ✅ Fan_8: 1
DATA: dry_enclosure: ✅ Fan_9: 1
DATA: dry_enclosure: ✅ Fan_10: 1
DATA: dry_enclosure: ✅ Fan_11: 1
DATA: dry_enclosure: ✅ Fan_12: 1
DATA: dry_enclosure: ✅ Heater_Percent: 0.0 %
DATA: dry_enclosure: ✅ Dehumidifier_Percent: 42.3 %RH
Loop is running, OTA handle is active...
DATA: dry_enclosure: ✅ PID_P: -0.014762
DATA: dry_enclosure: ✅ PID_I: 156.887283
DATA: dry_enclosure: ✅ PID_D: 0.000000
DATA: dry_enclosure: ✅ PID_P: -0.014762
DATA: dry_enclosure: ✅ PID_I: 156.872528
DATA: dry_enclosure: ✅ PID_D: 0.000000
DATA: dry_enclosure: ✅ Sensor_6: temperature: 26.41 °C | humidity: 23.70 %RH
DATA: dry_enclosure: ✅ PID_P: -0.014866
DATA: dry_enclosure: ✅ PID_I: 156.857666
DATA: dry_enclosure: ✅ PID_D: -0.000104
DATA: dry_enclosure: ✅ PID_P: -0.014866
DATA: dry_enclosure: ✅ PID_I: 156.842804
DATA: dry_enclosure: ✅ PID_D: 0.000000
DATA: dry_enclosure: ✅ Sensor_7: temperature: 26.97 °C | humidity: 21.80 %RH
DATA: dry_enclosure: ✅ PID_P: -0.014971
DATA: dry_enclosure: ✅ PID_I: 156.827835
DATA: dry_enclosure: ✅ PID_D: -0.000105
Loop is running, OTA handle is active...
DATA: dry_enclosure: ✅ PID_P: -0.014971
DATA: dry_enclosure: ✅ PID_I: 156.812866
DATA: dry_enclosure: ✅ PID_D: 0.000000
DATA: dry_enclosure: ✅ Sensor_8: temperature: 26.23 °C | humidity: 22.60 %RH
DATA: dry_enclosure: ✅ PID_P: -0.015075
DATA: dry_enclosure: ✅ PID_I: 156.797791
DATA: dry_enclosure: ✅ PID_D: -0.000104
DATA: dry_enclosure: ✅ PID_P: -0.015075
DATA: dry_enclosure: ✅ PID_I: 156.782715
DATA: dry_enclosure: ✅ PID_D: 0.000000
DATA: dry_enclosure: ✅ Sensor_9: temperature: 26.51 °C | humidity: 22.10 %RH
DATA: dry_enclosure: ✅ PID_P: -0.015179
DATA: dry_enclosure: ✅ PID_I: 156.767532
DATA: dry_enclosure: ✅ PID_D: -0.000104
DATA: dry_enclosure: ✅ PID_P: -0.015179
DATA: dry_enclosure: ✅ PID_I: 156.752350
DATA: dry_enclosure: ✅ PID_D: 0.000000
Loop is running, OTA handle is active...
DATA: dry_enclosure: ✅ Sensor_1: temperature: 26.32 °C | humidity: 23.80 %RH
DATA: dry_enclosure: ✅ PID_P: -0.015283
DATA: dry_enclosure: ✅ PID_I: 156.737061
DATA: dry_enclosure: ✅ PID_D: -0.000104
DATA: dry_enclosure: ✅ PID_P: -0.015283
DATA: dry_enclosure: ✅ PID_I: 156.721771
DATA: dry_enclosure: ✅ PID_D: 0.000000
DATA: dry_enclosure: ✅ Sensor_2: temperature: 26.97 °C | humidity: 23.20 %RH
DATA: dry_enclosure: ✅ PID_P: -0.015387
DATA: dry_enclosure: ✅ PID_I: 156.706390
DATA: dry_enclosure: ✅ PID_D: -0.000104
DATA: dry_enclosure: ✅ PID_P: -0.015387
DATA: dry_enclosure: ✅ PID_I: 156.691010
DATA: dry_enclosure: ✅ PID_D: 0.000000
[ID 3] Error: 0xE2
DATA: dry_enclosure: ✅ PID_P: -0.015387
DATA: dry_enclosure: ✅ PID_I: 156.585587
DATA: dry_enclosure: ✅ PID_D: 0.000000
Loop is running, OTA handle is active...
DATA: dry_enclosure: ✅ PID_P: -0.015387
DATA: dry_enclosure: ✅ PID_I: 156.570206
DATA: dry_enclosure: ✅ PID_D: 0.000000
DATA: dry_enclosure: ✅ Sensor_4: temperature: 26.13 °C | humidity: 22.90 %RH
DATA: dry_enclosure: ✅ PID_P: -0.015596
DATA: dry_enclosure: ✅ PID_I: 156.552612
DATA: dry_enclosure: ✅ PID_D: -0.000185
DATA: dry_enclosure: ✅ PID_P: -0.015596
DATA: dry_enclosure: ✅ PID_I: 156.537018
DATA: dry_enclosure: ✅ PID_D: 0.000000
[ID 5] Error: 0xE2
DATA: dry_enclosure: ✅ PID_P: -0.015596
DATA: dry_enclosure: ✅ PID_I: 156.426025
DATA: dry_enclosure: ✅ PID_D: 0.000000
DATA: dry_enclosure: ✅ Fan_1: 1
DATA: dry_enclosure: ✅ Fan_2: 1
DATA: dry_enclosure: ✅ Fan_3: 1
DATA: dry_enclosure: ✅ Fan_4: 1
DATA: dry_enclosure: ✅ Fan_5: 1
DATA: dry_enclosure: ✅ Fan_6: 1
DATA: dry_enclosure: ✅ Fan_7: 1
DATA: dry_enclosure: ✅ Fan_8: 1
DATA: dry_enclosure: ✅ Fan_9: 1
DATA: dry_enclosure: ✅ Fan_10: 1
DATA: dry_enclosure: ✅ Fan_11: 1
DATA: dry_enclosure: ✅ Fan_12: 1
DATA: dry_enclosure: ✅ Heater_Percent: 0.0 %
DATA: dry_enclosure: ✅ Dehumidifier_Percent: 42.2 %RH
Loop is running, OTA handle is active...
DATA: dry_enclosure: ✅ PID_P: -0.015596
DATA: dry_enclosure: ✅ PID_I: 156.410431
DATA: dry_enclosure: ✅ PID_D: 0.000000
DATA: dry_enclosure: ✅ Sensor_6: temperature: 26.51 °C | humidity: 23.60 %RH
DATA: dry_enclosure: ✅ PID_P: -0.015700
DATA: dry_enclosure: ✅ PID_I: 156.392609
DATA: dry_enclosure: ✅ PID_D: -0.000092
DATA: dry_enclosure: ✅ PID_P: -0.015700
DATA: dry_enclosure: ✅ PID_I: 156.376907
DATA: dry_enclosure: ✅ PID_D: 0.000000
DATA: dry_enclosure: ✅ Sensor_7: temperature: 27.07 °C | humidity: 21.70 %RH
DATA: dry_enclosure: ✅ PID_P: -0.015804
DATA: dry_enclosure: ✅ PID_I: 156.359314
DATA: dry_enclosure: ✅ PID_D: -0.000093
Loop is running, OTA handle is active...
DATA: dry_enclosure: ✅ PID_P: -0.015804
DATA: dry_enclosure: ✅ PID_I: 156.343506
DATA: dry_enclosure: ✅ PID_D: 0.000000
DATA: dry_enclosure: ✅ Sensor_8: temperature: 26.32 °C | humidity: 22.50 %RH
DATA: dry_enclosure: ✅ PID_P: -0.015908
DATA: dry_enclosure: ✅ PID_I: 156.325378
DATA: dry_enclosure: ✅ PID_D: -0.000091
DATA: dry_enclosure: ✅ PID_P: -0.015908
DATA: dry_enclosure: ✅ PID_I: 156.309464
DATA: dry_enclosure: ✅ PID_D: 0.000000
DATA: dry_enclosure: ✅ PID_P: -0.015908
DATA: dry_enclosure: ✅ PID_I: 156.293549
DATA: dry_enclosure: ✅ PID_D: 0.000000
DATA: dry_enclosure: ✅ Sensor_9: temperature: 26.51 °C | humidity: 22.10 %RH
DATA: dry_enclosure: ✅ PID_P: -0.015908
DATA: dry_enclosure: ✅ PID_I: 156.277634
DATA: dry_enclosure: ✅ PID_D: 0.000000
Loop is running, OTA handle is active...
DATA: dry_enclosure: ✅ PID_P: -0.015908
DATA: dry_enclosure: ✅ PID_I: 156.261719
DATA: dry_enclosure: ✅ PID_D: 0.000000
DATA: dry_enclosure: ✅ Sensor_1: temperature: 26.41 °C | humidity: 23.70 %RH
DATA: dry_enclosure: ✅ PID_P: -0.016012
DATA: dry_enclosure: ✅ PID_I: 156.245712
DATA: dry_enclosure: ✅ PID_D: -0.000104
DATA: dry_enclosure: ✅ PID_P: -0.016012
DATA: dry_enclosure: ✅ PID_I: 156.229706
DATA: dry_enclosure: ✅ PID_D: 0.000000
DATA: dry_enclosure: ✅ Sensor_2: temperature: 26.97 °C | humidity: 23.10 %RH
DATA: dry_enclosure: ✅ PID_P: -0.016116
DATA: dry_enclosure: ✅ PID_I: 156.213593
DATA: dry_enclosure: ✅ PID_D: -0.000105
DATA: dry_enclosure: ✅ PID_P: -0.016116
DATA: dry_enclosure: ✅ PID_I: 156.197479
DATA: dry_enclosure: ✅ PID_D: 0.000000
[ID 3] Error: 0xE2
DATA: dry_enclosure: ✅ PID_P: -0.016116
DATA: dry_enclosure: ✅ PID_I: 156.093292
DATA: dry_enclosure: ✅ PID_D: 0.000000
Loop is running, OTA handle is active...
DATA: dry_enclosure: ✅ PID_P: -0.016116
DATA: dry_enclosure: ✅ PID_I: 156.077179
DATA: dry_enclosure: ✅ PID_D: 0.000000
DATA: dry_enclosure: ✅ Sensor_4: temperature: 26.23 °C | humidity: 22.90 %RH
DATA: dry_enclosure: ✅ PID_P: -0.016116
DATA: dry_enclosure: ✅ PID_I: 156.058990
DATA: dry_enclosure: ✅ PID_D: 0.000001
DATA: dry_enclosure: ✅ PID_P: -0.016116
DATA: dry_enclosure: ✅ PID_I: 156.042877
DATA: dry_enclosure: ✅ PID_D: 0.000000
[ID 5] Error: 0xE2
DATA: dry_enclosure: ✅ PID_P: -0.016116
DATA: dry_enclosure: ✅ PID_I: 155.928177
DATA: dry_enclosure: ✅ PID_D: 0.000000
DATA: dry_enclosure: ✅ Fan_1: 1
DATA: dry_enclosure: ✅ Fan_2: 1
DATA: dry_enclosure: ✅ Fan_3: 1
DATA: dry_enclosure: ✅ Fan_4: 1
DATA: dry_enclosure: ✅ Fan_5: 1
DATA: dry_enclosure: ✅ Fan_6: 1
DATA: dry_enclosure: ✅ Fan_7: 1
DATA: dry_enclosure: ✅ Fan_8: 1
DATA: dry_enclosure: ✅ Fan_9: 1
DATA: dry_enclosure: ✅ Fan_10: 1
DATA: dry_enclosure: ✅ Fan_11: 1
DATA: dry_enclosure: ✅ Fan_12: 1
DATA: dry_enclosure: ✅ Heater_Percent: 0.0 %
DATA: dry_enclosure: ✅ Dehumidifier_Percent: 42.0 %RH
Loop is running, OTA handle is active...
DATA: dry_enclosure: ✅ PID_P: -0.016116
DATA: dry_enclosure: ✅ PID_I: 155.912064
DATA: dry_enclosure: ✅ PID_D: 0.000000
DATA: dry_enclosure: ✅ Sensor_6: temperature: 26.51 °C | humidity: 23.60 %RH
DATA: dry_enclosure: ✅ PID_P: -0.016116
DATA: dry_enclosure: ✅ PID_I: 155.893585
DATA: dry_enclosure: ✅ PID_D: 0.000000
DATA: dry_enclosure: ✅ PID_P: -0.016116
DATA: dry_enclosure: ✅ PID_I: 155.877472
DATA: dry_enclosure: ✅ PID_D: 0.000000
DATA: dry_enclosure: ✅ Sensor_7: temperature: 27.07 °C | humidity: 21.70 %RH
DATA: dry_enclosure: ✅ PID_P: -0.016116
DATA: dry_enclosure: ✅ PID_I: 155.859375
DATA: dry_enclosure: ✅ PID_D: 0.000000
Loop is running, OTA handle is active...
DATA: dry_enclosure: ✅ PID_P: -0.016116
DATA: dry_enclosure: ✅ PID_I: 155.843262
DATA: dry_enclosure: ✅ PID_D: 0.000000
DATA: dry_enclosure: ✅ PID_P: -0.016116
DATA: dry_enclosure: ✅ PID_I: 155.827148
DATA: dry_enclosure: ✅ PID_D: 0.000000
DATA: dry_enclosure: ✅ Sensor_8: temperature: 26.32 °C | humidity: 22.50 %RH
DATA: dry_enclosure: ✅ PID_P: -0.016116
DATA: dry_enclosure: ✅ PID_I: 155.811035
DATA: dry_enclosure: ✅ PID_D: 0.000000
DATA: dry_enclosure: ✅ PID_P: -0.016116
DATA: dry_enclosure: ✅ PID_I: 155.794922
DATA: dry_enclosure: ✅ PID_D: 0.000000
DATA: dry_enclosure: ✅ Sensor_9: temperature: 26.60 °C | humidity: 22.10 %RH
DATA: dry_enclosure: ✅ PID_P: -0.016115
DATA: dry_enclosure: ✅ PID_I: 155.778809
DATA: dry_enclosure: ✅ PID_D: 0.000001
Loop is running, OTA handle is active...
DATA: dry_enclosure: ✅ PID_P: -0.016115
DATA: dry_enclosure: ✅ PID_I: 155.762695
DATA: dry_enclosure: ✅ PID_D: 0.000000
DATA: dry_enclosure: ✅ Sensor_1: temperature: 26.51 °C | humidity: 23.90 %RH
DATA: dry_enclosure: ✅ PID_P: -0.015905
DATA: dry_enclosure: ✅ PID_I: 155.746796
DATA: dry_enclosure: ✅ PID_D: 0.000210
DATA: dry_enclosure: ✅ PID_P: -0.015905
DATA: dry_enclosure: ✅ PID_I: 155.730896
DATA: dry_enclosure: ✅ PID_D: 0.000000
DATA: dry_enclosure: ✅ Sensor_2: temperature: 27.07 °C | humidity: 23.40 %RH
DATA: dry_enclosure: ✅ PID_P: -0.015590
DATA: dry_enclosure: ✅ PID_I: 155.715302
DATA: dry_enclosure: ✅ PID_D: 0.000315
DATA: dry_enclosure: ✅ PID_P: -0.015590
DATA: dry_enclosure: ✅ PID_I: 155.699707
DATA: dry_enclosure: ✅ PID_D: 0.000000
[ID 3] Error: 0xE2
DATA: dry_enclosure: ✅ PID_P: -0.015590
DATA: dry_enclosure: ✅ PID_I: 155.596558
DATA: dry_enclosure: ✅ PID_D: 0.000000
Loop is running, OTA handle is active...
DATA: dry_enclosure: ✅ PID_P: -0.015590
DATA: dry_enclosure: ✅ PID_I: 155.580963
DATA: dry_enclosure: ✅ PID_D: 0.000000
DATA: dry_enclosure: ✅ PID_P: -0.015590
DATA: dry_enclosure: ✅ PID_I: 155.565369
DATA: dry_enclosure: ✅ PID_D: 0.000000
DATA: dry_enclosure: ✅ Sensor_4: temperature: 26.23 °C | humidity: 24.30 %RH
DATA: dry_enclosure: ✅ PID_P: -0.014125
DATA: dry_enclosure: ✅ PID_I: 155.551239
DATA: dry_enclosure: ✅ PID_D: 0.001465
DATA: dry_enclosure: ✅ PID_P: -0.014125
DATA: dry_enclosure: ✅ PID_I: 155.537109
DATA: dry_enclosure: ✅ PID_D: 0.000000
[ID 5] Error: 0xE2
DATA: dry_enclosure: ✅ PID_P: -0.014125
DATA: dry_enclosure: ✅ PID_I: 155.448929
DATA: dry_enclosure: ✅ PID_D: 0.000000
DATA: dry_enclosure: ✅ Fan_1: 1
DATA: dry_enclosure: ✅ Fan_2: 1
DATA: dry_enclosure: ✅ Fan_3: 1
DATA: dry_enclosure: ✅ Fan_4: 1
DATA: dry_enclosure: ✅ Fan_5: 1
DATA: dry_enclosure: ✅ Fan_6: 1
DATA: dry_enclosure: ✅ Fan_7: 1
DATA: dry_enclosure: ✅ Fan_8: 1
DATA: dry_enclosure: ✅ Fan_9: 1
DATA: dry_enclosure: ✅ Fan_10: 1
DATA: dry_enclosure: ✅ Fan_11: 1
DATA: dry_enclosure: ✅ Fan_12: 1
DATA: dry_enclosure: ✅ Heater_Percent: 0.0 %
DATA: dry_enclosure: ✅ Dehumidifier_Percent: 42.0 %RH
Loop is running, OTA handle is active...
DATA: dry_enclosure: ✅ PID_P: -0.014125
DATA: dry_enclosure: ✅ PID_I: 155.434799
DATA: dry_enclosure: ✅ PID_D: 0.000000
DATA: dry_enclosure: ✅ Sensor_6: temperature: 26.60 °C | humidity: 25.00 %RH
DATA: dry_enclosure: ✅ PID_P: -0.012660
DATA: dry_enclosure: ✅ PID_I: 155.420044
DATA: dry_enclosure: ✅ PID_D: 0.001258
DATA: dry_enclosure: ✅ PID_P: -0.012660
DATA: dry_enclosure: ✅ PID_I: 155.407379
DATA: dry_enclosure: ✅ PID_D: 0.000000
DATA: dry_enclosure: ✅ Sensor_7: temperature: 27.16 °C | humidity: 23.10 %RH
DATA: dry_enclosure: ✅ PID_P: -0.011195
DATA: dry_enclosure: ✅ PID_I: 155.395126
DATA: dry_enclosure: ✅ PID_D: 0.001338
Loop is running, OTA handle is active...
DATA: dry_enclosure: ✅ PID_P: -0.011195
DATA: dry_enclosure: ✅ PID_I: 155.383926
DATA: dry_enclosure: ✅ PID_D: 0.000000
DATA: dry_enclosure: ✅ Sensor_8: temperature: 26.41 °C | humidity: 24.00 %RH
DATA: dry_enclosure: ✅ PID_P: -0.009625
DATA: dry_enclosure: ✅ PID_I: 155.373245
DATA: dry_enclosure: ✅ PID_D: 0.001415
DATA: dry_enclosure: ✅ PID_P: -0.009625
DATA: dry_enclosure: ✅ PID_I: 155.363617
DATA: dry_enclosure: ✅ PID_D: 0.000000
DATA: dry_enclosure: ✅ Sensor_9: temperature: 26.69 °C | humidity: 23.50 %RH
DATA: dry_enclosure: ✅ PID_P: -0.008160
DATA: dry_enclosure: ✅ PID_I: 155.354324
DATA: dry_enclosure: ✅ PID_D: 0.001287
DATA: dry_enclosure: ✅ PID_P: -0.008160
DATA: dry_enclosure: ✅ PID_I: 155.346161
DATA: dry_enclosure: ✅ PID_D: 0.000000
Loop is running, OTA handle is active...
DATA: dry_enclosure: ✅ Sensor_1: temperature: 26.51 °C | humidity: 25.20 %RH
DATA: dry_enclosure: ✅ PID_P: -0.006800
DATA: dry_enclosure: ✅ PID_I: 155.338470
DATA: dry_enclosure: ✅ PID_D: 0.001201
DATA: dry_enclosure: ✅ PID_P: -0.006800
DATA: dry_enclosure: ✅ PID_I: 155.331665
DATA: dry_enclosure: ✅ PID_D: 0.000000
DATA: dry_enclosure: ✅ Sensor_2: temperature: 27.07 °C | humidity: 24.40 %RH
DATA: dry_enclosure: ✅ PID_P: -0.005754
DATA: dry_enclosure: ✅ PID_I: 155.325134
DATA: dry_enclosure: ✅ PID_D: 0.000923
DATA: dry_enclosure: ✅ PID_P: -0.005754
DATA: dry_enclosure: ✅ PID_I: 155.319382
DATA: dry_enclosure: ✅ PID_D: 0.000000
DATA: dry_enclosure: ✅ PID_P: -0.005754
DATA: dry_enclosure: ✅ PID_I: 155.313629
DATA: dry_enclosure: ✅ PID_D: 0.000000
[ID 3] Error: 0xE2
DATA: dry_enclosure: ✅ PID_P: -0.005754
DATA: dry_enclosure: ✅ PID_I: 155.278427
DATA: dry_enclosure: ✅ PID_D: 0.000000
Loop is running, OTA handle is active...
DATA: dry_enclosure: ✅ PID_P: -0.005754
DATA: dry_enclosure: ✅ PID_I: 155.272675
DATA: dry_enclosure: ✅ PID_D: 0.000000
DATA: dry_enclosure: ✅ PID_P: -0.005754
DATA: dry_enclosure: ✅ PID_I: 155.266922
DATA: dry_enclosure: ✅ PID_D: 0.000000
DATA: dry_enclosure: ✅ Sensor_4: temperature: 26.32 °C | humidity: 24.30 %RH
DATA: dry_enclosure: ✅ PID_P: -0.005754
DATA: dry_enclosure: ✅ PID_I: 155.261169
DATA: dry_enclosure: ✅ PID_D: 0.000000
DATA: dry_enclosure: ✅ PID_P: -0.005754
DATA: dry_enclosure: ✅ PID_I: 155.255417
DATA: dry_enclosure: ✅ PID_D: 0.000000
